[   57021ms] [WARNING] Error with Permissions-Policy header: Unrecognized feature: 'join-ad-interest-group'. @ :0
[   57021ms] [WARNING] Error with Permissions-Policy header: Unrecognized feature: 'run-ad-auction'. @ :0
[   57992ms] [INFO] 🌐 i18next is made possible by our own product, Locize — consider powering your project with managed localization (AI, CDN, integrations): https://locize.com 💙 @ http://localhost:3119/assets/vendor-i18n-DQmZ8aYw.js:0
[   80520ms] [ERROR] Applying inline style violates the following Content Security Policy directive 'style-src-elem 'self' https://fonts.googleapis.com 'sha256-eC/LYFbFX0VPdH107k2WfWKmpi4owBWgEs9oH9HVTeI=' local.adguard.org 'unsafe-inline' 'nonce-8928e7a6f1b143faad8a1019e16''. Note that 'unsafe-inline' is ignored if either a hash or nonce value is present in the source list. The action has been blocked. @ http://localhost:3119/assets/index-BSD_ZAQJ.js:1457
[   85304ms] [ERROR] Applying inline style violates the following Content Security Policy directive 'style-src-elem 'self' https://fonts.googleapis.com 'sha256-eC/LYFbFX0VPdH107k2WfWKmpi4owBWgEs9oH9HVTeI=' local.adguard.org 'unsafe-inline' 'nonce-8928e7a6f1b143faad8a1019e16''. Note that 'unsafe-inline' is ignored if either a hash or nonce value is present in the source list. The action has been blocked. @ http://localhost:3119/assets/index-BSD_ZAQJ.js:1458
[  126709ms] [ERROR] Failed to load resource: the server responded with a status of 501 (Not Implemented) @ http://localhost:3119/api/v1/admin/rbac/matrix:0
[  126894ms] [ERROR] Failed to load resource: the server responded with a status of 501 (Not Implemented) @ http://localhost:3119/api/v1/admin/impersonate:0
[  126896ms] [ERROR] Failed to load resource: the server responded with a status of 503 (Service Unavailable) @ http://localhost:3119/api/v1/system/health:0
[  126897ms] [ERROR] Failed to load resource: the server responded with a status of 404 (Not Found) @ http://localhost:3119/api/v1/push/public-key:0
[  164840ms] [INFO] Banner not shown: beforeinstallpromptevent.preventDefault() called. The page must call beforeinstallpromptevent.prompt() to show the banner. @ http://localhost:3119/driving-dynamics?drive=1:0
[  170712ms] [ERROR] Failed to load resource: the server responded with a status of 501 (Not Implemented) @ http://localhost:3119/api/v1/admin/rbac/matrix:0
[  170713ms] [ERROR] Failed to load resource: the server responded with a status of 404 (Not Found) @ http://localhost:3119/api/v1/push/public-key:0
[  170714ms] [ERROR] Failed to load resource: the server responded with a status of 501 (Not Implemented) @ http://localhost:3119/api/v1/admin/impersonate:0
[  182461ms] [ERROR] Failed to load resource: the server responded with a status of 503 (Service Unavailable) @ http://localhost:3119/api/v1/system/health:0
[  185210ms] [ERROR] Failed to load resource: the server responded with a status of 501 (Not Implemented) @ http://localhost:3119/api/v1/admin/rbac/matrix:0
[  185211ms] [ERROR] Failed to load resource: the server responded with a status of 501 (Not Implemented) @ http://localhost:3119/api/v1/admin/impersonate:0
[  186460ms] [ERROR] Failed to load resource: the server responded with a status of 501 (Not Implemented) @ http://localhost:3119/api/v1/admin/rbac/matrix:0
[  186460ms] [ERROR] Failed to load resource: the server responded with a status of 501 (Not Implemented) @ http://localhost:3119/api/v1/admin/impersonate:0
[  251539ms] [ERROR] Failed to load resource: the server responded with a status of 503 (Service Unavailable) @ http://localhost:3119/api/v1/system/health:0
[  251539ms] [ERROR] Failed to load resource: the server responded with a status of 501 (Not Implemented) @ http://localhost:3119/api/v1/admin/impersonate:0
[  295442ms] [ERROR] Failed to load resource: the server responded with a status of 501 (Not Implemented) @ http://localhost:3119/api/v1/admin/impersonate:0
[  320087ms] [ERROR] Failed to load resource: the server responded with a status of 501 (Not Implemented) @ http://localhost:3119/api/v1/admin/impersonate:0
[  327220ms] [ERROR] Failed to load resource: the server responded with a status of 503 (Service Unavailable) @ http://localhost:3119/api/v1/system/health:0
[  327397ms] [ERROR] Failed to load resource: the server responded with a status of 501 (Not Implemented) @ http://localhost:3119/api/v1/admin/impersonate:0
[  370030ms] [ERROR] Failed to load resource: the server responded with a status of 503 (Service Unavailable) @ http://localhost:3119/api/v1/system/health:0
[  370032ms] [ERROR] Failed to load resource: the server responded with a status of 501 (Not Implemented) @ http://localhost:3119/api/v1/admin/impersonate:0
[  372859ms] [ERROR] Failed to load resource: the server responded with a status of 501 (Not Implemented) @ http://localhost:3119/api/v1/admin/impersonate:0
[  390570ms] [WARNING] Error with Permissions-Policy header: Unrecognized feature: 'join-ad-interest-group'. @ :0
[  390570ms] [WARNING] Error with Permissions-Policy header: Unrecognized feature: 'run-ad-auction'. @ :0
[  390993ms] [INFO] 🌐 i18next is made possible by our own product, Locize — consider powering your project with managed localization (AI, CDN, integrations): https://locize.com 💙 @ http://localhost:3119/assets/vendor-i18n-DQmZ8aYw.js:0
[  407857ms] [ERROR] Applying inline style violates the following Content Security Policy directive 'style-src-elem 'self' https://fonts.googleapis.com 'sha256-eC/LYFbFX0VPdH107k2WfWKmpi4owBWgEs9oH9HVTeI=' local.adguard.org 'unsafe-inline' 'nonce-8928e7a6f1b143faad8a1019e16''. Note that 'unsafe-inline' is ignored if either a hash or nonce value is present in the source list. The action has been blocked. @ http://localhost:3119/assets/index-BSD_ZAQJ.js:1457
[  409019ms] [ERROR] Applying inline style violates the following Content Security Policy directive 'style-src-elem 'self' https://fonts.googleapis.com 'sha256-eC/LYFbFX0VPdH107k2WfWKmpi4owBWgEs9oH9HVTeI=' local.adguard.org 'unsafe-inline' 'nonce-8928e7a6f1b143faad8a1019e16''. Note that 'unsafe-inline' is ignored if either a hash or nonce value is present in the source list. The action has been blocked. @ http://localhost:3119/assets/index-BSD_ZAQJ.js:1458
[  422601ms] [ERROR] Failed to load resource: the server responded with a status of 501 (Not Implemented) @ http://localhost:3119/api/v1/admin/rbac/matrix:0
[  422664ms] [ERROR] Failed to load resource: the server responded with a status of 503 (Service Unavailable) @ http://localhost:3119/api/v1/system/health:0
[  422664ms] [ERROR] Failed to load resource: the server responded with a status of 501 (Not Implemented) @ http://localhost:3119/api/v1/admin/impersonate:0
[  422751ms] [ERROR] Failed to load resource: the server responded with a status of 404 (Not Found) @ http://localhost:3119/api/v1/push/public-key:0
[  432672ms] [ERROR] Failed to load resource: the server responded with a status of 501 (Not Implemented) @ http://localhost:3119/api/v1/admin/rbac/matrix:0
[  434139ms] [ERROR] Failed to load resource: the server responded with a status of 501 (Not Implemented) @ http://localhost:3119/api/v1/admin/impersonate:0
[  434140ms] [ERROR] Failed to load resource: the server responded with a status of 404 (Not Found) @ http://localhost:3119/api/v1/push/public-key:0
[  443455ms] [INFO] Banner not shown: beforeinstallpromptevent.preventDefault() called. The page must call beforeinstallpromptevent.prompt() to show the banner. @ http://localhost:3119/driving-dynamics?drive=1:0
[  467504ms] [ERROR] Failed to load resource: the server responded with a status of 503 (Service Unavailable) @ http://localhost:3119/api/v1/system/health:0
[  477037ms] [ERROR] Failed to load resource: the server responded with a status of 501 (Not Implemented) @ http://localhost:3119/api/v1/admin/impersonate:0
[  477410ms] [ERROR] Failed to load resource: the server responded with a status of 501 (Not Implemented) @ http://localhost:3119/api/v1/admin/impersonate:0
[  518170ms] [ERROR] Failed to load resource: the server responded with a status of 503 (Service Unavailable) @ http://localhost:3119/api/v1/system/health:0
[  518170ms] [ERROR] Failed to load resource: the server responded with a status of 501 (Not Implemented) @ http://localhost:3119/api/v1/admin/impersonate:0
[  518561ms] [ERROR] Failed to load resource: the server responded with a status of 501 (Not Implemented) @ http://localhost:3119/api/v1/admin/impersonate:0
[  548534ms] [ERROR] Failed to load resource: the server responded with a status of 503 (Service Unavailable) @ http://localhost:3119/api/v1/system/health:0
[  548656ms] [ERROR] Failed to load resource: the server responded with a status of 501 (Not Implemented) @ http://localhost:3119/api/v1/admin/impersonate:0
[  548664ms] [ERROR] Failed to load resource: the server responded with a status of 501 (Not Implemented) @ http://localhost:3119/api/v1/admin/impersonate:0
[  578552ms] [ERROR] Failed to load resource: the server responded with a status of 503 (Service Unavailable) @ http://localhost:3119/api/v1/system/health:0
[  578676ms] [ERROR] Failed to load resource: the server responded with a status of 501 (Not Implemented) @ http://localhost:3119/api/v1/admin/impersonate:0
[  578684ms] [ERROR] Failed to load resource: the server responded with a status of 501 (Not Implemented) @ http://localhost:3119/api/v1/admin/impersonate:0
[  608567ms] [ERROR] Failed to load resource: the server responded with a status of 503 (Service Unavailable) @ http://localhost:3119/api/v1/system/health:0
[  608695ms] [ERROR] Failed to load resource: the server responded with a status of 501 (Not Implemented) @ http://localhost:3119/api/v1/admin/impersonate:0
[  608703ms] [ERROR] Failed to load resource: the server responded with a status of 501 (Not Implemented) @ http://localhost:3119/api/v1/admin/impersonate:0
[  638597ms] [ERROR] Failed to load resource: the server responded with a status of 503 (Service Unavailable) @ http://localhost:3119/api/v1/system/health:0
[  638718ms] [ERROR] Failed to load resource: the server responded with a status of 501 (Not Implemented) @ http://localhost:3119/api/v1/admin/impersonate:0
[  638726ms] [ERROR] Failed to load resource: the server responded with a status of 501 (Not Implemented) @ http://localhost:3119/api/v1/admin/impersonate:0
[  656900ms] [ERROR] Applying inline style violates the following Content Security Policy directive 'style-src-elem 'self' https://fonts.googleapis.com 'sha256-eC/LYFbFX0VPdH107k2WfWKmpi4owBWgEs9oH9HVTeI=' local.adguard.org 'unsafe-inline' 'nonce-8928e7a6f1b143faad8a1019e16''. Note that 'unsafe-inline' is ignored if either a hash or nonce value is present in the source list. The action has been blocked. @ http://localhost:3119/assets/vendor-motion-C6oSLF0T.js:0
[  668622ms] [ERROR] Failed to load resource: the server responded with a status of 503 (Service Unavailable) @ http://localhost:3119/api/v1/system/health:0
[  668746ms] [ERROR] Failed to load resource: the server responded with a status of 501 (Not Implemented) @ http://localhost:3119/api/v1/admin/impersonate:0
[  668754ms] [ERROR] Failed to load resource: the server responded with a status of 501 (Not Implemented) @ http://localhost:3119/api/v1/admin/impersonate:0
[  698647ms] [ERROR] Failed to load resource: the server responded with a status of 503 (Service Unavailable) @ http://localhost:3119/api/v1/system/health:0
[  698776ms] [ERROR] Failed to load resource: the server responded with a status of 501 (Not Implemented) @ http://localhost:3119/api/v1/admin/impersonate:0
[  698785ms] [ERROR] Failed to load resource: the server responded with a status of 501 (Not Implemented) @ http://localhost:3119/api/v1/admin/impersonate:0
[  728666ms] [ERROR] Failed to load resource: the server responded with a status of 503 (Service Unavailable) @ http://localhost:3119/api/v1/system/health:0
[  728804ms] [ERROR] Failed to load resource: the server responded with a status of 501 (Not Implemented) @ http://localhost:3119/api/v1/admin/impersonate:0
[  728814ms] [ERROR] Failed to load resource: the server responded with a status of 501 (Not Implemented) @ http://localhost:3119/api/v1/admin/impersonate:0
[  758691ms] [ERROR] Failed to load resource: the server responded with a status of 503 (Service Unavailable) @ http://localhost:3119/api/v1/system/health:0
[  758828ms] [ERROR] Failed to load resource: the server responded with a status of 501 (Not Implemented) @ http://localhost:3119/api/v1/admin/impersonate:0
[  758836ms] [ERROR] Failed to load resource: the server responded with a status of 501 (Not Implemented) @ http://localhost:3119/api/v1/admin/impersonate:0
[  788714ms] [ERROR] Failed to load resource: the server responded with a status of 503 (Service Unavailable) @ http://localhost:3119/api/v1/system/health:0
[  788849ms] [ERROR] Failed to load resource: the server responded with a status of 501 (Not Implemented) @ http://localhost:3119/api/v1/admin/impersonate:0
[  788857ms] [ERROR] Failed to load resource: the server responded with a status of 501 (Not Implemented) @ http://localhost:3119/api/v1/admin/impersonate:0
[  818747ms] [ERROR] Failed to load resource: the server responded with a status of 503 (Service Unavailable) @ http://localhost:3119/api/v1/system/health:0
[  818880ms] [ERROR] Failed to load resource: the server responded with a status of 501 (Not Implemented) @ http://localhost:3119/api/v1/admin/impersonate:0
[  818890ms] [ERROR] Failed to load resource: the server responded with a status of 501 (Not Implemented) @ http://localhost:3119/api/v1/admin/impersonate:0
[  848797ms] [ERROR] Failed to load resource: the server responded with a status of 503 (Service Unavailable) @ http://localhost:3119/api/v1/system/health:0
[  848899ms] [ERROR] Failed to load resource: the server responded with a status of 501 (Not Implemented) @ http://localhost:3119/api/v1/admin/impersonate:0
[  848909ms] [ERROR] Failed to load resource: the server responded with a status of 501 (Not Implemented) @ http://localhost:3119/api/v1/admin/impersonate:0
[  878841ms] [ERROR] Failed to load resource: the server responded with a status of 503 (Service Unavailable) @ http://localhost:3119/api/v1/system/health:0
[  878929ms] [ERROR] Failed to load resource: the server responded with a status of 501 (Not Implemented) @ http://localhost:3119/api/v1/admin/impersonate:0
[  878936ms] [ERROR] Failed to load resource: the server responded with a status of 501 (Not Implemented) @ http://localhost:3119/api/v1/admin/impersonate:0
[  879261ms] [WARNING] Error with Permissions-Policy header: Unrecognized feature: 'join-ad-interest-group'. @ :0
[  879261ms] [WARNING] Error with Permissions-Policy header: Unrecognized feature: 'run-ad-auction'. @ :0
[  879529ms] [INFO] 🌐 i18next is made possible by our own product, Locize — consider powering your project with managed localization (AI, CDN, integrations): https://locize.com 💙 @ http://localhost:3119/assets/vendor-i18n-DQmZ8aYw.js:0
[  879663ms] [ERROR] Applying inline style violates the following Content Security Policy directive 'style-src-elem 'self' https://fonts.googleapis.com 'sha256-eC/LYFbFX0VPdH107k2WfWKmpi4owBWgEs9oH9HVTeI=' local.adguard.org 'unsafe-inline' 'nonce-8928e7a6f1b143faad8a1019e16''. Note that 'unsafe-inline' is ignored if either a hash or nonce value is present in the source list. The action has been blocked. @ http://localhost:3119/assets/index-BSD_ZAQJ.js:1457
[  879669ms] [ERROR] Applying inline style violates the following Content Security Policy directive 'style-src-elem 'self' https://fonts.googleapis.com 'sha256-eC/LYFbFX0VPdH107k2WfWKmpi4owBWgEs9oH9HVTeI=' local.adguard.org 'unsafe-inline' 'nonce-8928e7a6f1b143faad8a1019e16''. Note that 'unsafe-inline' is ignored if either a hash or nonce value is present in the source list. The action has been blocked. @ http://localhost:3119/assets/index-BSD_ZAQJ.js:1458
[  879742ms] [ERROR] Failed to load resource: the server responded with a status of 501 (Not Implemented) @ http://localhost:3119/api/v1/admin/rbac/matrix:0
[  879743ms] [ERROR] Failed to load resource: the server responded with a status of 501 (Not Implemented) @ http://localhost:3119/api/v1/admin/impersonate:0
[  879744ms] [ERROR] Failed to load resource: the server responded with a status of 503 (Service Unavailable) @ http://localhost:3119/api/v1/system/health:0
[  879744ms] [ERROR] Failed to load resource: the server responded with a status of 404 (Not Found) @ http://localhost:3119/api/v1/push/public-key:0
[  879832ms] [ERROR] Failed to load resource: the server responded with a status of 501 (Not Implemented) @ http://localhost:3119/api/v1/admin/rbac/matrix:0
[  879832ms] [ERROR] Failed to load resource: the server responded with a status of 501 (Not Implemented) @ http://localhost:3119/api/v1/admin/impersonate:0
[  879833ms] [ERROR] Failed to load resource: the server responded with a status of 404 (Not Found) @ http://localhost:3119/api/v1/push/public-key:0
[  879837ms] [INFO] Banner not shown: beforeinstallpromptevent.preventDefault() called. The page must call beforeinstallpromptevent.prompt() to show the banner. @ http://localhost:3119/drives/1:0
[  903283ms] [WARNING] Error with Permissions-Policy header: Unrecognized feature: 'join-ad-interest-group'. @ :0
[  903283ms] [WARNING] Error with Permissions-Policy header: Unrecognized feature: 'run-ad-auction'. @ :0
[  903484ms] [INFO] 🌐 i18next is made possible by our own product, Locize — consider powering your project with managed localization (AI, CDN, integrations): https://locize.com 💙 @ http://localhost:3119/assets/vendor-i18n-DQmZ8aYw.js:0
[  903540ms] [ERROR] Applying inline style violates the following Content Security Policy directive 'style-src-elem 'self' https://fonts.googleapis.com 'sha256-eC/LYFbFX0VPdH107k2WfWKmpi4owBWgEs9oH9HVTeI=' local.adguard.org 'unsafe-inline' 'nonce-8928e7a6f1b143faad8a1019e16''. Note that 'unsafe-inline' is ignored if either a hash or nonce value is present in the source list. The action has been blocked. @ http://localhost:3119/assets/index-BSD_ZAQJ.js:1457
[  903545ms] [ERROR] Applying inline style violates the following Content Security Policy directive 'style-src-elem 'self' https://fonts.googleapis.com 'sha256-eC/LYFbFX0VPdH107k2WfWKmpi4owBWgEs9oH9HVTeI=' local.adguard.org 'unsafe-inline' 'nonce-8928e7a6f1b143faad8a1019e16''. Note that 'unsafe-inline' is ignored if either a hash or nonce value is present in the source list. The action has been blocked. @ http://localhost:3119/assets/index-BSD_ZAQJ.js:1458
[  903613ms] [ERROR] Failed to load resource: the server responded with a status of 501 (Not Implemented) @ http://localhost:3119/api/v1/admin/rbac/matrix:0
[  903613ms] [ERROR] Failed to load resource: the server responded with a status of 501 (Not Implemented) @ http://localhost:3119/api/v1/admin/impersonate:0
[  903614ms] [ERROR] Failed to load resource: the server responded with a status of 503 (Service Unavailable) @ http://localhost:3119/api/v1/system/health:0
[  903614ms] [ERROR] Failed to load resource: the server responded with a status of 404 (Not Found) @ http://localhost:3119/api/v1/push/public-key:0
[  903689ms] [ERROR] Failed to load resource: the server responded with a status of 501 (Not Implemented) @ http://localhost:3119/api/v1/admin/rbac/matrix:0
[  903689ms] [ERROR] Failed to load resource: the server responded with a status of 501 (Not Implemented) @ http://localhost:3119/api/v1/admin/impersonate:0
[  903690ms] [ERROR] Failed to load resource: the server responded with a status of 404 (Not Found) @ http://localhost:3119/api/v1/push/public-key:0
[  903710ms] [INFO] Banner not shown: beforeinstallpromptevent.preventDefault() called. The page must call beforeinstallpromptevent.prompt() to show the banner. @ http://localhost:3119/battery/health:0
[  933678ms] [ERROR] Failed to load resource: the server responded with a status of 503 (Service Unavailable) @ http://localhost:3119/api/v1/system/health:0
[  933720ms] [ERROR] Failed to load resource: the server responded with a status of 501 (Not Implemented) @ http://localhost:3119/api/v1/admin/impersonate:0
[  933729ms] [ERROR] Failed to load resource: the server responded with a status of 501 (Not Implemented) @ http://localhost:3119/api/v1/admin/impersonate:0
[  963701ms] [ERROR] Failed to load resource: the server responded with a status of 503 (Service Unavailable) @ http://localhost:3119/api/v1/system/health:0
[  963747ms] [ERROR] Failed to load resource: the server responded with a status of 501 (Not Implemented) @ http://localhost:3119/api/v1/admin/impersonate:0
[  963759ms] [ERROR] Failed to load resource: the server responded with a status of 501 (Not Implemented) @ http://localhost:3119/api/v1/admin/impersonate:0
[  993721ms] [ERROR] Failed to load resource: the server responded with a status of 503 (Service Unavailable) @ http://localhost:3119/api/v1/system/health:0
[  993765ms] [ERROR] Failed to load resource: the server responded with a status of 501 (Not Implemented) @ http://localhost:3119/api/v1/admin/impersonate:0
[  993775ms] [ERROR] Failed to load resource: the server responded with a status of 501 (Not Implemented) @ http://localhost:3119/api/v1/admin/impersonate:0
[ 1023750ms] [ERROR] Failed to load resource: the server responded with a status of 503 (Service Unavailable) @ http://localhost:3119/api/v1/system/health:0
[ 1023784ms] [ERROR] Failed to load resource: the server responded with a status of 501 (Not Implemented) @ http://localhost:3119/api/v1/admin/impersonate:0
[ 1023792ms] [ERROR] Failed to load resource: the server responded with a status of 501 (Not Implemented) @ http://localhost:3119/api/v1/admin/impersonate:0
[ 1053779ms] [ERROR] Failed to load resource: the server responded with a status of 503 (Service Unavailable) @ http://localhost:3119/api/v1/system/health:0
[ 1053801ms] [ERROR] Failed to load resource: the server responded with a status of 501 (Not Implemented) @ http://localhost:3119/api/v1/admin/impersonate:0
[ 1053819ms] [ERROR] Failed to load resource: the server responded with a status of 501 (Not Implemented) @ http://localhost:3119/api/v1/admin/impersonate:0
[ 1064446ms] [ERROR] Applying inline style violates the following Content Security Policy directive 'style-src-elem 'self' https://fonts.googleapis.com 'sha256-eC/LYFbFX0VPdH107k2WfWKmpi4owBWgEs9oH9HVTeI=' local.adguard.org 'unsafe-inline' 'nonce-8928e7a6f1b143faad8a1019e16''. Note that 'unsafe-inline' is ignored if either a hash or nonce value is present in the source list. The action has been blocked. @ http://localhost:3119/assets/vendor-motion-C6oSLF0T.js:0
[ 1069599ms] [WARNING] Error with Permissions-Policy header: Unrecognized feature: 'join-ad-interest-group'. @ :0
[ 1069599ms] [WARNING] Error with Permissions-Policy header: Unrecognized feature: 'run-ad-auction'. @ :0
[ 1069782ms] [INFO] 🌐 i18next is made possible by our own product, Locize — consider powering your project with managed localization (AI, CDN, integrations): https://locize.com 💙 @ http://localhost:3119/assets/vendor-i18n-DQmZ8aYw.js:0
[ 1069832ms] [ERROR] Applying inline style violates the following Content Security Policy directive 'style-src-elem 'self' https://fonts.googleapis.com 'sha256-eC/LYFbFX0VPdH107k2WfWKmpi4owBWgEs9oH9HVTeI=' local.adguard.org 'unsafe-inline' 'nonce-8928e7a6f1b143faad8a1019e16''. Note that 'unsafe-inline' is ignored if either a hash or nonce value is present in the source list. The action has been blocked. @ http://localhost:3119/assets/index-BSD_ZAQJ.js:1457
[ 1069839ms] [ERROR] Applying inline style violates the following Content Security Policy directive 'style-src-elem 'self' https://fonts.googleapis.com 'sha256-eC/LYFbFX0VPdH107k2WfWKmpi4owBWgEs9oH9HVTeI=' local.adguard.org 'unsafe-inline' 'nonce-8928e7a6f1b143faad8a1019e16''. Note that 'unsafe-inline' is ignored if either a hash or nonce value is present in the source list. The action has been blocked. @ http://localhost:3119/assets/index-BSD_ZAQJ.js:1458
[ 1069897ms] [ERROR] Failed to load resource: the server responded with a status of 501 (Not Implemented) @ http://localhost:3119/api/v1/admin/rbac/matrix:0
[ 1069897ms] [ERROR] Failed to load resource: the server responded with a status of 503 (Service Unavailable) @ http://localhost:3119/api/v1/system/health:0
[ 1069898ms] [ERROR] Failed to load resource: the server responded with a status of 501 (Not Implemented) @ http://localhost:3119/api/v1/admin/impersonate:0
[ 1069899ms] [ERROR] Failed to load resource: the server responded with a status of 404 (Not Found) @ http://localhost:3119/api/v1/push/public-key:0
[ 1069987ms] [ERROR] Failed to load resource: the server responded with a status of 404 (Not Found) @ http://localhost:3119/api/v1/push/public-key:0
[ 1069988ms] [ERROR] Failed to load resource: the server responded with a status of 501 (Not Implemented) @ http://localhost:3119/api/v1/admin/impersonate:0
[ 1069988ms] [ERROR] Failed to load resource: the server responded with a status of 501 (Not Implemented) @ http://localhost:3119/api/v1/admin/rbac/matrix:0
[ 1070000ms] [INFO] Banner not shown: beforeinstallpromptevent.preventDefault() called. The page must call beforeinstallpromptevent.prompt() to show the banner. @ http://localhost:3119/drives/1:0
[ 1099967ms] [ERROR] Failed to load resource: the server responded with a status of 503 (Service Unavailable) @ http://localhost:3119/api/v1/system/health:0
[ 1100015ms] [ERROR] Failed to load resource: the server responded with a status of 501 (Not Implemented) @ http://localhost:3119/api/v1/admin/impersonate:0
[ 1100024ms] [ERROR] Failed to load resource: the server responded with a status of 501 (Not Implemented) @ http://localhost:3119/api/v1/admin/impersonate:0
[ 1129982ms] [ERROR] Failed to load resource: the server responded with a status of 503 (Service Unavailable) @ http://localhost:3119/api/v1/system/health:0
[ 1130043ms] [ERROR] Failed to load resource: the server responded with a status of 501 (Not Implemented) @ http://localhost:3119/api/v1/admin/impersonate:0
[ 1130052ms] [ERROR] Failed to load resource: the server responded with a status of 501 (Not Implemented) @ http://localhost:3119/api/v1/admin/impersonate:0
[ 1160017ms] [ERROR] Failed to load resource: the server responded with a status of 503 (Service Unavailable) @ http://localhost:3119/api/v1/system/health:0
[ 1160071ms] [ERROR] Failed to load resource: the server responded with a status of 501 (Not Implemented) @ http://localhost:3119/api/v1/admin/impersonate:0
[ 1160080ms] [ERROR] Failed to load resource: the server responded with a status of 501 (Not Implemented) @ http://localhost:3119/api/v1/admin/impersonate:0
[ 1190038ms] [ERROR] Failed to load resource: the server responded with a status of 503 (Service Unavailable) @ http://localhost:3119/api/v1/system/health:0
[ 1190099ms] [ERROR] Failed to load resource: the server responded with a status of 501 (Not Implemented) @ http://localhost:3119/api/v1/admin/impersonate:0
[ 1190107ms] [ERROR] Failed to load resource: the server responded with a status of 501 (Not Implemented) @ http://localhost:3119/api/v1/admin/impersonate:0
[ 1220064ms] [ERROR] Failed to load resource: the server responded with a status of 503 (Service Unavailable) @ http://localhost:3119/api/v1/system/health:0
[ 1220119ms] [ERROR] Failed to load resource: the server responded with a status of 501 (Not Implemented) @ http://localhost:3119/api/v1/admin/impersonate:0
[ 1220128ms] [ERROR] Failed to load resource: the server responded with a status of 501 (Not Implemented) @ http://localhost:3119/api/v1/admin/impersonate:0
[ 1250086ms] [ERROR] Failed to load resource: the server responded with a status of 503 (Service Unavailable) @ http://localhost:3119/api/v1/system/health:0
[ 1250141ms] [ERROR] Failed to load resource: the server responded with a status of 501 (Not Implemented) @ http://localhost:3119/api/v1/admin/impersonate:0
[ 1250149ms] [ERROR] Failed to load resource: the server responded with a status of 501 (Not Implemented) @ http://localhost:3119/api/v1/admin/impersonate:0
[ 1262666ms] [ERROR] Applying inline style violates the following Content Security Policy directive 'style-src-elem 'self' https://fonts.googleapis.com 'sha256-eC/LYFbFX0VPdH107k2WfWKmpi4owBWgEs9oH9HVTeI=' local.adguard.org 'unsafe-inline' 'nonce-8928e7a6f1b143faad8a1019e16''. Note that 'unsafe-inline' is ignored if either a hash or nonce value is present in the source list. The action has been blocked. @ http://localhost:3119/assets/vendor-motion-C6oSLF0T.js:0
[ 1280107ms] [ERROR] Failed to load resource: the server responded with a status of 503 (Service Unavailable) @ http://localhost:3119/api/v1/system/health:0
[ 1280164ms] [ERROR] Failed to load resource: the server responded with a status of 501 (Not Implemented) @ http://localhost:3119/api/v1/admin/impersonate:0
[ 1280172ms] [ERROR] Failed to load resource: the server responded with a status of 501 (Not Implemented) @ http://localhost:3119/api/v1/admin/impersonate:0
[ 1310122ms] [ERROR] Failed to load resource: the server responded with a status of 503 (Service Unavailable) @ http://localhost:3119/api/v1/system/health:0
[ 1310189ms] [ERROR] Failed to load resource: the server responded with a status of 501 (Not Implemented) @ http://localhost:3119/api/v1/admin/impersonate:0
[ 1310197ms] [ERROR] Failed to load resource: the server responded with a status of 501 (Not Implemented) @ http://localhost:3119/api/v1/admin/impersonate:0
[ 1340147ms] [ERROR] Failed to load resource: the server responded with a status of 503 (Service Unavailable) @ http://localhost:3119/api/v1/system/health:0
[ 1340219ms] [ERROR] Failed to load resource: the server responded with a status of 501 (Not Implemented) @ http://localhost:3119/api/v1/admin/impersonate:0
[ 1340229ms] [ERROR] Failed to load resource: the server responded with a status of 501 (Not Implemented) @ http://localhost:3119/api/v1/admin/impersonate:0
[ 1370160ms] [ERROR] Failed to load resource: the server responded with a status of 503 (Service Unavailable) @ http://localhost:3119/api/v1/system/health:0
[ 1370244ms] [ERROR] Failed to load resource: the server responded with a status of 501 (Not Implemented) @ http://localhost:3119/api/v1/admin/impersonate:0
[ 1370252ms] [ERROR] Failed to load resource: the server responded with a status of 501 (Not Implemented) @ http://localhost:3119/api/v1/admin/impersonate:0
[ 1400172ms] [ERROR] Failed to load resource: the server responded with a status of 503 (Service Unavailable) @ http://localhost:3119/api/v1/system/health:0
[ 1400265ms] [ERROR] Failed to load resource: the server responded with a status of 501 (Not Implemented) @ http://localhost:3119/api/v1/admin/impersonate:0
[ 1400273ms] [ERROR] Failed to load resource: the server responded with a status of 501 (Not Implemented) @ http://localhost:3119/api/v1/admin/impersonate:0
[ 1430199ms] [ERROR] Failed to load resource: the server responded with a status of 503 (Service Unavailable) @ http://localhost:3119/api/v1/system/health:0
[ 1430293ms] [ERROR] Failed to load resource: the server responded with a status of 501 (Not Implemented) @ http://localhost:3119/api/v1/admin/impersonate:0
[ 1430303ms] [ERROR] Failed to load resource: the server responded with a status of 501 (Not Implemented) @ http://localhost:3119/api/v1/admin/impersonate:0
[ 1460234ms] [ERROR] Failed to load resource: the server responded with a status of 503 (Service Unavailable) @ http://localhost:3119/api/v1/system/health:0
[ 1460314ms] [ERROR] Failed to load resource: the server responded with a status of 501 (Not Implemented) @ http://localhost:3119/api/v1/admin/impersonate:0
[ 1460321ms] [ERROR] Failed to load resource: the server responded with a status of 501 (Not Implemented) @ http://localhost:3119/api/v1/admin/impersonate:0
[ 1490251ms] [ERROR] Failed to load resource: the server responded with a status of 503 (Service Unavailable) @ http://localhost:3119/api/v1/system/health:0
[ 1490338ms] [ERROR] Failed to load resource: the server responded with a status of 501 (Not Implemented) @ http://localhost:3119/api/v1/admin/impersonate:0
[ 1490348ms] [ERROR] Failed to load resource: the server responded with a status of 501 (Not Implemented) @ http://localhost:3119/api/v1/admin/impersonate:0
[ 1520269ms] [ERROR] Failed to load resource: the server responded with a status of 503 (Service Unavailable) @ http://localhost:3119/api/v1/system/health:0
[ 1520363ms] [ERROR] Failed to load resource: the server responded with a status of 501 (Not Implemented) @ http://localhost:3119/api/v1/admin/impersonate:0
[ 1520371ms] [ERROR] Failed to load resource: the server responded with a status of 501 (Not Implemented) @ http://localhost:3119/api/v1/admin/impersonate:0
[ 1550281ms] [ERROR] Failed to load resource: the server responded with a status of 503 (Service Unavailable) @ http://localhost:3119/api/v1/system/health:0
[ 1550386ms] [ERROR] Failed to load resource: the server responded with a status of 501 (Not Implemented) @ http://localhost:3119/api/v1/admin/impersonate:0
[ 1550403ms] [ERROR] Failed to load resource: the server responded with a status of 501 (Not Implemented) @ http://localhost:3119/api/v1/admin/impersonate:0
[ 1580304ms] [ERROR] Failed to load resource: the server responded with a status of 503 (Service Unavailable) @ http://localhost:3119/api/v1/system/health:0
[ 1580432ms] [ERROR] Failed to load resource: the server responded with a status of 501 (Not Implemented) @ http://localhost:3119/api/v1/admin/impersonate:0
[ 1580441ms] [ERROR] Failed to load resource: the server responded with a status of 501 (Not Implemented) @ http://localhost:3119/api/v1/admin/impersonate:0
[ 1610321ms] [ERROR] Failed to load resource: the server responded with a status of 503 (Service Unavailable) @ http://localhost:3119/api/v1/system/health:0
[ 1610455ms] [ERROR] Failed to load resource: the server responded with a status of 501 (Not Implemented) @ http://localhost:3119/api/v1/admin/impersonate:0
[ 1610473ms] [ERROR] Failed to load resource: the server responded with a status of 501 (Not Implemented) @ http://localhost:3119/api/v1/admin/impersonate:0
[ 1640338ms] [ERROR] Failed to load resource: the server responded with a status of 503 (Service Unavailable) @ http://localhost:3119/api/v1/system/health:0
[ 1640486ms] [ERROR] Failed to load resource: the server responded with a status of 501 (Not Implemented) @ http://localhost:3119/api/v1/admin/impersonate:0
[ 1640496ms] [ERROR] Failed to load resource: the server responded with a status of 501 (Not Implemented) @ http://localhost:3119/api/v1/admin/impersonate:0
[ 1670353ms] [ERROR] Failed to load resource: the server responded with a status of 503 (Service Unavailable) @ http://localhost:3119/api/v1/system/health:0
[ 1670505ms] [ERROR] Failed to load resource: the server responded with a status of 501 (Not Implemented) @ http://localhost:3119/api/v1/admin/impersonate:0
[ 1670515ms] [ERROR] Failed to load resource: the server responded with a status of 501 (Not Implemented) @ http://localhost:3119/api/v1/admin/impersonate:0
[ 1700370ms] [ERROR] Failed to load resource: the server responded with a status of 503 (Service Unavailable) @ http://localhost:3119/api/v1/system/health:0
[ 1700538ms] [ERROR] Failed to load resource: the server responded with a status of 501 (Not Implemented) @ http://localhost:3119/api/v1/admin/impersonate:0
[ 1700561ms] [ERROR] Failed to load resource: the server responded with a status of 501 (Not Implemented) @ http://localhost:3119/api/v1/admin/impersonate:0
[ 1730381ms] [ERROR] Failed to load resource: the server responded with a status of 503 (Service Unavailable) @ http://localhost:3119/api/v1/system/health:0
[ 1730592ms] [ERROR] Failed to load resource: the server responded with a status of 501 (Not Implemented) @ http://localhost:3119/api/v1/admin/impersonate:0
[ 1730601ms] [ERROR] Failed to load resource: the server responded with a status of 501 (Not Implemented) @ http://localhost:3119/api/v1/admin/impersonate:0
[ 1760401ms] [ERROR] Failed to load resource: the server responded with a status of 503 (Service Unavailable) @ http://localhost:3119/api/v1/system/health:0
[ 1760627ms] [ERROR] Failed to load resource: the server responded with a status of 501 (Not Implemented) @ http://localhost:3119/api/v1/admin/impersonate:0
[ 1760637ms] [ERROR] Failed to load resource: the server responded with a status of 501 (Not Implemented) @ http://localhost:3119/api/v1/admin/impersonate:0
[ 1790430ms] [ERROR] Failed to load resource: the server responded with a status of 503 (Service Unavailable) @ http://localhost:3119/api/v1/system/health:0
[ 1790658ms] [ERROR] Failed to load resource: the server responded with a status of 501 (Not Implemented) @ http://localhost:3119/api/v1/admin/impersonate:0
[ 1790666ms] [ERROR] Failed to load resource: the server responded with a status of 501 (Not Implemented) @ http://localhost:3119/api/v1/admin/impersonate:0
[ 1820456ms] [ERROR] Failed to load resource: the server responded with a status of 503 (Service Unavailable) @ http://localhost:3119/api/v1/system/health:0
[ 1820675ms] [ERROR] Failed to load resource: the server responded with a status of 501 (Not Implemented) @ http://localhost:3119/api/v1/admin/impersonate:0
[ 1820687ms] [ERROR] Failed to load resource: the server responded with a status of 501 (Not Implemented) @ http://localhost:3119/api/v1/admin/impersonate:0
[ 1850482ms] [ERROR] Failed to load resource: the server responded with a status of 503 (Service Unavailable) @ http://localhost:3119/api/v1/system/health:0
[ 1850700ms] [ERROR] Failed to load resource: the server responded with a status of 501 (Not Implemented) @ http://localhost:3119/api/v1/admin/impersonate:0
[ 1850726ms] [ERROR] Failed to load resource: the server responded with a status of 501 (Not Implemented) @ http://localhost:3119/api/v1/admin/impersonate:0
[ 1880508ms] [ERROR] Failed to load resource: the server responded with a status of 503 (Service Unavailable) @ http://localhost:3119/api/v1/system/health:0
[ 1880775ms] [ERROR] Failed to load resource: the server responded with a status of 501 (Not Implemented) @ http://localhost:3119/api/v1/admin/impersonate:0
[ 1880814ms] [ERROR] Failed to load resource: the server responded with a status of 501 (Not Implemented) @ http://localhost:3119/api/v1/admin/impersonate:0
[ 1910534ms] [ERROR] Failed to load resource: the server responded with a status of 503 (Service Unavailable) @ http://localhost:3119/api/v1/system/health:0
[ 1910835ms] [ERROR] Failed to load resource: the server responded with a status of 501 (Not Implemented) @ http://localhost:3119/api/v1/admin/impersonate:0
[ 1910848ms] [ERROR] Failed to load resource: the server responded with a status of 501 (Not Implemented) @ http://localhost:3119/api/v1/admin/impersonate:0
[ 1940553ms] [ERROR] Failed to load resource: the server responded with a status of 503 (Service Unavailable) @ http://localhost:3119/api/v1/system/health:0
[ 1940861ms] [ERROR] Failed to load resource: the server responded with a status of 501 (Not Implemented) @ http://localhost:3119/api/v1/admin/impersonate:0
[ 1940870ms] [ERROR] Failed to load resource: the server responded with a status of 501 (Not Implemented) @ http://localhost:3119/api/v1/admin/impersonate:0
[ 1970571ms] [ERROR] Failed to load resource: the server responded with a status of 503 (Service Unavailable) @ http://localhost:3119/api/v1/system/health:0
[ 1970889ms] [ERROR] Failed to load resource: the server responded with a status of 501 (Not Implemented) @ http://localhost:3119/api/v1/admin/impersonate:0
[ 1970898ms] [ERROR] Failed to load resource: the server responded with a status of 501 (Not Implemented) @ http://localhost:3119/api/v1/admin/impersonate:0
[ 2000583ms] [ERROR] Failed to load resource: the server responded with a status of 503 (Service Unavailable) @ http://localhost:3119/api/v1/system/health:0
[ 2000911ms] [ERROR] Failed to load resource: the server responded with a status of 501 (Not Implemented) @ http://localhost:3119/api/v1/admin/impersonate:0
[ 2000920ms] [ERROR] Failed to load resource: the server responded with a status of 501 (Not Implemented) @ http://localhost:3119/api/v1/admin/impersonate:0
[ 2030603ms] [ERROR] Failed to load resource: the server responded with a status of 503 (Service Unavailable) @ http://localhost:3119/api/v1/system/health:0
[ 2030933ms] [ERROR] Failed to load resource: the server responded with a status of 501 (Not Implemented) @ http://localhost:3119/api/v1/admin/impersonate:0
[ 2030951ms] [ERROR] Failed to load resource: the server responded with a status of 501 (Not Implemented) @ http://localhost:3119/api/v1/admin/impersonate:0
[ 2046493ms] [WARNING] Error with Permissions-Policy header: Unrecognized feature: 'join-ad-interest-group'. @ :0
[ 2046493ms] [WARNING] Error with Permissions-Policy header: Unrecognized feature: 'run-ad-auction'. @ :0
[ 2047362ms] [WARNING] Something has shimmed the React DevTools global hook (__REACT_DEVTOOLS_GLOBAL_HOOK__). Fast Refresh is not compatible with this shim and will be disabled. @ http://127.0.0.1:5219/@react-refresh:341
[ 2048124ms] [INFO] 🌐 i18next is made possible by our own product, Locize — consider powering your project with managed localization (AI, CDN, integrations): https://locize.com 💙 @ http://127.0.0.1:5219/node_modules/.vite/deps/chunk-RMV57XKV.js?v=4187ffe5:1802
[ 2048135ms] [INFO] [rum] VITE_OTLP_HTTP_ENDPOINT not set; OpenTelemetry RUM disabled. @ http://127.0.0.1:5219/src/main.tsx?t=1791036406739:51
[ 2048818ms] [ERROR] Failed to load resource: the server responded with a status of 501 (Not Implemented) @ http://127.0.0.1:5219/api/v1/admin/rbac/matrix:0
[ 2048854ms] [ERROR] Failed to load resource: the server responded with a status of 501 (Not Implemented) @ http://127.0.0.1:5219/api/v1/admin/impersonate:0
[ 2048867ms] [ERROR] Failed to load resource: the server responded with a status of 503 (Service Unavailable) @ http://127.0.0.1:5219/api/v1/system/health:0
[ 2048902ms] [ERROR] Failed to load resource: net::ERR_CONNECTION_RESET @ http://127.0.0.1:5219/api/v1/push/public-key:0
[ 2048906ms] [ERROR] Failed to load resource: net::ERR_CONNECTION_RESET @ http://127.0.0.1:5219/api/v1/auth/session:0
[ 2049005ms] [ERROR] Failed to load resource: net::ERR_CONNECTION_RESET @ http://127.0.0.1:5219/api/v1/system/auth-mode:0
[ 2049186ms] [ERROR] Failed to load resource: the server responded with a status of 501 (Not Implemented) @ http://127.0.0.1:5219/api/v1/admin/impersonate:0
[ 2049186ms] [ERROR] Failed to load resource: the server responded with a status of 501 (Not Implemented) @ http://127.0.0.1:5219/api/v1/admin/rbac/matrix:0
[ 2049188ms] [ERROR] Failed to load resource: net::ERR_CONNECTION_RESET @ http://127.0.0.1:5219/api/v1/system/auth-mode:0
[ 2049190ms] [ERROR] Failed to load resource: the server responded with a status of 404 (Not Found) @ http://127.0.0.1:5219/api/v1/push/public-key:0
[ 2049334ms] [ERROR] Failed to load resource: the server responded with a status of 405 (Method Not Allowed) @ http://127.0.0.1:5219/api/v1/system/version:0
[ 2078933ms] [ERROR] Failed to load resource: net::ERR_CONNECTION_RESET @ http://127.0.0.1:5219/api/v1/alerts?severity=critical&read=false&archived=false&limit=51:0
[ 2078939ms] [ERROR] Failed to load resource: net::ERR_CONNECTION_RESET @ http://127.0.0.1:5219/api/v1/alerts?severity=warn&read=false&archived=false&limit=51:0
[ 2078939ms] [ERROR] Failed to load resource: the server responded with a status of 503 (Service Unavailable) @ http://127.0.0.1:5219/api/v1/system/health:0
[ 2079244ms] [ERROR] Failed to load resource: the server responded with a status of 501 (Not Implemented) @ http://127.0.0.1:5219/api/v1/admin/impersonate:0
[ 2079354ms] [ERROR] Failed to load resource: the server responded with a status of 501 (Not Implemented) @ http://127.0.0.1:5219/api/v1/admin/impersonate:0
[ 2091770ms] [ERROR] Failed to load resource: the server responded with a status of 500 (Internal Server Error) @ http://127.0.0.1:5219/api/v1/events:0
[ 2109389ms] [ERROR] Failed to load resource: net::ERR_CONNECTION_RESET @ http://127.0.0.1:5219/api/v1/admin/impersonate:0
[ 2109418ms] [ERROR] Failed to load resource: the server responded with a status of 501 (Not Implemented) @ http://127.0.0.1:5219/api/v1/admin/impersonate:0
[ 2139441ms] [ERROR] Failed to load resource: net::ERR_CONNECTION_RESET @ http://127.0.0.1:5219/api/v1/admin/impersonate:0
[ 2139459ms] [ERROR] Failed to load resource: net::ERR_CONNECTION_RESET @ http://127.0.0.1:5219/api/v1/admin/impersonate:0
[ 2139477ms] [ERROR] Failed to load resource: the server responded with a status of 405 (Method Not Allowed) @ http://127.0.0.1:5219/api/v1/system/version:0
[ 2140266ms] [ERROR] Failed to load resource: the server responded with a status of 501 (Not Implemented) @ http://127.0.0.1:5219/api/v1/admin/impersonate:0
[ 2156419ms] [WARNING] Error with Permissions-Policy header: Unrecognized feature: 'join-ad-interest-group'. @ :0
[ 2156419ms] [WARNING] Error with Permissions-Policy header: Unrecognized feature: 'run-ad-auction'. @ :0
[ 2156695ms] [INFO] 🌐 i18next is made possible by our own product, Locize — consider powering your project with managed localization (AI, CDN, integrations): https://locize.com 💙 @ http://localhost:3119/assets/vendor-i18n-DQmZ8aYw.js:0
[ 2156860ms] [ERROR] Applying inline style violates the following Content Security Policy directive 'style-src-elem 'self' https://fonts.googleapis.com 'sha256-eC/LYFbFX0VPdH107k2WfWKmpi4owBWgEs9oH9HVTeI=' local.adguard.org 'unsafe-inline' 'nonce-8928e7a6f1b143faad8a1019e16''. Note that 'unsafe-inline' is ignored if either a hash or nonce value is present in the source list. The action has been blocked. @ http://localhost:3119/assets/index-BitHRQ5F.js:1457
[ 2156862ms] [ERROR] Applying inline style violates the following Content Security Policy directive 'style-src-elem 'self' https://fonts.googleapis.com 'sha256-eC/LYFbFX0VPdH107k2WfWKmpi4owBWgEs9oH9HVTeI=' local.adguard.org 'unsafe-inline' 'nonce-8928e7a6f1b143faad8a1019e16''. Note that 'unsafe-inline' is ignored if either a hash or nonce value is present in the source list. The action has been blocked. @ http://localhost:3119/assets/index-BitHRQ5F.js:1458
[ 2156998ms] [ERROR] Failed to load resource: the server responded with a status of 501 (Not Implemented) @ http://localhost:3119/api/v1/admin/rbac/matrix:0
[ 2157003ms] [ERROR] Failed to load resource: the server responded with a status of 501 (Not Implemented) @ http://localhost:3119/api/v1/admin/impersonate:0
[ 2157004ms] [ERROR] Failed to load resource: the server responded with a status of 404 (Not Found) @ http://localhost:3119/api/v1/push/public-key:0
[ 2157191ms] [ERROR] Failed to load resource: the server responded with a status of 501 (Not Implemented) @ http://localhost:3119/api/v1/admin/rbac/matrix:0
[ 2157192ms] [ERROR] Failed to load resource: the server responded with a status of 501 (Not Implemented) @ http://localhost:3119/api/v1/admin/impersonate:0
[ 2157192ms] [ERROR] Failed to load resource: the server responded with a status of 404 (Not Found) @ http://localhost:3119/api/v1/push/public-key:0
[ 2157202ms] [INFO] Banner not shown: beforeinstallpromptevent.preventDefault() called. The page must call beforeinstallpromptevent.prompt() to show the banner. @ http://localhost:3119/charging:0
[ 2187228ms] [ERROR] Failed to load resource: the server responded with a status of 501 (Not Implemented) @ http://localhost:3119/api/v1/admin/impersonate:0
[ 2187278ms] [ERROR] Failed to load resource: the server responded with a status of 501 (Not Implemented) @ http://localhost:3119/api/v1/admin/impersonate:0
[ 2217331ms] [ERROR] Failed to load resource: the server responded with a status of 501 (Not Implemented) @ http://localhost:3119/api/v1/admin/impersonate:0
[ 2217377ms] [ERROR] Failed to load resource: the server responded with a status of 501 (Not Implemented) @ http://localhost:3119/api/v1/admin/impersonate:0
[ 2247393ms] [ERROR] Failed to load resource: the server responded with a status of 501 (Not Implemented) @ http://localhost:3119/api/v1/admin/impersonate:0
[ 2247400ms] [ERROR] Failed to load resource: the server responded with a status of 501 (Not Implemented) @ http://localhost:3119/api/v1/admin/impersonate:0
[ 2274451ms] [WARNING] Error with Permissions-Policy header: Unrecognized feature: 'join-ad-interest-group'. @ :0
[ 2274451ms] [WARNING] Error with Permissions-Policy header: Unrecognized feature: 'run-ad-auction'. @ :0
[ 2274756ms] [INFO] 🌐 i18next is made possible by our own product, Locize — consider powering your project with managed localization (AI, CDN, integrations): https://locize.com 💙 @ http://localhost:3119/assets/vendor-i18n-DQmZ8aYw.js:0
[ 2275038ms] [ERROR] Applying inline style violates the following Content Security Policy directive 'style-src-elem 'self' https://fonts.googleapis.com 'sha256-eC/LYFbFX0VPdH107k2WfWKmpi4owBWgEs9oH9HVTeI=' local.adguard.org 'unsafe-inline' 'nonce-8928e7a6f1b143faad8a1019e16''. Note that 'unsafe-inline' is ignored if either a hash or nonce value is present in the source list. The action has been blocked. @ http://localhost:3119/assets/index-CMv_eRK9.js:1457
[ 2275041ms] [ERROR] Applying inline style violates the following Content Security Policy directive 'style-src-elem 'self' https://fonts.googleapis.com 'sha256-eC/LYFbFX0VPdH107k2WfWKmpi4owBWgEs9oH9HVTeI=' local.adguard.org 'unsafe-inline' 'nonce-8928e7a6f1b143faad8a1019e16''. Note that 'unsafe-inline' is ignored if either a hash or nonce value is present in the source list. The action has been blocked. @ http://localhost:3119/assets/index-CMv_eRK9.js:1458
[ 2275168ms] [ERROR] Failed to load resource: the server responded with a status of 501 (Not Implemented) @ http://localhost:3119/api/v1/admin/rbac/matrix:0
[ 2275172ms] [ERROR] Failed to load resource: the server responded with a status of 501 (Not Implemented) @ http://localhost:3119/api/v1/admin/impersonate:0
[ 2275174ms] [ERROR] Failed to load resource: the server responded with a status of 503 (Service Unavailable) @ http://localhost:3119/api/v1/system/health:0
[ 2275176ms] [ERROR] Failed to load resource: the server responded with a status of 404 (Not Found) @ http://localhost:3119/api/v1/push/public-key:0
[ 2275355ms] [ERROR] Failed to load resource: the server responded with a status of 501 (Not Implemented) @ http://localhost:3119/api/v1/admin/rbac/matrix:0
[ 2275355ms] [ERROR] Failed to load resource: the server responded with a status of 404 (Not Found) @ http://localhost:3119/api/v1/push/public-key:0
[ 2275356ms] [ERROR] Failed to load resource: the server responded with a status of 501 (Not Implemented) @ http://localhost:3119/api/v1/admin/impersonate:0
[ 2275379ms] [INFO] Banner not shown: beforeinstallpromptevent.preventDefault() called. The page must call beforeinstallpromptevent.prompt() to show the banner. @ http://localhost:3119/charging:0
[ 2305267ms] [ERROR] Failed to load resource: the server responded with a status of 503 (Service Unavailable) @ http://localhost:3119/api/v1/system/health:0
[ 2305389ms] [ERROR] Failed to load resource: the server responded with a status of 501 (Not Implemented) @ http://localhost:3119/api/v1/admin/impersonate:0
[ 2305440ms] [ERROR] Failed to load resource: the server responded with a status of 501 (Not Implemented) @ http://localhost:3119/api/v1/admin/impersonate:0
[ 2335283ms] [ERROR] Failed to load resource: the server responded with a status of 503 (Service Unavailable) @ http://localhost:3119/api/v1/system/health:0
[ 2335500ms] [ERROR] Failed to load resource: the server responded with a status of 501 (Not Implemented) @ http://localhost:3119/api/v1/admin/impersonate:0
[ 2335564ms] [ERROR] Failed to load resource: the server responded with a status of 501 (Not Implemented) @ http://localhost:3119/api/v1/admin/impersonate:0
[ 2365296ms] [ERROR] Failed to load resource: the server responded with a status of 503 (Service Unavailable) @ http://localhost:3119/api/v1/system/health:0
[ 2365600ms] [ERROR] Failed to load resource: the server responded with a status of 501 (Not Implemented) @ http://localhost:3119/api/v1/admin/impersonate:0
[ 2365611ms] [ERROR] Failed to load resource: the server responded with a status of 501 (Not Implemented) @ http://localhost:3119/api/v1/admin/impersonate:0
[ 2380674ms] [ERROR] Applying inline style violates the following Content Security Policy directive 'style-src-elem 'self' https://fonts.googleapis.com 'sha256-eC/LYFbFX0VPdH107k2WfWKmpi4owBWgEs9oH9HVTeI=' local.adguard.org 'unsafe-inline' 'nonce-8928e7a6f1b143faad8a1019e16''. Note that 'unsafe-inline' is ignored if either a hash or nonce value is present in the source list. The action has been blocked. @ http://localhost:3119/assets/vendor-motion-C6oSLF0T.js:0
[ 2392046ms] [ERROR] Applying inline style violates the following Content Security Policy directive 'style-src-elem 'self' https://fonts.googleapis.com 'sha256-eC/LYFbFX0VPdH107k2WfWKmpi4owBWgEs9oH9HVTeI=' local.adguard.org 'unsafe-inline' 'nonce-8928e7a6f1b143faad8a1019e16''. Note that 'unsafe-inline' is ignored if either a hash or nonce value is present in the source list. The action has been blocked. @ http://localhost:3119/assets/vendor-motion-C6oSLF0T.js:0
[ 2395329ms] [ERROR] Failed to load resource: the server responded with a status of 503 (Service Unavailable) @ http://localhost:3119/api/v1/system/health:0
[ 2395660ms] [ERROR] Failed to load resource: the server responded with a status of 501 (Not Implemented) @ http://localhost:3119/api/v1/admin/impersonate:0
[ 2395668ms] [ERROR] Failed to load resource: the server responded with a status of 501 (Not Implemented) @ http://localhost:3119/api/v1/admin/impersonate:0
[ 2425357ms] [ERROR] Failed to load resource: the server responded with a status of 503 (Service Unavailable) @ http://localhost:3119/api/v1/system/health:0
[ 2425720ms] [ERROR] Failed to load resource: the server responded with a status of 501 (Not Implemented) @ http://localhost:3119/api/v1/admin/impersonate:0
[ 2425771ms] [ERROR] Failed to load resource: the server responded with a status of 501 (Not Implemented) @ http://localhost:3119/api/v1/admin/impersonate:0
[ 2455385ms] [ERROR] Failed to load resource: the server responded with a status of 503 (Service Unavailable) @ http://localhost:3119/api/v1/system/health:0
[ 2455787ms] [ERROR] Failed to load resource: the server responded with a status of 501 (Not Implemented) @ http://localhost:3119/api/v1/admin/impersonate:0
[ 2455795ms] [ERROR] Failed to load resource: the server responded with a status of 501 (Not Implemented) @ http://localhost:3119/api/v1/admin/impersonate:0
[ 2485418ms] [ERROR] Failed to load resource: the server responded with a status of 503 (Service Unavailable) @ http://localhost:3119/api/v1/system/health:0
[ 2485803ms] [ERROR] Failed to load resource: the server responded with a status of 501 (Not Implemented) @ http://localhost:3119/api/v1/admin/impersonate:0
[ 2485812ms] [ERROR] Failed to load resource: the server responded with a status of 501 (Not Implemented) @ http://localhost:3119/api/v1/admin/impersonate:0
[ 2515465ms] [ERROR] Failed to load resource: the server responded with a status of 503 (Service Unavailable) @ http://localhost:3119/api/v1/system/health:0
[ 2515859ms] [ERROR] Failed to load resource: the server responded with a status of 501 (Not Implemented) @ http://localhost:3119/api/v1/admin/impersonate:0
[ 2515871ms] [ERROR] Failed to load resource: the server responded with a status of 501 (Not Implemented) @ http://localhost:3119/api/v1/admin/impersonate:0
[ 2545536ms] [ERROR] Failed to load resource: the server responded with a status of 503 (Service Unavailable) @ http://localhost:3119/api/v1/system/health:0
[ 2545922ms] [ERROR] Failed to load resource: the server responded with a status of 501 (Not Implemented) @ http://localhost:3119/api/v1/admin/impersonate:0
[ 2545948ms] [ERROR] Failed to load resource: the server responded with a status of 501 (Not Implemented) @ http://localhost:3119/api/v1/admin/impersonate:0
[ 2575558ms] [ERROR] Failed to load resource: the server responded with a status of 503 (Service Unavailable) @ http://localhost:3119/api/v1/system/health:0
[ 2575996ms] [ERROR] Failed to load resource: the server responded with a status of 501 (Not Implemented) @ http://localhost:3119/api/v1/admin/impersonate:0
[ 2576006ms] [ERROR] Failed to load resource: the server responded with a status of 501 (Not Implemented) @ http://localhost:3119/api/v1/admin/impersonate:0
[ 2605572ms] [ERROR] Failed to load resource: the server responded with a status of 503 (Service Unavailable) @ http://localhost:3119/api/v1/system/health:0
[ 2606054ms] [ERROR] Failed to load resource: the server responded with a status of 501 (Not Implemented) @ http://localhost:3119/api/v1/admin/impersonate:0
[ 2606063ms] [ERROR] Failed to load resource: the server responded with a status of 501 (Not Implemented) @ http://localhost:3119/api/v1/admin/impersonate:0
[ 2635592ms] [ERROR] Failed to load resource: the server responded with a status of 503 (Service Unavailable) @ http://localhost:3119/api/v1/system/health:0
[ 2636105ms] [ERROR] Failed to load resource: the server responded with a status of 501 (Not Implemented) @ http://localhost:3119/api/v1/admin/impersonate:0
[ 2636117ms] [ERROR] Failed to load resource: the server responded with a status of 501 (Not Implemented) @ http://localhost:3119/api/v1/admin/impersonate:0
[ 2665615ms] [ERROR] Failed to load resource: the server responded with a status of 503 (Service Unavailable) @ http://localhost:3119/api/v1/system/health:0
[ 2666164ms] [ERROR] Failed to load resource: the server responded with a status of 501 (Not Implemented) @ http://localhost:3119/api/v1/admin/impersonate:0
[ 2666174ms] [ERROR] Failed to load resource: the server responded with a status of 501 (Not Implemented) @ http://localhost:3119/api/v1/admin/impersonate:0
[ 2695654ms] [ERROR] Failed to load resource: the server responded with a status of 503 (Service Unavailable) @ http://localhost:3119/api/v1/system/health:0
[ 2696229ms] [ERROR] Failed to load resource: the server responded with a status of 501 (Not Implemented) @ http://localhost:3119/api/v1/admin/impersonate:0
[ 2696286ms] [ERROR] Failed to load resource: the server responded with a status of 501 (Not Implemented) @ http://localhost:3119/api/v1/admin/impersonate:0
[ 2725667ms] [ERROR] Failed to load resource: the server responded with a status of 503 (Service Unavailable) @ http://localhost:3119/api/v1/system/health:0
[ 2726296ms] [ERROR] Failed to load resource: the server responded with a status of 501 (Not Implemented) @ http://localhost:3119/api/v1/admin/impersonate:0
[ 2726307ms] [ERROR] Failed to load resource: the server responded with a status of 501 (Not Implemented) @ http://localhost:3119/api/v1/admin/impersonate:0
[ 2755685ms] [ERROR] Failed to load resource: the server responded with a status of 503 (Service Unavailable) @ http://localhost:3119/api/v1/system/health:0
[ 2756360ms] [ERROR] Failed to load resource: the server responded with a status of 501 (Not Implemented) @ http://localhost:3119/api/v1/admin/impersonate:0
[ 2756372ms] [ERROR] Failed to load resource: the server responded with a status of 501 (Not Implemented) @ http://localhost:3119/api/v1/admin/impersonate:0
[ 2785745ms] [ERROR] Failed to load resource: the server responded with a status of 503 (Service Unavailable) @ http://localhost:3119/api/v1/system/health:0
[ 2786473ms] [ERROR] Failed to load resource: the server responded with a status of 501 (Not Implemented) @ http://localhost:3119/api/v1/admin/impersonate:0
[ 2786501ms] [ERROR] Failed to load resource: the server responded with a status of 501 (Not Implemented) @ http://localhost:3119/api/v1/admin/impersonate:0
[ 2815764ms] [ERROR] Failed to load resource: the server responded with a status of 503 (Service Unavailable) @ http://localhost:3119/api/v1/system/health:0
[ 2816718ms] [ERROR] Failed to load resource: the server responded with a status of 501 (Not Implemented) @ http://localhost:3119/api/v1/admin/impersonate:0
[ 2816791ms] [ERROR] Failed to load resource: the server responded with a status of 501 (Not Implemented) @ http://localhost:3119/api/v1/admin/impersonate:0
[ 2845779ms] [ERROR] Failed to load resource: the server responded with a status of 503 (Service Unavailable) @ http://localhost:3119/api/v1/system/health:0
[ 2846808ms] [ERROR] Failed to load resource: the server responded with a status of 501 (Not Implemented) @ http://localhost:3119/api/v1/admin/impersonate:0
[ 2846818ms] [ERROR] Failed to load resource: the server responded with a status of 501 (Not Implemented) @ http://localhost:3119/api/v1/admin/impersonate:0
[ 2875800ms] [ERROR] Failed to load resource: the server responded with a status of 503 (Service Unavailable) @ http://localhost:3119/api/v1/system/health:0
[ 2876834ms] [ERROR] Failed to load resource: the server responded with a status of 501 (Not Implemented) @ http://localhost:3119/api/v1/admin/impersonate:0
[ 2876844ms] [ERROR] Failed to load resource: the server responded with a status of 501 (Not Implemented) @ http://localhost:3119/api/v1/admin/impersonate:0
[ 2905815ms] [ERROR] Failed to load resource: the server responded with a status of 503 (Service Unavailable) @ http://localhost:3119/api/v1/system/health:0
[ 2906860ms] [ERROR] Failed to load resource: the server responded with a status of 501 (Not Implemented) @ http://localhost:3119/api/v1/admin/impersonate:0
[ 2906869ms] [ERROR] Failed to load resource: the server responded with a status of 501 (Not Implemented) @ http://localhost:3119/api/v1/admin/impersonate:0
[ 2935831ms] [ERROR] Failed to load resource: the server responded with a status of 503 (Service Unavailable) @ http://localhost:3119/api/v1/system/health:0
[ 2936881ms] [ERROR] Failed to load resource: the server responded with a status of 501 (Not Implemented) @ http://localhost:3119/api/v1/admin/impersonate:0
[ 2936890ms] [ERROR] Failed to load resource: the server responded with a status of 501 (Not Implemented) @ http://localhost:3119/api/v1/admin/impersonate:0
[ 2965857ms] [ERROR] Failed to load resource: the server responded with a status of 503 (Service Unavailable) @ http://localhost:3119/api/v1/system/health:0
[ 2966902ms] [ERROR] Failed to load resource: the server responded with a status of 501 (Not Implemented) @ http://localhost:3119/api/v1/admin/impersonate:0
[ 2966913ms] [ERROR] Failed to load resource: the server responded with a status of 501 (Not Implemented) @ http://localhost:3119/api/v1/admin/impersonate:0
[ 2995892ms] [ERROR] Failed to load resource: the server responded with a status of 503 (Service Unavailable) @ http://localhost:3119/api/v1/system/health:0
[ 2996963ms] [ERROR] Failed to load resource: the server responded with a status of 501 (Not Implemented) @ http://localhost:3119/api/v1/admin/impersonate:0
[ 2996987ms] [ERROR] Failed to load resource: the server responded with a status of 501 (Not Implemented) @ http://localhost:3119/api/v1/admin/impersonate:0
[ 3011211ms] [ERROR] Failed to load resource: the server responded with a status of 502 (Bad Gateway) @ http://localhost:3119/api/v1/events:0
[ 3013215ms] [ERROR] Failed to load resource: net::ERR_CONNECTION_REFUSED @ http://localhost:3119/api/v1/events:0
[ 3017228ms] [ERROR] Failed to load resource: net::ERR_CONNECTION_REFUSED @ http://localhost:3119/api/v1/events:0
[ 3027007ms] [ERROR] Failed to load resource: the server responded with a status of 501 (Not Implemented) @ http://localhost:3119/api/v1/admin/impersonate:0
[ 3027017ms] [ERROR] Failed to load resource: the server responded with a status of 501 (Not Implemented) @ http://localhost:3119/api/v1/admin/impersonate:0
[ 3057024ms] [ERROR] Failed to load resource: the server responded with a status of 501 (Not Implemented) @ http://localhost:3119/api/v1/admin/impersonate:0
[ 3057034ms] [ERROR] Failed to load resource: the server responded with a status of 501 (Not Implemented) @ http://localhost:3119/api/v1/admin/impersonate:0
[ 3087044ms] [ERROR] Failed to load resource: the server responded with a status of 501 (Not Implemented) @ http://localhost:3119/api/v1/admin/impersonate:0
[ 3087052ms] [ERROR] Failed to load resource: the server responded with a status of 501 (Not Implemented) @ http://localhost:3119/api/v1/admin/impersonate:0
[ 3117065ms] [ERROR] Failed to load resource: the server responded with a status of 501 (Not Implemented) @ http://localhost:3119/api/v1/admin/impersonate:0
[ 3117074ms] [ERROR] Failed to load resource: the server responded with a status of 501 (Not Implemented) @ http://localhost:3119/api/v1/admin/impersonate:0
[ 3147082ms] [ERROR] Failed to load resource: the server responded with a status of 501 (Not Implemented) @ http://localhost:3119/api/v1/admin/impersonate:0
[ 3147090ms] [ERROR] Failed to load resource: the server responded with a status of 501 (Not Implemented) @ http://localhost:3119/api/v1/admin/impersonate:0
[ 3162648ms] [WARNING] Error with Permissions-Policy header: Unrecognized feature: 'join-ad-interest-group'. @ :0
[ 3162648ms] [WARNING] Error with Permissions-Policy header: Unrecognized feature: 'run-ad-auction'. @ :0
[ 3162911ms] [INFO] 🌐 i18next is made possible by our own product, Locize — consider powering your project with managed localization (AI, CDN, integrations): https://locize.com 💙 @ http://localhost:3119/assets/vendor-i18n-DQmZ8aYw.js:0
[ 3163109ms] [ERROR] Applying inline style violates the following Content Security Policy directive 'style-src-elem 'self' https://fonts.googleapis.com 'sha256-eC/LYFbFX0VPdH107k2WfWKmpi4owBWgEs9oH9HVTeI=' local.adguard.org 'unsafe-inline' 'nonce-8928e7a6f1b143faad8a1019e16''. Note that 'unsafe-inline' is ignored if either a hash or nonce value is present in the source list. The action has been blocked. @ http://localhost:3119/assets/index-t3_ysYtP.js:1457
[ 3163112ms] [ERROR] Applying inline style violates the following Content Security Policy directive 'style-src-elem 'self' https://fonts.googleapis.com 'sha256-eC/LYFbFX0VPdH107k2WfWKmpi4owBWgEs9oH9HVTeI=' local.adguard.org 'unsafe-inline' 'nonce-8928e7a6f1b143faad8a1019e16''. Note that 'unsafe-inline' is ignored if either a hash or nonce value is present in the source list. The action has been blocked. @ http://localhost:3119/assets/index-t3_ysYtP.js:1458
[ 3163222ms] [ERROR] Failed to load resource: the server responded with a status of 501 (Not Implemented) @ http://localhost:3119/api/v1/admin/rbac/matrix:0
[ 3163226ms] [ERROR] Failed to load resource: the server responded with a status of 501 (Not Implemented) @ http://localhost:3119/api/v1/admin/impersonate:0
[ 3163227ms] [ERROR] Failed to load resource: the server responded with a status of 404 (Not Found) @ http://localhost:3119/api/v1/push/public-key:0
[ 3163412ms] [ERROR] Failed to load resource: the server responded with a status of 501 (Not Implemented) @ http://localhost:3119/api/v1/admin/rbac/matrix:0
[ 3163413ms] [ERROR] Failed to load resource: the server responded with a status of 404 (Not Found) @ http://localhost:3119/api/v1/push/public-key:0
[ 3163413ms] [ERROR] Failed to load resource: the server responded with a status of 501 (Not Implemented) @ http://localhost:3119/api/v1/admin/impersonate:0
[ 3163460ms] [INFO] Banner not shown: beforeinstallpromptevent.preventDefault() called. The page must call beforeinstallpromptevent.prompt() to show the banner. @ http://localhost:3119/charging:0
[ 3193350ms] [ERROR] Failed to load resource: the server responded with a status of 503 (Service Unavailable) @ http://localhost:3119/api/v1/system/health:0
[ 3193478ms] [ERROR] Failed to load resource: the server responded with a status of 501 (Not Implemented) @ http://localhost:3119/api/v1/admin/impersonate:0
[ 3193536ms] [ERROR] Failed to load resource: the server responded with a status of 501 (Not Implemented) @ http://localhost:3119/api/v1/admin/impersonate:0
[ 3223379ms] [ERROR] Failed to load resource: the server responded with a status of 503 (Service Unavailable) @ http://localhost:3119/api/v1/system/health:0
[ 3223651ms] [ERROR] Failed to load resource: the server responded with a status of 501 (Not Implemented) @ http://localhost:3119/api/v1/admin/impersonate:0
[ 3223740ms] [ERROR] Failed to load resource: the server responded with a status of 501 (Not Implemented) @ http://localhost:3119/api/v1/admin/impersonate:0
[ 3253403ms] [ERROR] Failed to load resource: the server responded with a status of 503 (Service Unavailable) @ http://localhost:3119/api/v1/system/health:0
[ 3253755ms] [ERROR] Failed to load resource: the server responded with a status of 501 (Not Implemented) @ http://localhost:3119/api/v1/admin/impersonate:0
[ 3253764ms] [ERROR] Failed to load resource: the server responded with a status of 501 (Not Implemented) @ http://localhost:3119/api/v1/admin/impersonate:0
[ 3283420ms] [ERROR] Failed to load resource: the server responded with a status of 503 (Service Unavailable) @ http://localhost:3119/api/v1/system/health:0
[ 3283774ms] [ERROR] Failed to load resource: the server responded with a status of 501 (Not Implemented) @ http://localhost:3119/api/v1/admin/impersonate:0
[ 3283786ms] [ERROR] Failed to load resource: the server responded with a status of 501 (Not Implemented) @ http://localhost:3119/api/v1/admin/impersonate:0
[ 3313431ms] [ERROR] Failed to load resource: the server responded with a status of 503 (Service Unavailable) @ http://localhost:3119/api/v1/system/health:0
[ 3313829ms] [ERROR] Failed to load resource: the server responded with a status of 501 (Not Implemented) @ http://localhost:3119/api/v1/admin/impersonate:0
[ 3313841ms] [ERROR] Failed to load resource: the server responded with a status of 501 (Not Implemented) @ http://localhost:3119/api/v1/admin/impersonate:0
[ 3343448ms] [ERROR] Failed to load resource: the server responded with a status of 503 (Service Unavailable) @ http://localhost:3119/api/v1/system/health:0
[ 3343919ms] [ERROR] Failed to load resource: the server responded with a status of 501 (Not Implemented) @ http://localhost:3119/api/v1/admin/impersonate:0
[ 3343931ms] [ERROR] Failed to load resource: the server responded with a status of 501 (Not Implemented) @ http://localhost:3119/api/v1/admin/impersonate:0
[ 3373466ms] [ERROR] Failed to load resource: the server responded with a status of 503 (Service Unavailable) @ http://localhost:3119/api/v1/system/health:0
[ 3373941ms] [ERROR] Failed to load resource: the server responded with a status of 501 (Not Implemented) @ http://localhost:3119/api/v1/admin/impersonate:0
[ 3373952ms] [ERROR] Failed to load resource: the server responded with a status of 501 (Not Implemented) @ http://localhost:3119/api/v1/admin/impersonate:0
[ 3399067ms] [ERROR] Failed to load resource: net::ERR_INCOMPLETE_CHUNKED_ENCODING @ http://localhost:3119/api/v1/events:0
[ 3403507ms] [ERROR] Failed to load resource: the server responded with a status of 503 (Service Unavailable) @ http://localhost:3119/api/v1/system/health:0
[ 3403967ms] [ERROR] Failed to load resource: the server responded with a status of 501 (Not Implemented) @ http://localhost:3119/api/v1/admin/impersonate:0
[ 3403977ms] [ERROR] Failed to load resource: the server responded with a status of 501 (Not Implemented) @ http://localhost:3119/api/v1/admin/impersonate:0
[ 3433529ms] [ERROR] Failed to load resource: the server responded with a status of 503 (Service Unavailable) @ http://localhost:3119/api/v1/system/health:0
[ 3433993ms] [ERROR] Failed to load resource: the server responded with a status of 501 (Not Implemented) @ http://localhost:3119/api/v1/admin/impersonate:0
[ 3434002ms] [ERROR] Failed to load resource: the server responded with a status of 501 (Not Implemented) @ http://localhost:3119/api/v1/admin/impersonate:0
[ 3457363ms] [WARNING] Error with Permissions-Policy header: Unrecognized feature: 'join-ad-interest-group'. @ :0
[ 3457363ms] [WARNING] Error with Permissions-Policy header: Unrecognized feature: 'run-ad-auction'. @ :0
[ 3457590ms] [INFO] 🌐 i18next is made possible by our own product, Locize — consider powering your project with managed localization (AI, CDN, integrations): https://locize.com 💙 @ http://localhost:3119/assets/vendor-i18n-DQmZ8aYw.js:0
[ 3457781ms] [ERROR] Applying inline style violates the following Content Security Policy directive 'style-src-elem 'self' https://fonts.googleapis.com 'sha256-eC/LYFbFX0VPdH107k2WfWKmpi4owBWgEs9oH9HVTeI=' local.adguard.org 'unsafe-inline' 'nonce-8928e7a6f1b143faad8a1019e16''. Note that 'unsafe-inline' is ignored if either a hash or nonce value is present in the source list. The action has been blocked. @ http://localhost:3119/assets/index-BpiV_FaM.js:1457
[ 3457783ms] [ERROR] Applying inline style violates the following Content Security Policy directive 'style-src-elem 'self' https://fonts.googleapis.com 'sha256-eC/LYFbFX0VPdH107k2WfWKmpi4owBWgEs9oH9HVTeI=' local.adguard.org 'unsafe-inline' 'nonce-8928e7a6f1b143faad8a1019e16''. Note that 'unsafe-inline' is ignored if either a hash or nonce value is present in the source list. The action has been blocked. @ http://localhost:3119/assets/index-BpiV_FaM.js:1458
[ 3457953ms] [ERROR] Failed to load resource: the server responded with a status of 501 (Not Implemented) @ http://localhost:3119/api/v1/admin/rbac/matrix:0
[ 3457957ms] [ERROR] Failed to load resource: the server responded with a status of 501 (Not Implemented) @ http://localhost:3119/api/v1/admin/impersonate:0
[ 3457958ms] [ERROR] Failed to load resource: the server responded with a status of 503 (Service Unavailable) @ http://localhost:3119/api/v1/system/health:0
[ 3457960ms] [ERROR] Failed to load resource: the server responded with a status of 404 (Not Found) @ http://localhost:3119/api/v1/push/public-key:0
[ 3458170ms] [ERROR] Failed to load resource: the server responded with a status of 501 (Not Implemented) @ http://localhost:3119/api/v1/admin/rbac/matrix:0
[ 3458171ms] [ERROR] Failed to load resource: the server responded with a status of 501 (Not Implemented) @ http://localhost:3119/api/v1/admin/impersonate:0
[ 3458203ms] [ERROR] Failed to load resource: the server responded with a status of 404 (Not Found) @ http://localhost:3119/api/v1/push/public-key:0
[ 3458240ms] [INFO] Banner not shown: beforeinstallpromptevent.preventDefault() called. The page must call beforeinstallpromptevent.prompt() to show the banner. @ http://localhost:3119/charging:0
[ 3474192ms] [ERROR] Applying inline style violates the following Content Security Policy directive 'style-src-elem 'self' https://fonts.googleapis.com 'sha256-eC/LYFbFX0VPdH107k2WfWKmpi4owBWgEs9oH9HVTeI=' local.adguard.org 'unsafe-inline' 'nonce-8928e7a6f1b143faad8a1019e16''. Note that 'unsafe-inline' is ignored if either a hash or nonce value is present in the source list. The action has been blocked. @ http://localhost:3119/assets/vendor-motion-C6oSLF0T.js:0
[ 3488132ms] [ERROR] Failed to load resource: the server responded with a status of 503 (Service Unavailable) @ http://localhost:3119/api/v1/system/health:0
[ 3488269ms] [ERROR] Failed to load resource: the server responded with a status of 501 (Not Implemented) @ http://localhost:3119/api/v1/admin/impersonate:0
[ 3488350ms] [ERROR] Failed to load resource: the server responded with a status of 501 (Not Implemented) @ http://localhost:3119/api/v1/admin/impersonate:0
[ 3489560ms] [ERROR] Applying inline style violates the following Content Security Policy directive 'style-src-elem 'self' https://fonts.googleapis.com 'sha256-eC/LYFbFX0VPdH107k2WfWKmpi4owBWgEs9oH9HVTeI=' local.adguard.org 'unsafe-inline' 'nonce-8928e7a6f1b143faad8a1019e16''. Note that 'unsafe-inline' is ignored if either a hash or nonce value is present in the source list. The action has been blocked. @ http://localhost:3119/assets/vendor-motion-C6oSLF0T.js:0
[ 3518145ms] [ERROR] Failed to load resource: the server responded with a status of 503 (Service Unavailable) @ http://localhost:3119/api/v1/system/health:0
[ 3518434ms] [ERROR] Failed to load resource: the server responded with a status of 501 (Not Implemented) @ http://localhost:3119/api/v1/admin/impersonate:0
[ 3518445ms] [ERROR] Failed to load resource: the server responded with a status of 501 (Not Implemented) @ http://localhost:3119/api/v1/admin/impersonate:0
[ 3548163ms] [ERROR] Failed to load resource: the server responded with a status of 503 (Service Unavailable) @ http://localhost:3119/api/v1/system/health:0
[ 3548496ms] [ERROR] Failed to load resource: the server responded with a status of 501 (Not Implemented) @ http://localhost:3119/api/v1/admin/impersonate:0
[ 3548508ms] [ERROR] Failed to load resource: the server responded with a status of 501 (Not Implemented) @ http://localhost:3119/api/v1/admin/impersonate:0
[ 3578185ms] [ERROR] Failed to load resource: the server responded with a status of 503 (Service Unavailable) @ http://localhost:3119/api/v1/system/health:0
[ 3578547ms] [ERROR] Failed to load resource: the server responded with a status of 501 (Not Implemented) @ http://localhost:3119/api/v1/admin/impersonate:0
[ 3578558ms] [ERROR] Failed to load resource: the server responded with a status of 501 (Not Implemented) @ http://localhost:3119/api/v1/admin/impersonate:0
[ 3608215ms] [ERROR] Failed to load resource: the server responded with a status of 503 (Service Unavailable) @ http://localhost:3119/api/v1/system/health:0
[ 3608599ms] [ERROR] Failed to load resource: the server responded with a status of 501 (Not Implemented) @ http://localhost:3119/api/v1/admin/impersonate:0
[ 3608619ms] [ERROR] Failed to load resource: the server responded with a status of 501 (Not Implemented) @ http://localhost:3119/api/v1/admin/impersonate:0
[ 3638255ms] [ERROR] Failed to load resource: the server responded with a status of 503 (Service Unavailable) @ http://localhost:3119/api/v1/system/health:0
[ 3638691ms] [ERROR] Failed to load resource: the server responded with a status of 501 (Not Implemented) @ http://localhost:3119/api/v1/admin/impersonate:0
[ 3638701ms] [ERROR] Failed to load resource: the server responded with a status of 501 (Not Implemented) @ http://localhost:3119/api/v1/admin/impersonate:0
[ 3668282ms] [ERROR] Failed to load resource: the server responded with a status of 503 (Service Unavailable) @ http://localhost:3119/api/v1/system/health:0
[ 3668713ms] [ERROR] Failed to load resource: the server responded with a status of 501 (Not Implemented) @ http://localhost:3119/api/v1/admin/impersonate:0
[ 3668721ms] [ERROR] Failed to load resource: the server responded with a status of 501 (Not Implemented) @ http://localhost:3119/api/v1/admin/impersonate:0
[ 3698307ms] [ERROR] Failed to load resource: the server responded with a status of 503 (Service Unavailable) @ http://localhost:3119/api/v1/system/health:0
[ 3698733ms] [ERROR] Failed to load resource: the server responded with a status of 501 (Not Implemented) @ http://localhost:3119/api/v1/admin/impersonate:0
[ 3698742ms] [ERROR] Failed to load resource: the server responded with a status of 501 (Not Implemented) @ http://localhost:3119/api/v1/admin/impersonate:0
[ 3728378ms] [ERROR] Failed to load resource: the server responded with a status of 503 (Service Unavailable) @ http://localhost:3119/api/v1/system/health:0
[ 3728783ms] [ERROR] Failed to load resource: the server responded with a status of 501 (Not Implemented) @ http://localhost:3119/api/v1/admin/impersonate:0
[ 3728795ms] [ERROR] Failed to load resource: the server responded with a status of 501 (Not Implemented) @ http://localhost:3119/api/v1/admin/impersonate:0
[ 3758403ms] [ERROR] Failed to load resource: the server responded with a status of 503 (Service Unavailable) @ http://localhost:3119/api/v1/system/health:0
[ 3758837ms] [ERROR] Failed to load resource: the server responded with a status of 501 (Not Implemented) @ http://localhost:3119/api/v1/admin/impersonate:0
[ 3758847ms] [ERROR] Failed to load resource: the server responded with a status of 501 (Not Implemented) @ http://localhost:3119/api/v1/admin/impersonate:0
[ 3788418ms] [ERROR] Failed to load resource: the server responded with a status of 503 (Service Unavailable) @ http://localhost:3119/api/v1/system/health:0
[ 3788891ms] [ERROR] Failed to load resource: the server responded with a status of 501 (Not Implemented) @ http://localhost:3119/api/v1/admin/impersonate:0
[ 3788902ms] [ERROR] Failed to load resource: the server responded with a status of 501 (Not Implemented) @ http://localhost:3119/api/v1/admin/impersonate:0
[ 3818445ms] [ERROR] Failed to load resource: the server responded with a status of 503 (Service Unavailable) @ http://localhost:3119/api/v1/system/health:0
[ 3818969ms] [ERROR] Failed to load resource: the server responded with a status of 501 (Not Implemented) @ http://localhost:3119/api/v1/admin/impersonate:0
[ 3818980ms] [ERROR] Failed to load resource: the server responded with a status of 501 (Not Implemented) @ http://localhost:3119/api/v1/admin/impersonate:0
[ 3848466ms] [ERROR] Failed to load resource: the server responded with a status of 503 (Service Unavailable) @ http://localhost:3119/api/v1/system/health:0
[ 3848994ms] [ERROR] Failed to load resource: the server responded with a status of 501 (Not Implemented) @ http://localhost:3119/api/v1/admin/impersonate:0
[ 3849003ms] [ERROR] Failed to load resource: the server responded with a status of 501 (Not Implemented) @ http://localhost:3119/api/v1/admin/impersonate:0
[ 3878490ms] [ERROR] Failed to load resource: the server responded with a status of 503 (Service Unavailable) @ http://localhost:3119/api/v1/system/health:0
[ 3879024ms] [ERROR] Failed to load resource: the server responded with a status of 501 (Not Implemented) @ http://localhost:3119/api/v1/admin/impersonate:0
[ 3879035ms] [ERROR] Failed to load resource: the server responded with a status of 501 (Not Implemented) @ http://localhost:3119/api/v1/admin/impersonate:0
[ 3908506ms] [ERROR] Failed to load resource: the server responded with a status of 503 (Service Unavailable) @ http://localhost:3119/api/v1/system/health:0
[ 3909086ms] [ERROR] Failed to load resource: the server responded with a status of 501 (Not Implemented) @ http://localhost:3119/api/v1/admin/impersonate:0
[ 3909097ms] [ERROR] Failed to load resource: the server responded with a status of 501 (Not Implemented) @ http://localhost:3119/api/v1/admin/impersonate:0
[ 3938546ms] [ERROR] Failed to load resource: the server responded with a status of 503 (Service Unavailable) @ http://localhost:3119/api/v1/system/health:0
[ 3939165ms] [ERROR] Failed to load resource: the server responded with a status of 501 (Not Implemented) @ http://localhost:3119/api/v1/admin/impersonate:0
[ 3939175ms] [ERROR] Failed to load resource: the server responded with a status of 501 (Not Implemented) @ http://localhost:3119/api/v1/admin/impersonate:0
[ 3968557ms] [ERROR] Failed to load resource: the server responded with a status of 503 (Service Unavailable) @ http://localhost:3119/api/v1/system/health:0
[ 3969195ms] [ERROR] Failed to load resource: the server responded with a status of 501 (Not Implemented) @ http://localhost:3119/api/v1/admin/impersonate:0
[ 3969203ms] [ERROR] Failed to load resource: the server responded with a status of 501 (Not Implemented) @ http://localhost:3119/api/v1/admin/impersonate:0
[ 3998573ms] [ERROR] Failed to load resource: the server responded with a status of 503 (Service Unavailable) @ http://localhost:3119/api/v1/system/health:0
[ 3999217ms] [ERROR] Failed to load resource: the server responded with a status of 501 (Not Implemented) @ http://localhost:3119/api/v1/admin/impersonate:0
[ 3999225ms] [ERROR] Failed to load resource: the server responded with a status of 501 (Not Implemented) @ http://localhost:3119/api/v1/admin/impersonate:0
[ 4028601ms] [ERROR] Failed to load resource: the server responded with a status of 503 (Service Unavailable) @ http://localhost:3119/api/v1/system/health:0
[ 4029269ms] [ERROR] Failed to load resource: the server responded with a status of 501 (Not Implemented) @ http://localhost:3119/api/v1/admin/impersonate:0
[ 4029276ms] [ERROR] Failed to load resource: the server responded with a status of 501 (Not Implemented) @ http://localhost:3119/api/v1/admin/impersonate:0
[ 4058619ms] [ERROR] Failed to load resource: the server responded with a status of 503 (Service Unavailable) @ http://localhost:3119/api/v1/system/health:0
[ 4059316ms] [ERROR] Failed to load resource: the server responded with a status of 501 (Not Implemented) @ http://localhost:3119/api/v1/admin/impersonate:0
[ 4059324ms] [ERROR] Failed to load resource: the server responded with a status of 501 (Not Implemented) @ http://localhost:3119/api/v1/admin/impersonate:0
[ 4088643ms] [ERROR] Failed to load resource: the server responded with a status of 503 (Service Unavailable) @ http://localhost:3119/api/v1/system/health:0
[ 4089367ms] [ERROR] Failed to load resource: the server responded with a status of 501 (Not Implemented) @ http://localhost:3119/api/v1/admin/impersonate:0
[ 4089378ms] [ERROR] Failed to load resource: the server responded with a status of 501 (Not Implemented) @ http://localhost:3119/api/v1/admin/impersonate:0
[ 4118668ms] [ERROR] Failed to load resource: the server responded with a status of 503 (Service Unavailable) @ http://localhost:3119/api/v1/system/health:0
[ 4119429ms] [ERROR] Failed to load resource: the server responded with a status of 501 (Not Implemented) @ http://localhost:3119/api/v1/admin/impersonate:0
[ 4119440ms] [ERROR] Failed to load resource: the server responded with a status of 501 (Not Implemented) @ http://localhost:3119/api/v1/admin/impersonate:0
[ 4148691ms] [ERROR] Failed to load resource: the server responded with a status of 503 (Service Unavailable) @ http://localhost:3119/api/v1/system/health:0
[ 4149486ms] [ERROR] Failed to load resource: the server responded with a status of 501 (Not Implemented) @ http://localhost:3119/api/v1/admin/impersonate:0
[ 4149497ms] [ERROR] Failed to load resource: the server responded with a status of 501 (Not Implemented) @ http://localhost:3119/api/v1/admin/impersonate:0
[ 4178707ms] [ERROR] Failed to load resource: the server responded with a status of 503 (Service Unavailable) @ http://localhost:3119/api/v1/system/health:0
[ 4179545ms] [ERROR] Failed to load resource: the server responded with a status of 501 (Not Implemented) @ http://localhost:3119/api/v1/admin/impersonate:0
[ 4179555ms] [ERROR] Failed to load resource: the server responded with a status of 501 (Not Implemented) @ http://localhost:3119/api/v1/admin/impersonate:0
[ 4208722ms] [ERROR] Failed to load resource: the server responded with a status of 503 (Service Unavailable) @ http://localhost:3119/api/v1/system/health:0
[ 4209601ms] [ERROR] Failed to load resource: the server responded with a status of 501 (Not Implemented) @ http://localhost:3119/api/v1/admin/impersonate:0
[ 4209612ms] [ERROR] Failed to load resource: the server responded with a status of 501 (Not Implemented) @ http://localhost:3119/api/v1/admin/impersonate:0
[ 4238747ms] [ERROR] Failed to load resource: the server responded with a status of 503 (Service Unavailable) @ http://localhost:3119/api/v1/system/health:0
[ 4239653ms] [ERROR] Failed to load resource: the server responded with a status of 501 (Not Implemented) @ http://localhost:3119/api/v1/admin/impersonate:0
[ 4239665ms] [ERROR] Failed to load resource: the server responded with a status of 501 (Not Implemented) @ http://localhost:3119/api/v1/admin/impersonate:0
[ 4268765ms] [ERROR] Failed to load resource: the server responded with a status of 503 (Service Unavailable) @ http://localhost:3119/api/v1/system/health:0
[ 4269725ms] [ERROR] Failed to load resource: the server responded with a status of 501 (Not Implemented) @ http://localhost:3119/api/v1/admin/impersonate:0
[ 4269736ms] [ERROR] Failed to load resource: the server responded with a status of 501 (Not Implemented) @ http://localhost:3119/api/v1/admin/impersonate:0
[ 4298783ms] [ERROR] Failed to load resource: the server responded with a status of 503 (Service Unavailable) @ http://localhost:3119/api/v1/system/health:0
[ 4299744ms] [ERROR] Failed to load resource: the server responded with a status of 501 (Not Implemented) @ http://localhost:3119/api/v1/admin/impersonate:0
[ 4299751ms] [ERROR] Failed to load resource: the server responded with a status of 501 (Not Implemented) @ http://localhost:3119/api/v1/admin/impersonate:0
[ 4328804ms] [ERROR] Failed to load resource: the server responded with a status of 503 (Service Unavailable) @ http://localhost:3119/api/v1/system/health:0
[ 4329772ms] [ERROR] Failed to load resource: the server responded with a status of 501 (Not Implemented) @ http://localhost:3119/api/v1/admin/impersonate:0
[ 4329783ms] [ERROR] Failed to load resource: the server responded with a status of 501 (Not Implemented) @ http://localhost:3119/api/v1/admin/impersonate:0
[ 4358824ms] [ERROR] Failed to load resource: the server responded with a status of 503 (Service Unavailable) @ http://localhost:3119/api/v1/system/health:0
[ 4359829ms] [ERROR] Failed to load resource: the server responded with a status of 501 (Not Implemented) @ http://localhost:3119/api/v1/admin/impersonate:0
[ 4359842ms] [ERROR] Failed to load resource: the server responded with a status of 501 (Not Implemented) @ http://localhost:3119/api/v1/admin/impersonate:0
[ 4388843ms] [ERROR] Failed to load resource: the server responded with a status of 503 (Service Unavailable) @ http://localhost:3119/api/v1/system/health:0
[ 4389881ms] [ERROR] Failed to load resource: the server responded with a status of 501 (Not Implemented) @ http://localhost:3119/api/v1/admin/impersonate:0
[ 4389891ms] [ERROR] Failed to load resource: the server responded with a status of 501 (Not Implemented) @ http://localhost:3119/api/v1/admin/impersonate:0
[ 4418861ms] [ERROR] Failed to load resource: the server responded with a status of 503 (Service Unavailable) @ http://localhost:3119/api/v1/system/health:0
[ 4419935ms] [ERROR] Failed to load resource: the server responded with a status of 501 (Not Implemented) @ http://localhost:3119/api/v1/admin/impersonate:0
[ 4419948ms] [ERROR] Failed to load resource: the server responded with a status of 501 (Not Implemented) @ http://localhost:3119/api/v1/admin/impersonate:0
[ 4448881ms] [ERROR] Failed to load resource: the server responded with a status of 503 (Service Unavailable) @ http://localhost:3119/api/v1/system/health:0
[ 4449991ms] [ERROR] Failed to load resource: the server responded with a status of 501 (Not Implemented) @ http://localhost:3119/api/v1/admin/impersonate:0
[ 4450002ms] [ERROR] Failed to load resource: the server responded with a status of 501 (Not Implemented) @ http://localhost:3119/api/v1/admin/impersonate:0
[ 4478900ms] [ERROR] Failed to load resource: the server responded with a status of 503 (Service Unavailable) @ http://localhost:3119/api/v1/system/health:0
[ 4480042ms] [ERROR] Failed to load resource: the server responded with a status of 501 (Not Implemented) @ http://localhost:3119/api/v1/admin/impersonate:0
[ 4480052ms] [ERROR] Failed to load resource: the server responded with a status of 501 (Not Implemented) @ http://localhost:3119/api/v1/admin/impersonate:0
[ 4508914ms] [ERROR] Failed to load resource: the server responded with a status of 503 (Service Unavailable) @ http://localhost:3119/api/v1/system/health:0
[ 4510105ms] [ERROR] Failed to load resource: the server responded with a status of 501 (Not Implemented) @ http://localhost:3119/api/v1/admin/impersonate:0
[ 4510123ms] [ERROR] Failed to load resource: the server responded with a status of 501 (Not Implemented) @ http://localhost:3119/api/v1/admin/impersonate:0
[ 4538938ms] [ERROR] Failed to load resource: the server responded with a status of 503 (Service Unavailable) @ http://localhost:3119/api/v1/system/health:0
[ 4540138ms] [ERROR] Failed to load resource: the server responded with a status of 501 (Not Implemented) @ http://localhost:3119/api/v1/admin/impersonate:0
[ 4540149ms] [ERROR] Failed to load resource: the server responded with a status of 501 (Not Implemented) @ http://localhost:3119/api/v1/admin/impersonate:0
[ 4568954ms] [ERROR] Failed to load resource: the server responded with a status of 503 (Service Unavailable) @ http://localhost:3119/api/v1/system/health:0
[ 4570183ms] [ERROR] Failed to load resource: the server responded with a status of 501 (Not Implemented) @ http://localhost:3119/api/v1/admin/impersonate:0
[ 4570196ms] [ERROR] Failed to load resource: the server responded with a status of 501 (Not Implemented) @ http://localhost:3119/api/v1/admin/impersonate:0
[ 4598970ms] [ERROR] Failed to load resource: the server responded with a status of 503 (Service Unavailable) @ http://localhost:3119/api/v1/system/health:0
[ 4600233ms] [ERROR] Failed to load resource: the server responded with a status of 501 (Not Implemented) @ http://localhost:3119/api/v1/admin/impersonate:0
[ 4600246ms] [ERROR] Failed to load resource: the server responded with a status of 501 (Not Implemented) @ http://localhost:3119/api/v1/admin/impersonate:0
[ 4628988ms] [ERROR] Failed to load resource: the server responded with a status of 503 (Service Unavailable) @ http://localhost:3119/api/v1/system/health:0
[ 4630287ms] [ERROR] Failed to load resource: the server responded with a status of 501 (Not Implemented) @ http://localhost:3119/api/v1/admin/impersonate:0
[ 4630343ms] [ERROR] Failed to load resource: the server responded with a status of 501 (Not Implemented) @ http://localhost:3119/api/v1/admin/impersonate:0
[ 4659002ms] [ERROR] Failed to load resource: the server responded with a status of 503 (Service Unavailable) @ http://localhost:3119/api/v1/system/health:0
[ 4660363ms] [ERROR] Failed to load resource: the server responded with a status of 501 (Not Implemented) @ http://localhost:3119/api/v1/admin/impersonate:0
[ 4660371ms] [ERROR] Failed to load resource: the server responded with a status of 501 (Not Implemented) @ http://localhost:3119/api/v1/admin/impersonate:0
[ 4689013ms] [ERROR] Failed to load resource: the server responded with a status of 503 (Service Unavailable) @ http://localhost:3119/api/v1/system/health:0
[ 4690382ms] [ERROR] Failed to load resource: the server responded with a status of 501 (Not Implemented) @ http://localhost:3119/api/v1/admin/impersonate:0
[ 4690390ms] [ERROR] Failed to load resource: the server responded with a status of 501 (Not Implemented) @ http://localhost:3119/api/v1/admin/impersonate:0
[ 4719048ms] [ERROR] Failed to load resource: the server responded with a status of 503 (Service Unavailable) @ http://localhost:3119/api/v1/system/health:0
[ 4720430ms] [ERROR] Failed to load resource: the server responded with a status of 501 (Not Implemented) @ http://localhost:3119/api/v1/admin/impersonate:0
[ 4720440ms] [ERROR] Failed to load resource: the server responded with a status of 501 (Not Implemented) @ http://localhost:3119/api/v1/admin/impersonate:0
[ 4749067ms] [ERROR] Failed to load resource: the server responded with a status of 503 (Service Unavailable) @ http://localhost:3119/api/v1/system/health:0
[ 4750480ms] [ERROR] Failed to load resource: the server responded with a status of 501 (Not Implemented) @ http://localhost:3119/api/v1/admin/impersonate:0
[ 4750491ms] [ERROR] Failed to load resource: the server responded with a status of 501 (Not Implemented) @ http://localhost:3119/api/v1/admin/impersonate:0
[ 4779084ms] [ERROR] Failed to load resource: the server responded with a status of 503 (Service Unavailable) @ http://localhost:3119/api/v1/system/health:0
[ 4780530ms] [ERROR] Failed to load resource: the server responded with a status of 501 (Not Implemented) @ http://localhost:3119/api/v1/admin/impersonate:0
[ 4780542ms] [ERROR] Failed to load resource: the server responded with a status of 501 (Not Implemented) @ http://localhost:3119/api/v1/admin/impersonate:0
[ 4809105ms] [ERROR] Failed to load resource: the server responded with a status of 503 (Service Unavailable) @ http://localhost:3119/api/v1/system/health:0
[ 4810586ms] [ERROR] Failed to load resource: the server responded with a status of 501 (Not Implemented) @ http://localhost:3119/api/v1/admin/impersonate:0
[ 4810596ms] [ERROR] Failed to load resource: the server responded with a status of 501 (Not Implemented) @ http://localhost:3119/api/v1/admin/impersonate:0
[ 4839136ms] [ERROR] Failed to load resource: the server responded with a status of 503 (Service Unavailable) @ http://localhost:3119/api/v1/system/health:0
[ 4840639ms] [ERROR] Failed to load resource: the server responded with a status of 501 (Not Implemented) @ http://localhost:3119/api/v1/admin/impersonate:0
[ 4840651ms] [ERROR] Failed to load resource: the server responded with a status of 501 (Not Implemented) @ http://localhost:3119/api/v1/admin/impersonate:0
[ 4869165ms] [ERROR] Failed to load resource: the server responded with a status of 503 (Service Unavailable) @ http://localhost:3119/api/v1/system/health:0
[ 4870689ms] [ERROR] Failed to load resource: the server responded with a status of 501 (Not Implemented) @ http://localhost:3119/api/v1/admin/impersonate:0
[ 4870697ms] [ERROR] Failed to load resource: the server responded with a status of 501 (Not Implemented) @ http://localhost:3119/api/v1/admin/impersonate:0
[ 4899182ms] [ERROR] Failed to load resource: the server responded with a status of 503 (Service Unavailable) @ http://localhost:3119/api/v1/system/health:0
[ 4900745ms] [ERROR] Failed to load resource: the server responded with a status of 501 (Not Implemented) @ http://localhost:3119/api/v1/admin/impersonate:0
[ 4900761ms] [ERROR] Failed to load resource: the server responded with a status of 501 (Not Implemented) @ http://localhost:3119/api/v1/admin/impersonate:0
[ 4929206ms] [ERROR] Failed to load resource: the server responded with a status of 503 (Service Unavailable) @ http://localhost:3119/api/v1/system/health:0
[ 4930792ms] [ERROR] Failed to load resource: the server responded with a status of 501 (Not Implemented) @ http://localhost:3119/api/v1/admin/impersonate:0
[ 4930800ms] [ERROR] Failed to load resource: the server responded with a status of 501 (Not Implemented) @ http://localhost:3119/api/v1/admin/impersonate:0
[ 4959224ms] [ERROR] Failed to load resource: the server responded with a status of 503 (Service Unavailable) @ http://localhost:3119/api/v1/system/health:0
[ 4960843ms] [ERROR] Failed to load resource: the server responded with a status of 501 (Not Implemented) @ http://localhost:3119/api/v1/admin/impersonate:0
[ 4960853ms] [ERROR] Failed to load resource: the server responded with a status of 501 (Not Implemented) @ http://localhost:3119/api/v1/admin/impersonate:0
[ 4989242ms] [ERROR] Failed to load resource: the server responded with a status of 503 (Service Unavailable) @ http://localhost:3119/api/v1/system/health:0
[ 4990892ms] [ERROR] Failed to load resource: the server responded with a status of 501 (Not Implemented) @ http://localhost:3119/api/v1/admin/impersonate:0
[ 4990899ms] [ERROR] Failed to load resource: the server responded with a status of 501 (Not Implemented) @ http://localhost:3119/api/v1/admin/impersonate:0
[ 5019261ms] [ERROR] Failed to load resource: the server responded with a status of 503 (Service Unavailable) @ http://localhost:3119/api/v1/system/health:0
[ 5020949ms] [ERROR] Failed to load resource: the server responded with a status of 501 (Not Implemented) @ http://localhost:3119/api/v1/admin/impersonate:0
[ 5020958ms] [ERROR] Failed to load resource: the server responded with a status of 501 (Not Implemented) @ http://localhost:3119/api/v1/admin/impersonate:0
[ 5049282ms] [ERROR] Failed to load resource: the server responded with a status of 503 (Service Unavailable) @ http://localhost:3119/api/v1/system/health:0
[ 5050995ms] [ERROR] Failed to load resource: the server responded with a status of 501 (Not Implemented) @ http://localhost:3119/api/v1/admin/impersonate:0
[ 5051003ms] [ERROR] Failed to load resource: the server responded with a status of 501 (Not Implemented) @ http://localhost:3119/api/v1/admin/impersonate:0
[ 5079306ms] [ERROR] Failed to load resource: the server responded with a status of 503 (Service Unavailable) @ http://localhost:3119/api/v1/system/health:0
[ 5081062ms] [ERROR] Failed to load resource: the server responded with a status of 501 (Not Implemented) @ http://localhost:3119/api/v1/admin/impersonate:0
[ 5081072ms] [ERROR] Failed to load resource: the server responded with a status of 501 (Not Implemented) @ http://localhost:3119/api/v1/admin/impersonate:0
[ 5109327ms] [ERROR] Failed to load resource: the server responded with a status of 503 (Service Unavailable) @ http://localhost:3119/api/v1/system/health:0
[ 5111113ms] [ERROR] Failed to load resource: the server responded with a status of 501 (Not Implemented) @ http://localhost:3119/api/v1/admin/impersonate:0
[ 5111124ms] [ERROR] Failed to load resource: the server responded with a status of 501 (Not Implemented) @ http://localhost:3119/api/v1/admin/impersonate:0
[ 5139351ms] [ERROR] Failed to load resource: the server responded with a status of 503 (Service Unavailable) @ http://localhost:3119/api/v1/system/health:0
[ 5141199ms] [ERROR] Failed to load resource: the server responded with a status of 501 (Not Implemented) @ http://localhost:3119/api/v1/admin/impersonate:0
[ 5141210ms] [ERROR] Failed to load resource: the server responded with a status of 501 (Not Implemented) @ http://localhost:3119/api/v1/admin/impersonate:0
[ 5169372ms] [ERROR] Failed to load resource: the server responded with a status of 503 (Service Unavailable) @ http://localhost:3119/api/v1/system/health:0
[ 5171230ms] [ERROR] Failed to load resource: the server responded with a status of 501 (Not Implemented) @ http://localhost:3119/api/v1/admin/impersonate:0
[ 5171237ms] [ERROR] Failed to load resource: the server responded with a status of 501 (Not Implemented) @ http://localhost:3119/api/v1/admin/impersonate:0
[ 5199387ms] [ERROR] Failed to load resource: the server responded with a status of 503 (Service Unavailable) @ http://localhost:3119/api/v1/system/health:0
[ 5201255ms] [ERROR] Failed to load resource: the server responded with a status of 501 (Not Implemented) @ http://localhost:3119/api/v1/admin/impersonate:0
[ 5201263ms] [ERROR] Failed to load resource: the server responded with a status of 501 (Not Implemented) @ http://localhost:3119/api/v1/admin/impersonate:0
[ 5229403ms] [ERROR] Failed to load resource: the server responded with a status of 503 (Service Unavailable) @ http://localhost:3119/api/v1/system/health:0
[ 5231289ms] [ERROR] Failed to load resource: the server responded with a status of 501 (Not Implemented) @ http://localhost:3119/api/v1/admin/impersonate:0
[ 5231296ms] [ERROR] Failed to load resource: the server responded with a status of 501 (Not Implemented) @ http://localhost:3119/api/v1/admin/impersonate:0
[ 5259425ms] [ERROR] Failed to load resource: the server responded with a status of 503 (Service Unavailable) @ http://localhost:3119/api/v1/system/health:0
[ 5261337ms] [ERROR] Failed to load resource: the server responded with a status of 501 (Not Implemented) @ http://localhost:3119/api/v1/admin/impersonate:0
[ 5261344ms] [ERROR] Failed to load resource: the server responded with a status of 501 (Not Implemented) @ http://localhost:3119/api/v1/admin/impersonate:0
[ 5289449ms] [ERROR] Failed to load resource: the server responded with a status of 503 (Service Unavailable) @ http://localhost:3119/api/v1/system/health:0
[ 5291397ms] [ERROR] Failed to load resource: the server responded with a status of 501 (Not Implemented) @ http://localhost:3119/api/v1/admin/impersonate:0
[ 5291405ms] [ERROR] Failed to load resource: the server responded with a status of 501 (Not Implemented) @ http://localhost:3119/api/v1/admin/impersonate:0
[ 5319472ms] [ERROR] Failed to load resource: the server responded with a status of 503 (Service Unavailable) @ http://localhost:3119/api/v1/system/health:0
[ 5321446ms] [ERROR] Failed to load resource: the server responded with a status of 501 (Not Implemented) @ http://localhost:3119/api/v1/admin/impersonate:0
[ 5321456ms] [ERROR] Failed to load resource: the server responded with a status of 501 (Not Implemented) @ http://localhost:3119/api/v1/admin/impersonate:0
[ 5349497ms] [ERROR] Failed to load resource: the server responded with a status of 503 (Service Unavailable) @ http://localhost:3119/api/v1/system/health:0
[ 5351496ms] [ERROR] Failed to load resource: the server responded with a status of 501 (Not Implemented) @ http://localhost:3119/api/v1/admin/impersonate:0
[ 5351503ms] [ERROR] Failed to load resource: the server responded with a status of 501 (Not Implemented) @ http://localhost:3119/api/v1/admin/impersonate:0
[ 5379520ms] [ERROR] Failed to load resource: the server responded with a status of 503 (Service Unavailable) @ http://localhost:3119/api/v1/system/health:0
[ 5381546ms] [ERROR] Failed to load resource: the server responded with a status of 501 (Not Implemented) @ http://localhost:3119/api/v1/admin/impersonate:0
[ 5381554ms] [ERROR] Failed to load resource: the server responded with a status of 501 (Not Implemented) @ http://localhost:3119/api/v1/admin/impersonate:0
[ 5409543ms] [ERROR] Failed to load resource: the server responded with a status of 503 (Service Unavailable) @ http://localhost:3119/api/v1/system/health:0
[ 5411614ms] [ERROR] Failed to load resource: the server responded with a status of 501 (Not Implemented) @ http://localhost:3119/api/v1/admin/impersonate:0
[ 5411624ms] [ERROR] Failed to load resource: the server responded with a status of 501 (Not Implemented) @ http://localhost:3119/api/v1/admin/impersonate:0
[ 5439571ms] [ERROR] Failed to load resource: the server responded with a status of 503 (Service Unavailable) @ http://localhost:3119/api/v1/system/health:0
[ 5441671ms] [ERROR] Failed to load resource: the server responded with a status of 501 (Not Implemented) @ http://localhost:3119/api/v1/admin/impersonate:0
[ 5441682ms] [ERROR] Failed to load resource: the server responded with a status of 501 (Not Implemented) @ http://localhost:3119/api/v1/admin/impersonate:0
[ 5469587ms] [ERROR] Failed to load resource: the server responded with a status of 503 (Service Unavailable) @ http://localhost:3119/api/v1/system/health:0
[ 5471734ms] [ERROR] Failed to load resource: the server responded with a status of 501 (Not Implemented) @ http://localhost:3119/api/v1/admin/impersonate:0
[ 5471783ms] [ERROR] Failed to load resource: the server responded with a status of 501 (Not Implemented) @ http://localhost:3119/api/v1/admin/impersonate:0
[ 5499608ms] [ERROR] Failed to load resource: the server responded with a status of 503 (Service Unavailable) @ http://localhost:3119/api/v1/system/health:0
[ 5501804ms] [ERROR] Failed to load resource: the server responded with a status of 501 (Not Implemented) @ http://localhost:3119/api/v1/admin/impersonate:0
[ 5501814ms] [ERROR] Failed to load resource: the server responded with a status of 501 (Not Implemented) @ http://localhost:3119/api/v1/admin/impersonate:0
[ 5529625ms] [ERROR] Failed to load resource: the server responded with a status of 503 (Service Unavailable) @ http://localhost:3119/api/v1/system/health:0
[ 5531825ms] [ERROR] Failed to load resource: the server responded with a status of 501 (Not Implemented) @ http://localhost:3119/api/v1/admin/impersonate:0
[ 5531835ms] [ERROR] Failed to load resource: the server responded with a status of 501 (Not Implemented) @ http://localhost:3119/api/v1/admin/impersonate:0
[ 5559642ms] [ERROR] Failed to load resource: the server responded with a status of 503 (Service Unavailable) @ http://localhost:3119/api/v1/system/health:0
[ 5561884ms] [ERROR] Failed to load resource: the server responded with a status of 501 (Not Implemented) @ http://localhost:3119/api/v1/admin/impersonate:0
[ 5561894ms] [ERROR] Failed to load resource: the server responded with a status of 501 (Not Implemented) @ http://localhost:3119/api/v1/admin/impersonate:0
[ 5589665ms] [ERROR] Failed to load resource: the server responded with a status of 503 (Service Unavailable) @ http://localhost:3119/api/v1/system/health:0
[ 5591930ms] [ERROR] Failed to load resource: the server responded with a status of 501 (Not Implemented) @ http://localhost:3119/api/v1/admin/impersonate:0
[ 5591945ms] [ERROR] Failed to load resource: the server responded with a status of 501 (Not Implemented) @ http://localhost:3119/api/v1/admin/impersonate:0
[ 5619681ms] [ERROR] Failed to load resource: the server responded with a status of 503 (Service Unavailable) @ http://localhost:3119/api/v1/system/health:0
[ 5621977ms] [ERROR] Failed to load resource: the server responded with a status of 501 (Not Implemented) @ http://localhost:3119/api/v1/admin/impersonate:0
[ 5621990ms] [ERROR] Failed to load resource: the server responded with a status of 501 (Not Implemented) @ http://localhost:3119/api/v1/admin/impersonate:0
[ 5649704ms] [ERROR] Failed to load resource: the server responded with a status of 503 (Service Unavailable) @ http://localhost:3119/api/v1/system/health:0
[ 5652030ms] [ERROR] Failed to load resource: the server responded with a status of 501 (Not Implemented) @ http://localhost:3119/api/v1/admin/impersonate:0
[ 5652038ms] [ERROR] Failed to load resource: the server responded with a status of 501 (Not Implemented) @ http://localhost:3119/api/v1/admin/impersonate:0
[ 5679722ms] [ERROR] Failed to load resource: the server responded with a status of 503 (Service Unavailable) @ http://localhost:3119/api/v1/system/health:0
[ 5682527ms] [ERROR] Failed to load resource: the server responded with a status of 501 (Not Implemented) @ http://localhost:3119/api/v1/admin/impersonate:0
[ 5682593ms] [ERROR] Failed to load resource: the server responded with a status of 501 (Not Implemented) @ http://localhost:3119/api/v1/admin/impersonate:0
[ 5709744ms] [ERROR] Failed to load resource: the server responded with a status of 503 (Service Unavailable) @ http://localhost:3119/api/v1/system/health:0
[ 5712643ms] [ERROR] Failed to load resource: the server responded with a status of 501 (Not Implemented) @ http://localhost:3119/api/v1/admin/impersonate:0
[ 5712653ms] [ERROR] Failed to load resource: the server responded with a status of 501 (Not Implemented) @ http://localhost:3119/api/v1/admin/impersonate:0
[ 5739771ms] [ERROR] Failed to load resource: the server responded with a status of 503 (Service Unavailable) @ http://localhost:3119/api/v1/system/health:0
[ 5742729ms] [ERROR] Failed to load resource: the server responded with a status of 501 (Not Implemented) @ http://localhost:3119/api/v1/admin/impersonate:0
[ 5742743ms] [ERROR] Failed to load resource: the server responded with a status of 501 (Not Implemented) @ http://localhost:3119/api/v1/admin/impersonate:0
[ 5769793ms] [ERROR] Failed to load resource: the server responded with a status of 503 (Service Unavailable) @ http://localhost:3119/api/v1/system/health:0
[ 5772855ms] [ERROR] Failed to load resource: the server responded with a status of 501 (Not Implemented) @ http://localhost:3119/api/v1/admin/impersonate:0
[ 5772881ms] [ERROR] Failed to load resource: the server responded with a status of 501 (Not Implemented) @ http://localhost:3119/api/v1/admin/impersonate:0
[ 5799814ms] [ERROR] Failed to load resource: the server responded with a status of 503 (Service Unavailable) @ http://localhost:3119/api/v1/system/health:0
[ 5803195ms] [ERROR] Failed to load resource: the server responded with a status of 501 (Not Implemented) @ http://localhost:3119/api/v1/admin/impersonate:0
[ 5803209ms] [ERROR] Failed to load resource: the server responded with a status of 501 (Not Implemented) @ http://localhost:3119/api/v1/admin/impersonate:0
[ 5829840ms] [ERROR] Failed to load resource: the server responded with a status of 503 (Service Unavailable) @ http://localhost:3119/api/v1/system/health:0
[ 5833458ms] [ERROR] Failed to load resource: the server responded with a status of 501 (Not Implemented) @ http://localhost:3119/api/v1/admin/impersonate:0
[ 5833492ms] [ERROR] Failed to load resource: the server responded with a status of 501 (Not Implemented) @ http://localhost:3119/api/v1/admin/impersonate:0
[ 5859861ms] [ERROR] Failed to load resource: the server responded with a status of 503 (Service Unavailable) @ http://localhost:3119/api/v1/system/health:0
[ 5863509ms] [ERROR] Failed to load resource: the server responded with a status of 501 (Not Implemented) @ http://localhost:3119/api/v1/admin/impersonate:0
[ 5863516ms] [ERROR] Failed to load resource: the server responded with a status of 501 (Not Implemented) @ http://localhost:3119/api/v1/admin/impersonate:0
[ 5889870ms] [ERROR] Failed to load resource: the server responded with a status of 503 (Service Unavailable) @ http://localhost:3119/api/v1/system/health:0
[ 5893528ms] [ERROR] Failed to load resource: the server responded with a status of 501 (Not Implemented) @ http://localhost:3119/api/v1/admin/impersonate:0
[ 5893536ms] [ERROR] Failed to load resource: the server responded with a status of 501 (Not Implemented) @ http://localhost:3119/api/v1/admin/impersonate:0
[ 5919890ms] [ERROR] Failed to load resource: the server responded with a status of 503 (Service Unavailable) @ http://localhost:3119/api/v1/system/health:0
[ 5923555ms] [ERROR] Failed to load resource: the server responded with a status of 501 (Not Implemented) @ http://localhost:3119/api/v1/admin/impersonate:0
[ 5923563ms] [ERROR] Failed to load resource: the server responded with a status of 501 (Not Implemented) @ http://localhost:3119/api/v1/admin/impersonate:0
[ 5949902ms] [ERROR] Failed to load resource: the server responded with a status of 503 (Service Unavailable) @ http://localhost:3119/api/v1/system/health:0
[ 5953599ms] [ERROR] Failed to load resource: the server responded with a status of 501 (Not Implemented) @ http://localhost:3119/api/v1/admin/impersonate:0
[ 5953609ms] [ERROR] Failed to load resource: the server responded with a status of 501 (Not Implemented) @ http://localhost:3119/api/v1/admin/impersonate:0
[ 5979916ms] [ERROR] Failed to load resource: the server responded with a status of 503 (Service Unavailable) @ http://localhost:3119/api/v1/system/health:0
[ 5983625ms] [ERROR] Failed to load resource: the server responded with a status of 501 (Not Implemented) @ http://localhost:3119/api/v1/admin/impersonate:0
[ 5983633ms] [ERROR] Failed to load resource: the server responded with a status of 501 (Not Implemented) @ http://localhost:3119/api/v1/admin/impersonate:0
[ 6009934ms] [ERROR] Failed to load resource: the server responded with a status of 503 (Service Unavailable) @ http://localhost:3119/api/v1/system/health:0
[ 6013643ms] [ERROR] Failed to load resource: the server responded with a status of 501 (Not Implemented) @ http://localhost:3119/api/v1/admin/impersonate:0
[ 6013652ms] [ERROR] Failed to load resource: the server responded with a status of 501 (Not Implemented) @ http://localhost:3119/api/v1/admin/impersonate:0
[ 6039964ms] [ERROR] Failed to load resource: the server responded with a status of 503 (Service Unavailable) @ http://localhost:3119/api/v1/system/health:0
[ 6043714ms] [ERROR] Failed to load resource: the server responded with a status of 501 (Not Implemented) @ http://localhost:3119/api/v1/admin/impersonate:0
[ 6043724ms] [ERROR] Failed to load resource: the server responded with a status of 501 (Not Implemented) @ http://localhost:3119/api/v1/admin/impersonate:0
[ 6069981ms] [ERROR] Failed to load resource: the server responded with a status of 503 (Service Unavailable) @ http://localhost:3119/api/v1/system/health:0
[ 6073732ms] [ERROR] Failed to load resource: the server responded with a status of 501 (Not Implemented) @ http://localhost:3119/api/v1/admin/impersonate:0
[ 6073740ms] [ERROR] Failed to load resource: the server responded with a status of 501 (Not Implemented) @ http://localhost:3119/api/v1/admin/impersonate:0
[ 6100000ms] [ERROR] Failed to load resource: the server responded with a status of 503 (Service Unavailable) @ http://localhost:3119/api/v1/system/health:0
[ 6103755ms] [ERROR] Failed to load resource: the server responded with a status of 501 (Not Implemented) @ http://localhost:3119/api/v1/admin/impersonate:0
[ 6103766ms] [ERROR] Failed to load resource: the server responded with a status of 501 (Not Implemented) @ http://localhost:3119/api/v1/admin/impersonate:0
[ 6130023ms] [ERROR] Failed to load resource: the server responded with a status of 503 (Service Unavailable) @ http://localhost:3119/api/v1/system/health:0
[ 6133821ms] [ERROR] Failed to load resource: the server responded with a status of 501 (Not Implemented) @ http://localhost:3119/api/v1/admin/impersonate:0
[ 6133831ms] [ERROR] Failed to load resource: the server responded with a status of 501 (Not Implemented) @ http://localhost:3119/api/v1/admin/impersonate:0
[ 6160040ms] [ERROR] Failed to load resource: the server responded with a status of 503 (Service Unavailable) @ http://localhost:3119/api/v1/system/health:0
[ 6163899ms] [ERROR] Failed to load resource: the server responded with a status of 501 (Not Implemented) @ http://localhost:3119/api/v1/admin/impersonate:0
[ 6163909ms] [ERROR] Failed to load resource: the server responded with a status of 501 (Not Implemented) @ http://localhost:3119/api/v1/admin/impersonate:0
[ 6190062ms] [ERROR] Failed to load resource: the server responded with a status of 503 (Service Unavailable) @ http://localhost:3119/api/v1/system/health:0
[ 6193931ms] [ERROR] Failed to load resource: the server responded with a status of 501 (Not Implemented) @ http://localhost:3119/api/v1/admin/impersonate:0
[ 6193939ms] [ERROR] Failed to load resource: the server responded with a status of 501 (Not Implemented) @ http://localhost:3119/api/v1/admin/impersonate:0
[ 6220085ms] [ERROR] Failed to load resource: the server responded with a status of 503 (Service Unavailable) @ http://localhost:3119/api/v1/system/health:0
[ 6223963ms] [ERROR] Failed to load resource: the server responded with a status of 501 (Not Implemented) @ http://localhost:3119/api/v1/admin/impersonate:0
[ 6223976ms] [ERROR] Failed to load resource: the server responded with a status of 501 (Not Implemented) @ http://localhost:3119/api/v1/admin/impersonate:0
[ 6250099ms] [ERROR] Failed to load resource: the server responded with a status of 503 (Service Unavailable) @ http://localhost:3119/api/v1/system/health:0
[ 6254015ms] [ERROR] Failed to load resource: the server responded with a status of 501 (Not Implemented) @ http://localhost:3119/api/v1/admin/impersonate:0
[ 6254024ms] [ERROR] Failed to load resource: the server responded with a status of 501 (Not Implemented) @ http://localhost:3119/api/v1/admin/impersonate:0
[ 6280119ms] [ERROR] Failed to load resource: the server responded with a status of 503 (Service Unavailable) @ http://localhost:3119/api/v1/system/health:0
[ 6284092ms] [ERROR] Failed to load resource: the server responded with a status of 501 (Not Implemented) @ http://localhost:3119/api/v1/admin/impersonate:0
[ 6284103ms] [ERROR] Failed to load resource: the server responded with a status of 501 (Not Implemented) @ http://localhost:3119/api/v1/admin/impersonate:0
[ 6310146ms] [ERROR] Failed to load resource: the server responded with a status of 503 (Service Unavailable) @ http://localhost:3119/api/v1/system/health:0
[ 6314123ms] [ERROR] Failed to load resource: the server responded with a status of 501 (Not Implemented) @ http://localhost:3119/api/v1/admin/impersonate:0
[ 6314133ms] [ERROR] Failed to load resource: the server responded with a status of 501 (Not Implemented) @ http://localhost:3119/api/v1/admin/impersonate:0
[ 6340166ms] [ERROR] Failed to load resource: the server responded with a status of 503 (Service Unavailable) @ http://localhost:3119/api/v1/system/health:0
[ 6344144ms] [ERROR] Failed to load resource: the server responded with a status of 501 (Not Implemented) @ http://localhost:3119/api/v1/admin/impersonate:0
[ 6344153ms] [ERROR] Failed to load resource: the server responded with a status of 501 (Not Implemented) @ http://localhost:3119/api/v1/admin/impersonate:0
[ 6370180ms] [ERROR] Failed to load resource: the server responded with a status of 503 (Service Unavailable) @ http://localhost:3119/api/v1/system/health:0
[ 6374192ms] [ERROR] Failed to load resource: the server responded with a status of 501 (Not Implemented) @ http://localhost:3119/api/v1/admin/impersonate:0
[ 6374201ms] [ERROR] Failed to load resource: the server responded with a status of 501 (Not Implemented) @ http://localhost:3119/api/v1/admin/impersonate:0
[ 6400201ms] [ERROR] Failed to load resource: the server responded with a status of 503 (Service Unavailable) @ http://localhost:3119/api/v1/system/health:0
[ 6404242ms] [ERROR] Failed to load resource: the server responded with a status of 501 (Not Implemented) @ http://localhost:3119/api/v1/admin/impersonate:0
[ 6404251ms] [ERROR] Failed to load resource: the server responded with a status of 501 (Not Implemented) @ http://localhost:3119/api/v1/admin/impersonate:0
[ 6430227ms] [ERROR] Failed to load resource: the server responded with a status of 503 (Service Unavailable) @ http://localhost:3119/api/v1/system/health:0
[ 6434325ms] [ERROR] Failed to load resource: the server responded with a status of 501 (Not Implemented) @ http://localhost:3119/api/v1/admin/impersonate:0
[ 6434334ms] [ERROR] Failed to load resource: the server responded with a status of 501 (Not Implemented) @ http://localhost:3119/api/v1/admin/impersonate:0
[ 6460241ms] [ERROR] Failed to load resource: the server responded with a status of 503 (Service Unavailable) @ http://localhost:3119/api/v1/system/health:0
[ 6464406ms] [ERROR] Failed to load resource: the server responded with a status of 501 (Not Implemented) @ http://localhost:3119/api/v1/admin/impersonate:0
[ 6464418ms] [ERROR] Failed to load resource: the server responded with a status of 501 (Not Implemented) @ http://localhost:3119/api/v1/admin/impersonate:0
[ 6490261ms] [ERROR] Failed to load resource: the server responded with a status of 503 (Service Unavailable) @ http://localhost:3119/api/v1/system/health:0
[ 6494435ms] [ERROR] Failed to load resource: the server responded with a status of 501 (Not Implemented) @ http://localhost:3119/api/v1/admin/impersonate:0
[ 6494443ms] [ERROR] Failed to load resource: the server responded with a status of 501 (Not Implemented) @ http://localhost:3119/api/v1/admin/impersonate:0
[ 6520278ms] [ERROR] Failed to load resource: the server responded with a status of 503 (Service Unavailable) @ http://localhost:3119/api/v1/system/health:0
[ 6524453ms] [ERROR] Failed to load resource: the server responded with a status of 501 (Not Implemented) @ http://localhost:3119/api/v1/admin/impersonate:0
[ 6524462ms] [ERROR] Failed to load resource: the server responded with a status of 501 (Not Implemented) @ http://localhost:3119/api/v1/admin/impersonate:0
[ 6550290ms] [ERROR] Failed to load resource: the server responded with a status of 503 (Service Unavailable) @ http://localhost:3119/api/v1/system/health:0
[ 6554512ms] [ERROR] Failed to load resource: the server responded with a status of 501 (Not Implemented) @ http://localhost:3119/api/v1/admin/impersonate:0
[ 6554521ms] [ERROR] Failed to load resource: the server responded with a status of 501 (Not Implemented) @ http://localhost:3119/api/v1/admin/impersonate:0
[ 6559559ms] [ERROR] Failed to load resource: net::ERR_INCOMPLETE_CHUNKED_ENCODING @ http://localhost:3119/api/v1/events:0
[ 6580306ms] [ERROR] Failed to load resource: the server responded with a status of 503 (Service Unavailable) @ http://localhost:3119/api/v1/system/health:0
[ 6584535ms] [ERROR] Failed to load resource: the server responded with a status of 501 (Not Implemented) @ http://localhost:3119/api/v1/admin/impersonate:0
[ 6584543ms] [ERROR] Failed to load resource: the server responded with a status of 501 (Not Implemented) @ http://localhost:3119/api/v1/admin/impersonate:0
[ 6610327ms] [ERROR] Failed to load resource: the server responded with a status of 503 (Service Unavailable) @ http://localhost:3119/api/v1/system/health:0
[ 6614559ms] [ERROR] Failed to load resource: the server responded with a status of 501 (Not Implemented) @ http://localhost:3119/api/v1/admin/impersonate:0
[ 6614567ms] [ERROR] Failed to load resource: the server responded with a status of 501 (Not Implemented) @ http://localhost:3119/api/v1/admin/impersonate:0
[ 6640609ms] [ERROR] Failed to load resource: the server responded with a status of 503 (Service Unavailable) @ http://localhost:3119/api/v1/system/health:0
[ 6644576ms] [ERROR] Failed to load resource: the server responded with a status of 501 (Not Implemented) @ http://localhost:3119/api/v1/admin/impersonate:0
[ 6644588ms] [ERROR] Failed to load resource: the server responded with a status of 501 (Not Implemented) @ http://localhost:3119/api/v1/admin/impersonate:0
[ 6670644ms] [ERROR] Failed to load resource: the server responded with a status of 503 (Service Unavailable) @ http://localhost:3119/api/v1/system/health:0
[ 6674617ms] [ERROR] Failed to load resource: the server responded with a status of 501 (Not Implemented) @ http://localhost:3119/api/v1/admin/impersonate:0
[ 6674636ms] [ERROR] Failed to load resource: the server responded with a status of 501 (Not Implemented) @ http://localhost:3119/api/v1/admin/impersonate:0
[ 6700667ms] [ERROR] Failed to load resource: the server responded with a status of 503 (Service Unavailable) @ http://localhost:3119/api/v1/system/health:0
[ 6704654ms] [ERROR] Failed to load resource: the server responded with a status of 501 (Not Implemented) @ http://localhost:3119/api/v1/admin/impersonate:0
[ 6704665ms] [ERROR] Failed to load resource: the server responded with a status of 501 (Not Implemented) @ http://localhost:3119/api/v1/admin/impersonate:0
[ 6730701ms] [ERROR] Failed to load resource: the server responded with a status of 503 (Service Unavailable) @ http://localhost:3119/api/v1/system/health:0
[ 6735012ms] [ERROR] Failed to load resource: the server responded with a status of 501 (Not Implemented) @ http://localhost:3119/api/v1/admin/impersonate:0
[ 6735058ms] [ERROR] Failed to load resource: the server responded with a status of 501 (Not Implemented) @ http://localhost:3119/api/v1/admin/impersonate:0
[ 6760718ms] [ERROR] Failed to load resource: the server responded with a status of 503 (Service Unavailable) @ http://localhost:3119/api/v1/system/health:0
[ 6765077ms] [ERROR] Failed to load resource: the server responded with a status of 501 (Not Implemented) @ http://localhost:3119/api/v1/admin/impersonate:0
[ 6765186ms] [ERROR] Failed to load resource: the server responded with a status of 501 (Not Implemented) @ http://localhost:3119/api/v1/admin/impersonate:0
[ 6790791ms] [ERROR] Failed to load resource: the server responded with a status of 503 (Service Unavailable) @ http://localhost:3119/api/v1/system/health:0
[ 6795207ms] [ERROR] Failed to load resource: the server responded with a status of 501 (Not Implemented) @ http://localhost:3119/api/v1/admin/impersonate:0
[ 6795216ms] [ERROR] Failed to load resource: the server responded with a status of 501 (Not Implemented) @ http://localhost:3119/api/v1/admin/impersonate:0
[ 6820811ms] [ERROR] Failed to load resource: the server responded with a status of 503 (Service Unavailable) @ http://localhost:3119/api/v1/system/health:0
[ 6825230ms] [ERROR] Failed to load resource: the server responded with a status of 501 (Not Implemented) @ http://localhost:3119/api/v1/admin/impersonate:0
[ 6825245ms] [ERROR] Failed to load resource: the server responded with a status of 501 (Not Implemented) @ http://localhost:3119/api/v1/admin/impersonate:0
[ 6850835ms] [ERROR] Failed to load resource: the server responded with a status of 503 (Service Unavailable) @ http://localhost:3119/api/v1/system/health:0
[ 6855269ms] [ERROR] Failed to load resource: the server responded with a status of 501 (Not Implemented) @ http://localhost:3119/api/v1/admin/impersonate:0
[ 6855277ms] [ERROR] Failed to load resource: the server responded with a status of 501 (Not Implemented) @ http://localhost:3119/api/v1/admin/impersonate:0
[ 6880858ms] [ERROR] Failed to load resource: the server responded with a status of 503 (Service Unavailable) @ http://localhost:3119/api/v1/system/health:0
[ 6885288ms] [ERROR] Failed to load resource: the server responded with a status of 501 (Not Implemented) @ http://localhost:3119/api/v1/admin/impersonate:0
[ 6885295ms] [ERROR] Failed to load resource: the server responded with a status of 501 (Not Implemented) @ http://localhost:3119/api/v1/admin/impersonate:0
[ 6910867ms] [ERROR] Failed to load resource: the server responded with a status of 503 (Service Unavailable) @ http://localhost:3119/api/v1/system/health:0
[ 6915312ms] [ERROR] Failed to load resource: the server responded with a status of 501 (Not Implemented) @ http://localhost:3119/api/v1/admin/impersonate:0
[ 6915322ms] [ERROR] Failed to load resource: the server responded with a status of 501 (Not Implemented) @ http://localhost:3119/api/v1/admin/impersonate:0
[ 6940882ms] [ERROR] Failed to load resource: the server responded with a status of 503 (Service Unavailable) @ http://localhost:3119/api/v1/system/health:0
[ 6945340ms] [ERROR] Failed to load resource: the server responded with a status of 501 (Not Implemented) @ http://localhost:3119/api/v1/admin/impersonate:0
[ 6945348ms] [ERROR] Failed to load resource: the server responded with a status of 501 (Not Implemented) @ http://localhost:3119/api/v1/admin/impersonate:0
[ 6970931ms] [ERROR] Failed to load resource: the server responded with a status of 503 (Service Unavailable) @ http://localhost:3119/api/v1/system/health:0
[ 6975374ms] [ERROR] Failed to load resource: the server responded with a status of 501 (Not Implemented) @ http://localhost:3119/api/v1/admin/impersonate:0
[ 6975398ms] [ERROR] Failed to load resource: the server responded with a status of 501 (Not Implemented) @ http://localhost:3119/api/v1/admin/impersonate:0
[ 7000950ms] [ERROR] Failed to load resource: the server responded with a status of 503 (Service Unavailable) @ http://localhost:3119/api/v1/system/health:0
[ 7005419ms] [ERROR] Failed to load resource: the server responded with a status of 501 (Not Implemented) @ http://localhost:3119/api/v1/admin/impersonate:0
[ 7005427ms] [ERROR] Failed to load resource: the server responded with a status of 501 (Not Implemented) @ http://localhost:3119/api/v1/admin/impersonate:0
[ 7030972ms] [ERROR] Failed to load resource: the server responded with a status of 503 (Service Unavailable) @ http://localhost:3119/api/v1/system/health:0
[ 7035453ms] [ERROR] Failed to load resource: the server responded with a status of 501 (Not Implemented) @ http://localhost:3119/api/v1/admin/impersonate:0
[ 7035465ms] [ERROR] Failed to load resource: the server responded with a status of 501 (Not Implemented) @ http://localhost:3119/api/v1/admin/impersonate:0
[ 7061552ms] [ERROR] Failed to load resource: the server responded with a status of 503 (Service Unavailable) @ http://localhost:3119/api/v1/system/health:0
[ 7065488ms] [ERROR] Failed to load resource: the server responded with a status of 501 (Not Implemented) @ http://localhost:3119/api/v1/admin/impersonate:0
[ 7065504ms] [ERROR] Failed to load resource: the server responded with a status of 501 (Not Implemented) @ http://localhost:3119/api/v1/admin/impersonate:0
[ 7091794ms] [ERROR] Failed to load resource: the server responded with a status of 503 (Service Unavailable) @ http://localhost:3119/api/v1/system/health:0
[ 7095527ms] [ERROR] Failed to load resource: the server responded with a status of 501 (Not Implemented) @ http://localhost:3119/api/v1/admin/impersonate:0
[ 7095536ms] [ERROR] Failed to load resource: the server responded with a status of 501 (Not Implemented) @ http://localhost:3119/api/v1/admin/impersonate:0
[ 7121834ms] [ERROR] Failed to load resource: the server responded with a status of 503 (Service Unavailable) @ http://localhost:3119/api/v1/system/health:0
[ 7125559ms] [ERROR] Failed to load resource: the server responded with a status of 501 (Not Implemented) @ http://localhost:3119/api/v1/admin/impersonate:0
[ 7125569ms] [ERROR] Failed to load resource: the server responded with a status of 501 (Not Implemented) @ http://localhost:3119/api/v1/admin/impersonate:0
[ 7151863ms] [ERROR] Failed to load resource: the server responded with a status of 503 (Service Unavailable) @ http://localhost:3119/api/v1/system/health:0
[ 7155586ms] [ERROR] Failed to load resource: the server responded with a status of 501 (Not Implemented) @ http://localhost:3119/api/v1/admin/impersonate:0
[ 7155594ms] [ERROR] Failed to load resource: the server responded with a status of 501 (Not Implemented) @ http://localhost:3119/api/v1/admin/impersonate:0
[ 7181876ms] [ERROR] Failed to load resource: the server responded with a status of 503 (Service Unavailable) @ http://localhost:3119/api/v1/system/health:0
[ 7185605ms] [ERROR] Failed to load resource: the server responded with a status of 501 (Not Implemented) @ http://localhost:3119/api/v1/admin/impersonate:0
[ 7185613ms] [ERROR] Failed to load resource: the server responded with a status of 501 (Not Implemented) @ http://localhost:3119/api/v1/admin/impersonate:0
[ 7211891ms] [ERROR] Failed to load resource: the server responded with a status of 503 (Service Unavailable) @ http://localhost:3119/api/v1/system/health:0
[ 7215634ms] [ERROR] Failed to load resource: the server responded with a status of 501 (Not Implemented) @ http://localhost:3119/api/v1/admin/impersonate:0
[ 7215642ms] [ERROR] Failed to load resource: the server responded with a status of 501 (Not Implemented) @ http://localhost:3119/api/v1/admin/impersonate:0
[ 7241904ms] [ERROR] Failed to load resource: the server responded with a status of 503 (Service Unavailable) @ http://localhost:3119/api/v1/system/health:0
[ 7245667ms] [ERROR] Failed to load resource: the server responded with a status of 501 (Not Implemented) @ http://localhost:3119/api/v1/admin/impersonate:0
[ 7245679ms] [ERROR] Failed to load resource: the server responded with a status of 501 (Not Implemented) @ http://localhost:3119/api/v1/admin/impersonate:0
[ 7271936ms] [ERROR] Failed to load resource: the server responded with a status of 503 (Service Unavailable) @ http://localhost:3119/api/v1/system/health:0
[ 7275702ms] [ERROR] Failed to load resource: the server responded with a status of 501 (Not Implemented) @ http://localhost:3119/api/v1/admin/impersonate:0
[ 7275711ms] [ERROR] Failed to load resource: the server responded with a status of 501 (Not Implemented) @ http://localhost:3119/api/v1/admin/impersonate:0
[ 7301965ms] [ERROR] Failed to load resource: the server responded with a status of 503 (Service Unavailable) @ http://localhost:3119/api/v1/system/health:0
[ 7305720ms] [ERROR] Failed to load resource: the server responded with a status of 501 (Not Implemented) @ http://localhost:3119/api/v1/admin/impersonate:0
[ 7305732ms] [ERROR] Failed to load resource: the server responded with a status of 501 (Not Implemented) @ http://localhost:3119/api/v1/admin/impersonate:0
[ 7331992ms] [ERROR] Failed to load resource: the server responded with a status of 503 (Service Unavailable) @ http://localhost:3119/api/v1/system/health:0
[ 7335743ms] [ERROR] Failed to load resource: the server responded with a status of 501 (Not Implemented) @ http://localhost:3119/api/v1/admin/impersonate:0
[ 7335752ms] [ERROR] Failed to load resource: the server responded with a status of 501 (Not Implemented) @ http://localhost:3119/api/v1/admin/impersonate:0
[ 7362008ms] [ERROR] Failed to load resource: the server responded with a status of 503 (Service Unavailable) @ http://localhost:3119/api/v1/system/health:0
[ 7365764ms] [ERROR] Failed to load resource: the server responded with a status of 501 (Not Implemented) @ http://localhost:3119/api/v1/admin/impersonate:0
[ 7365772ms] [ERROR] Failed to load resource: the server responded with a status of 501 (Not Implemented) @ http://localhost:3119/api/v1/admin/impersonate:0
[ 7392029ms] [ERROR] Failed to load resource: the server responded with a status of 503 (Service Unavailable) @ http://localhost:3119/api/v1/system/health:0
[ 7395789ms] [ERROR] Failed to load resource: the server responded with a status of 501 (Not Implemented) @ http://localhost:3119/api/v1/admin/impersonate:0
[ 7395799ms] [ERROR] Failed to load resource: the server responded with a status of 501 (Not Implemented) @ http://localhost:3119/api/v1/admin/impersonate:0
[ 7422045ms] [ERROR] Failed to load resource: the server responded with a status of 503 (Service Unavailable) @ http://localhost:3119/api/v1/system/health:0
[ 7425813ms] [ERROR] Failed to load resource: the server responded with a status of 501 (Not Implemented) @ http://localhost:3119/api/v1/admin/impersonate:0
[ 7425822ms] [ERROR] Failed to load resource: the server responded with a status of 501 (Not Implemented) @ http://localhost:3119/api/v1/admin/impersonate:0
[ 7452063ms] [ERROR] Failed to load resource: the server responded with a status of 503 (Service Unavailable) @ http://localhost:3119/api/v1/system/health:0
[ 7455840ms] [ERROR] Failed to load resource: the server responded with a status of 501 (Not Implemented) @ http://localhost:3119/api/v1/admin/impersonate:0
[ 7455852ms] [ERROR] Failed to load resource: the server responded with a status of 501 (Not Implemented) @ http://localhost:3119/api/v1/admin/impersonate:0
[ 7466456ms] [ERROR] Failed to load resource: net::ERR_INCOMPLETE_CHUNKED_ENCODING @ http://localhost:3119/api/v1/events:0
[ 7467805ms] [ERROR] Failed to load resource: net::ERR_EMPTY_RESPONSE @ http://localhost:3119/healthz:0
[ 7482084ms] [ERROR] Failed to load resource: the server responded with a status of 503 (Service Unavailable) @ http://localhost:3119/api/v1/system/health:0
[ 7485864ms] [ERROR] Failed to load resource: the server responded with a status of 501 (Not Implemented) @ http://localhost:3119/api/v1/admin/impersonate:0
[ 7485872ms] [ERROR] Failed to load resource: the server responded with a status of 501 (Not Implemented) @ http://localhost:3119/api/v1/admin/impersonate:0
[ 7512115ms] [ERROR] Failed to load resource: the server responded with a status of 503 (Service Unavailable) @ http://localhost:3119/api/v1/system/health:0
[ 7515887ms] [ERROR] Failed to load resource: the server responded with a status of 501 (Not Implemented) @ http://localhost:3119/api/v1/admin/impersonate:0
[ 7515897ms] [ERROR] Failed to load resource: the server responded with a status of 501 (Not Implemented) @ http://localhost:3119/api/v1/admin/impersonate:0
[ 7542136ms] [ERROR] Failed to load resource: the server responded with a status of 503 (Service Unavailable) @ http://localhost:3119/api/v1/system/health:0
[ 7545912ms] [ERROR] Failed to load resource: the server responded with a status of 501 (Not Implemented) @ http://localhost:3119/api/v1/admin/impersonate:0
[ 7545928ms] [ERROR] Failed to load resource: the server responded with a status of 501 (Not Implemented) @ http://localhost:3119/api/v1/admin/impersonate:0
[ 7572151ms] [ERROR] Failed to load resource: the server responded with a status of 503 (Service Unavailable) @ http://localhost:3119/api/v1/system/health:0
[ 7575953ms] [ERROR] Failed to load resource: the server responded with a status of 501 (Not Implemented) @ http://localhost:3119/api/v1/admin/impersonate:0
[ 7575967ms] [ERROR] Failed to load resource: the server responded with a status of 501 (Not Implemented) @ http://localhost:3119/api/v1/admin/impersonate:0
[ 7602195ms] [ERROR] Failed to load resource: the server responded with a status of 503 (Service Unavailable) @ http://localhost:3119/api/v1/system/health:0
[ 7605982ms] [ERROR] Failed to load resource: the server responded with a status of 501 (Not Implemented) @ http://localhost:3119/api/v1/admin/impersonate:0
[ 7605993ms] [ERROR] Failed to load resource: the server responded with a status of 501 (Not Implemented) @ http://localhost:3119/api/v1/admin/impersonate:0
[ 7632227ms] [ERROR] Failed to load resource: the server responded with a status of 503 (Service Unavailable) @ http://localhost:3119/api/v1/system/health:0
[ 7636008ms] [ERROR] Failed to load resource: the server responded with a status of 501 (Not Implemented) @ http://localhost:3119/api/v1/admin/impersonate:0
[ 7636020ms] [ERROR] Failed to load resource: the server responded with a status of 501 (Not Implemented) @ http://localhost:3119/api/v1/admin/impersonate:0
[ 7662255ms] [ERROR] Failed to load resource: the server responded with a status of 503 (Service Unavailable) @ http://localhost:3119/api/v1/system/health:0
[ 7666036ms] [ERROR] Failed to load resource: the server responded with a status of 501 (Not Implemented) @ http://localhost:3119/api/v1/admin/impersonate:0
[ 7666045ms] [ERROR] Failed to load resource: the server responded with a status of 501 (Not Implemented) @ http://localhost:3119/api/v1/admin/impersonate:0
[ 7692271ms] [ERROR] Failed to load resource: the server responded with a status of 503 (Service Unavailable) @ http://localhost:3119/api/v1/system/health:0
[ 7696056ms] [ERROR] Failed to load resource: the server responded with a status of 501 (Not Implemented) @ http://localhost:3119/api/v1/admin/impersonate:0
[ 7696065ms] [ERROR] Failed to load resource: the server responded with a status of 501 (Not Implemented) @ http://localhost:3119/api/v1/admin/impersonate:0
[ 7722294ms] [ERROR] Failed to load resource: the server responded with a status of 503 (Service Unavailable) @ http://localhost:3119/api/v1/system/health:0
[ 7726078ms] [ERROR] Failed to load resource: the server responded with a status of 501 (Not Implemented) @ http://localhost:3119/api/v1/admin/impersonate:0
[ 7726085ms] [ERROR] Failed to load resource: the server responded with a status of 501 (Not Implemented) @ http://localhost:3119/api/v1/admin/impersonate:0
[ 7752313ms] [ERROR] Failed to load resource: the server responded with a status of 503 (Service Unavailable) @ http://localhost:3119/api/v1/system/health:0
[ 7756100ms] [ERROR] Failed to load resource: the server responded with a status of 501 (Not Implemented) @ http://localhost:3119/api/v1/admin/impersonate:0
[ 7756109ms] [ERROR] Failed to load resource: the server responded with a status of 501 (Not Implemented) @ http://localhost:3119/api/v1/admin/impersonate:0
[ 7782335ms] [ERROR] Failed to load resource: the server responded with a status of 503 (Service Unavailable) @ http://localhost:3119/api/v1/system/health:0
[ 7786126ms] [ERROR] Failed to load resource: the server responded with a status of 501 (Not Implemented) @ http://localhost:3119/api/v1/admin/impersonate:0
[ 7786142ms] [ERROR] Failed to load resource: the server responded with a status of 501 (Not Implemented) @ http://localhost:3119/api/v1/admin/impersonate:0
[ 7812370ms] [ERROR] Failed to load resource: the server responded with a status of 503 (Service Unavailable) @ http://localhost:3119/api/v1/system/health:0
[ 7816176ms] [ERROR] Failed to load resource: the server responded with a status of 501 (Not Implemented) @ http://localhost:3119/api/v1/admin/impersonate:0
[ 7816192ms] [ERROR] Failed to load resource: the server responded with a status of 501 (Not Implemented) @ http://localhost:3119/api/v1/admin/impersonate:0
[ 7842420ms] [ERROR] Failed to load resource: the server responded with a status of 503 (Service Unavailable) @ http://localhost:3119/api/v1/system/health:0
[ 7846220ms] [ERROR] Failed to load resource: the server responded with a status of 501 (Not Implemented) @ http://localhost:3119/api/v1/admin/impersonate:0
[ 7846230ms] [ERROR] Failed to load resource: the server responded with a status of 501 (Not Implemented) @ http://localhost:3119/api/v1/admin/impersonate:0
[ 7872446ms] [ERROR] Failed to load resource: the server responded with a status of 503 (Service Unavailable) @ http://localhost:3119/api/v1/system/health:0
[ 7876251ms] [ERROR] Failed to load resource: the server responded with a status of 501 (Not Implemented) @ http://localhost:3119/api/v1/admin/impersonate:0
[ 7876260ms] [ERROR] Failed to load resource: the server responded with a status of 501 (Not Implemented) @ http://localhost:3119/api/v1/admin/impersonate:0
[ 7902471ms] [ERROR] Failed to load resource: the server responded with a status of 503 (Service Unavailable) @ http://localhost:3119/api/v1/system/health:0
[ 7906274ms] [ERROR] Failed to load resource: the server responded with a status of 501 (Not Implemented) @ http://localhost:3119/api/v1/admin/impersonate:0
[ 7906282ms] [ERROR] Failed to load resource: the server responded with a status of 501 (Not Implemented) @ http://localhost:3119/api/v1/admin/impersonate:0
[ 7932490ms] [ERROR] Failed to load resource: the server responded with a status of 503 (Service Unavailable) @ http://localhost:3119/api/v1/system/health:0
[ 7936298ms] [ERROR] Failed to load resource: the server responded with a status of 501 (Not Implemented) @ http://localhost:3119/api/v1/admin/impersonate:0
[ 7936311ms] [ERROR] Failed to load resource: the server responded with a status of 501 (Not Implemented) @ http://localhost:3119/api/v1/admin/impersonate:0
[ 7962521ms] [ERROR] Failed to load resource: the server responded with a status of 503 (Service Unavailable) @ http://localhost:3119/api/v1/system/health:0
[ 7966332ms] [ERROR] Failed to load resource: the server responded with a status of 501 (Not Implemented) @ http://localhost:3119/api/v1/admin/impersonate:0
[ 7966343ms] [ERROR] Failed to load resource: the server responded with a status of 501 (Not Implemented) @ http://localhost:3119/api/v1/admin/impersonate:0
[ 7992574ms] [ERROR] Failed to load resource: the server responded with a status of 503 (Service Unavailable) @ http://localhost:3119/api/v1/system/health:0
[ 7996371ms] [ERROR] Failed to load resource: the server responded with a status of 501 (Not Implemented) @ http://localhost:3119/api/v1/admin/impersonate:0
[ 7996386ms] [ERROR] Failed to load resource: the server responded with a status of 501 (Not Implemented) @ http://localhost:3119/api/v1/admin/impersonate:0
[ 8022591ms] [ERROR] Failed to load resource: the server responded with a status of 503 (Service Unavailable) @ http://localhost:3119/api/v1/system/health:0
[ 8026402ms] [ERROR] Failed to load resource: the server responded with a status of 501 (Not Implemented) @ http://localhost:3119/api/v1/admin/impersonate:0
[ 8026411ms] [ERROR] Failed to load resource: the server responded with a status of 501 (Not Implemented) @ http://localhost:3119/api/v1/admin/impersonate:0
[ 8052611ms] [ERROR] Failed to load resource: the server responded with a status of 503 (Service Unavailable) @ http://localhost:3119/api/v1/system/health:0
[ 8056422ms] [ERROR] Failed to load resource: the server responded with a status of 501 (Not Implemented) @ http://localhost:3119/api/v1/admin/impersonate:0
[ 8056431ms] [ERROR] Failed to load resource: the server responded with a status of 501 (Not Implemented) @ http://localhost:3119/api/v1/admin/impersonate:0
[ 8082626ms] [ERROR] Failed to load resource: the server responded with a status of 503 (Service Unavailable) @ http://localhost:3119/api/v1/system/health:0
[ 8086449ms] [ERROR] Failed to load resource: the server responded with a status of 501 (Not Implemented) @ http://localhost:3119/api/v1/admin/impersonate:0
[ 8086457ms] [ERROR] Failed to load resource: the server responded with a status of 501 (Not Implemented) @ http://localhost:3119/api/v1/admin/impersonate:0
[ 8112647ms] [ERROR] Failed to load resource: the server responded with a status of 503 (Service Unavailable) @ http://localhost:3119/api/v1/system/health:0
[ 8116480ms] [ERROR] Failed to load resource: the server responded with a status of 501 (Not Implemented) @ http://localhost:3119/api/v1/admin/impersonate:0
[ 8116489ms] [ERROR] Failed to load resource: the server responded with a status of 501 (Not Implemented) @ http://localhost:3119/api/v1/admin/impersonate:0
[ 8142665ms] [ERROR] Failed to load resource: the server responded with a status of 503 (Service Unavailable) @ http://localhost:3119/api/v1/system/health:0
[ 8146503ms] [ERROR] Failed to load resource: the server responded with a status of 501 (Not Implemented) @ http://localhost:3119/api/v1/admin/impersonate:0
[ 8146514ms] [ERROR] Failed to load resource: the server responded with a status of 501 (Not Implemented) @ http://localhost:3119/api/v1/admin/impersonate:0
[ 8172679ms] [ERROR] Failed to load resource: the server responded with a status of 503 (Service Unavailable) @ http://localhost:3119/api/v1/system/health:0
[ 8176528ms] [ERROR] Failed to load resource: the server responded with a status of 501 (Not Implemented) @ http://localhost:3119/api/v1/admin/impersonate:0
[ 8176538ms] [ERROR] Failed to load resource: the server responded with a status of 501 (Not Implemented) @ http://localhost:3119/api/v1/admin/impersonate:0
[ 8185452ms] [ERROR] Failed to load resource: the server responded with a status of 404 (Not Found) @ http://localhost:3119/assets/AchievementBadge-B87pFiWM.js:0
[ 8185464ms] [ERROR] Failed to load resource: the server responded with a status of 404 (Not Found) @ http://localhost:3119/assets/AchievementUnlockedToast-IMVNuBgl.js:0
[ 8185475ms] [ERROR] TypeError: Failed to fetch dynamically imported module: http://localhost:3119/assets/AchievementUnlockedToast-IMVNuBgl.js @ http://localhost:3119/assets/vendor-react-cQXdVRIe.js:23
[ 8185478ms] [WARNING] [OptionalSurfaceBoundary:AchievementCelebration] optional surface suppressed {error: Failed to fetch dynamically imported module: http:…:3119/assets/AchievementUnlockedToast-IMVNuBgl.js, componentStack: 
    at Lazy
    at Suspense
    at Hw (http://loc…calhost:3119/assets/index-BpiV_FaM.js:1452:43656)} @ http://localhost:3119/assets/index-BpiV_FaM.js:1456
[ 8202698ms] [ERROR] Failed to load resource: the server responded with a status of 503 (Service Unavailable) @ http://localhost:3119/api/v1/system/health:0
[ 8206560ms] [ERROR] Failed to load resource: the server responded with a status of 501 (Not Implemented) @ http://localhost:3119/api/v1/admin/impersonate:0
[ 8206569ms] [ERROR] Failed to load resource: the server responded with a status of 501 (Not Implemented) @ http://localhost:3119/api/v1/admin/impersonate:0
[ 8232715ms] [ERROR] Failed to load resource: the server responded with a status of 503 (Service Unavailable) @ http://localhost:3119/api/v1/system/health:0
[ 8236585ms] [ERROR] Failed to load resource: the server responded with a status of 501 (Not Implemented) @ http://localhost:3119/api/v1/admin/impersonate:0
[ 8236595ms] [ERROR] Failed to load resource: the server responded with a status of 501 (Not Implemented) @ http://localhost:3119/api/v1/admin/impersonate:0
[ 8262743ms] [ERROR] Failed to load resource: the server responded with a status of 503 (Service Unavailable) @ http://localhost:3119/api/v1/system/health:0
[ 8266616ms] [ERROR] Failed to load resource: the server responded with a status of 501 (Not Implemented) @ http://localhost:3119/api/v1/admin/impersonate:0
[ 8266624ms] [ERROR] Failed to load resource: the server responded with a status of 501 (Not Implemented) @ http://localhost:3119/api/v1/admin/impersonate:0
[ 8292768ms] [ERROR] Failed to load resource: the server responded with a status of 503 (Service Unavailable) @ http://localhost:3119/api/v1/system/health:0
[ 8296724ms] [ERROR] Failed to load resource: the server responded with a status of 501 (Not Implemented) @ http://localhost:3119/api/v1/admin/impersonate:0
[ 8296802ms] [ERROR] Failed to load resource: the server responded with a status of 501 (Not Implemented) @ http://localhost:3119/api/v1/admin/impersonate:0
[ 8322784ms] [ERROR] Failed to load resource: the server responded with a status of 503 (Service Unavailable) @ http://localhost:3119/api/v1/system/health:0
[ 8326854ms] [ERROR] Failed to load resource: the server responded with a status of 501 (Not Implemented) @ http://localhost:3119/api/v1/admin/impersonate:0
[ 8326863ms] [ERROR] Failed to load resource: the server responded with a status of 501 (Not Implemented) @ http://localhost:3119/api/v1/admin/impersonate:0
[ 8352804ms] [ERROR] Failed to load resource: the server responded with a status of 503 (Service Unavailable) @ http://localhost:3119/api/v1/system/health:0
[ 8356888ms] [ERROR] Failed to load resource: the server responded with a status of 501 (Not Implemented) @ http://localhost:3119/api/v1/admin/impersonate:0
[ 8356903ms] [ERROR] Failed to load resource: the server responded with a status of 501 (Not Implemented) @ http://localhost:3119/api/v1/admin/impersonate:0
[ 8382841ms] [ERROR] Failed to load resource: the server responded with a status of 503 (Service Unavailable) @ http://localhost:3119/api/v1/system/health:0
[ 8386915ms] [ERROR] Failed to load resource: the server responded with a status of 501 (Not Implemented) @ http://localhost:3119/api/v1/admin/impersonate:0
[ 8386927ms] [ERROR] Failed to load resource: the server responded with a status of 501 (Not Implemented) @ http://localhost:3119/api/v1/admin/impersonate:0
[ 8412936ms] [ERROR] Failed to load resource: the server responded with a status of 503 (Service Unavailable) @ http://localhost:3119/api/v1/system/health:0
[ 8416947ms] [ERROR] Failed to load resource: the server responded with a status of 501 (Not Implemented) @ http://localhost:3119/api/v1/admin/impersonate:0
[ 8416957ms] [ERROR] Failed to load resource: the server responded with a status of 501 (Not Implemented) @ http://localhost:3119/api/v1/admin/impersonate:0
[ 8443066ms] [ERROR] Failed to load resource: the server responded with a status of 503 (Service Unavailable) @ http://localhost:3119/api/v1/system/health:0
[ 8446974ms] [ERROR] Failed to load resource: the server responded with a status of 501 (Not Implemented) @ http://localhost:3119/api/v1/admin/impersonate:0
[ 8446986ms] [ERROR] Failed to load resource: the server responded with a status of 501 (Not Implemented) @ http://localhost:3119/api/v1/admin/impersonate:0
[ 8473092ms] [ERROR] Failed to load resource: the server responded with a status of 503 (Service Unavailable) @ http://localhost:3119/api/v1/system/health:0
[ 8477006ms] [ERROR] Failed to load resource: the server responded with a status of 501 (Not Implemented) @ http://localhost:3119/api/v1/admin/impersonate:0
[ 8477016ms] [ERROR] Failed to load resource: the server responded with a status of 501 (Not Implemented) @ http://localhost:3119/api/v1/admin/impersonate:0
[ 8503114ms] [ERROR] Failed to load resource: the server responded with a status of 503 (Service Unavailable) @ http://localhost:3119/api/v1/system/health:0
[ 8507032ms] [ERROR] Failed to load resource: the server responded with a status of 501 (Not Implemented) @ http://localhost:3119/api/v1/admin/impersonate:0
[ 8507040ms] [ERROR] Failed to load resource: the server responded with a status of 501 (Not Implemented) @ http://localhost:3119/api/v1/admin/impersonate:0
[ 8533136ms] [ERROR] Failed to load resource: the server responded with a status of 503 (Service Unavailable) @ http://localhost:3119/api/v1/system/health:0
[ 8537063ms] [ERROR] Failed to load resource: the server responded with a status of 501 (Not Implemented) @ http://localhost:3119/api/v1/admin/impersonate:0
[ 8537072ms] [ERROR] Failed to load resource: the server responded with a status of 501 (Not Implemented) @ http://localhost:3119/api/v1/admin/impersonate:0
[ 8563161ms] [ERROR] Failed to load resource: the server responded with a status of 503 (Service Unavailable) @ http://localhost:3119/api/v1/system/health:0
[ 8567097ms] [ERROR] Failed to load resource: the server responded with a status of 501 (Not Implemented) @ http://localhost:3119/api/v1/admin/impersonate:0
[ 8567110ms] [ERROR] Failed to load resource: the server responded with a status of 501 (Not Implemented) @ http://localhost:3119/api/v1/admin/impersonate:0
[ 8593187ms] [ERROR] Failed to load resource: the server responded with a status of 503 (Service Unavailable) @ http://localhost:3119/api/v1/system/health:0
[ 8597176ms] [ERROR] Failed to load resource: the server responded with a status of 501 (Not Implemented) @ http://localhost:3119/api/v1/admin/impersonate:0
[ 8597218ms] [ERROR] Failed to load resource: the server responded with a status of 501 (Not Implemented) @ http://localhost:3119/api/v1/admin/impersonate:0
[ 8623212ms] [ERROR] Failed to load resource: the server responded with a status of 503 (Service Unavailable) @ http://localhost:3119/api/v1/system/health:0
[ 8627246ms] [ERROR] Failed to load resource: the server responded with a status of 501 (Not Implemented) @ http://localhost:3119/api/v1/admin/impersonate:0
[ 8627268ms] [ERROR] Failed to load resource: the server responded with a status of 501 (Not Implemented) @ http://localhost:3119/api/v1/admin/impersonate:0
[ 8653226ms] [ERROR] Failed to load resource: the server responded with a status of 503 (Service Unavailable) @ http://localhost:3119/api/v1/system/health:0
[ 8657414ms] [ERROR] Failed to load resource: the server responded with a status of 501 (Not Implemented) @ http://localhost:3119/api/v1/admin/impersonate:0
[ 8657468ms] [ERROR] Failed to load resource: the server responded with a status of 501 (Not Implemented) @ http://localhost:3119/api/v1/admin/impersonate:0
[ 8683244ms] [ERROR] Failed to load resource: the server responded with a status of 503 (Service Unavailable) @ http://localhost:3119/api/v1/system/health:0
[ 8687480ms] [ERROR] Failed to load resource: the server responded with a status of 501 (Not Implemented) @ http://localhost:3119/api/v1/admin/impersonate:0
[ 8687487ms] [ERROR] Failed to load resource: the server responded with a status of 501 (Not Implemented) @ http://localhost:3119/api/v1/admin/impersonate:0
[ 8713260ms] [ERROR] Failed to load resource: the server responded with a status of 503 (Service Unavailable) @ http://localhost:3119/api/v1/system/health:0
[ 8717507ms] [ERROR] Failed to load resource: the server responded with a status of 501 (Not Implemented) @ http://localhost:3119/api/v1/admin/impersonate:0
[ 8717516ms] [ERROR] Failed to load resource: the server responded with a status of 501 (Not Implemented) @ http://localhost:3119/api/v1/admin/impersonate:0
[ 8743274ms] [ERROR] Failed to load resource: the server responded with a status of 503 (Service Unavailable) @ http://localhost:3119/api/v1/system/health:0
[ 8747528ms] [ERROR] Failed to load resource: the server responded with a status of 501 (Not Implemented) @ http://localhost:3119/api/v1/admin/impersonate:0
[ 8747536ms] [ERROR] Failed to load resource: the server responded with a status of 501 (Not Implemented) @ http://localhost:3119/api/v1/admin/impersonate:0
[ 8773290ms] [ERROR] Failed to load resource: the server responded with a status of 503 (Service Unavailable) @ http://localhost:3119/api/v1/system/health:0
[ 8777553ms] [ERROR] Failed to load resource: the server responded with a status of 501 (Not Implemented) @ http://localhost:3119/api/v1/admin/impersonate:0
[ 8777561ms] [ERROR] Failed to load resource: the server responded with a status of 501 (Not Implemented) @ http://localhost:3119/api/v1/admin/impersonate:0
[ 8803305ms] [ERROR] Failed to load resource: the server responded with a status of 503 (Service Unavailable) @ http://localhost:3119/api/v1/system/health:0
[ 8807570ms] [ERROR] Failed to load resource: the server responded with a status of 501 (Not Implemented) @ http://localhost:3119/api/v1/admin/impersonate:0
[ 8807584ms] [ERROR] Failed to load resource: the server responded with a status of 501 (Not Implemented) @ http://localhost:3119/api/v1/admin/impersonate:0
[ 8833326ms] [ERROR] Failed to load resource: the server responded with a status of 503 (Service Unavailable) @ http://localhost:3119/api/v1/system/health:0
[ 8837595ms] [ERROR] Failed to load resource: the server responded with a status of 501 (Not Implemented) @ http://localhost:3119/api/v1/admin/impersonate:0
[ 8837604ms] [ERROR] Failed to load resource: the server responded with a status of 501 (Not Implemented) @ http://localhost:3119/api/v1/admin/impersonate:0
[ 8863342ms] [ERROR] Failed to load resource: the server responded with a status of 503 (Service Unavailable) @ http://localhost:3119/api/v1/system/health:0
[ 8867623ms] [ERROR] Failed to load resource: the server responded with a status of 501 (Not Implemented) @ http://localhost:3119/api/v1/admin/impersonate:0
[ 8867631ms] [ERROR] Failed to load resource: the server responded with a status of 501 (Not Implemented) @ http://localhost:3119/api/v1/admin/impersonate:0
[ 8893361ms] [ERROR] Failed to load resource: the server responded with a status of 503 (Service Unavailable) @ http://localhost:3119/api/v1/system/health:0
[ 8897645ms] [ERROR] Failed to load resource: the server responded with a status of 501 (Not Implemented) @ http://localhost:3119/api/v1/admin/impersonate:0
[ 8897653ms] [ERROR] Failed to load resource: the server responded with a status of 501 (Not Implemented) @ http://localhost:3119/api/v1/admin/impersonate:0
[ 8923377ms] [ERROR] Failed to load resource: the server responded with a status of 503 (Service Unavailable) @ http://localhost:3119/api/v1/system/health:0
[ 8927670ms] [ERROR] Failed to load resource: the server responded with a status of 501 (Not Implemented) @ http://localhost:3119/api/v1/admin/impersonate:0
[ 8927679ms] [ERROR] Failed to load resource: the server responded with a status of 501 (Not Implemented) @ http://localhost:3119/api/v1/admin/impersonate:0
[ 8953403ms] [ERROR] Failed to load resource: the server responded with a status of 503 (Service Unavailable) @ http://localhost:3119/api/v1/system/health:0
[ 8957701ms] [ERROR] Failed to load resource: the server responded with a status of 501 (Not Implemented) @ http://localhost:3119/api/v1/admin/impersonate:0
[ 8957711ms] [ERROR] Failed to load resource: the server responded with a status of 501 (Not Implemented) @ http://localhost:3119/api/v1/admin/impersonate:0
[ 8983421ms] [ERROR] Failed to load resource: the server responded with a status of 503 (Service Unavailable) @ http://localhost:3119/api/v1/system/health:0
[ 8987720ms] [ERROR] Failed to load resource: the server responded with a status of 501 (Not Implemented) @ http://localhost:3119/api/v1/admin/impersonate:0
[ 8987728ms] [ERROR] Failed to load resource: the server responded with a status of 501 (Not Implemented) @ http://localhost:3119/api/v1/admin/impersonate:0
[ 9013438ms] [ERROR] Failed to load resource: the server responded with a status of 503 (Service Unavailable) @ http://localhost:3119/api/v1/system/health:0
[ 9017741ms] [ERROR] Failed to load resource: the server responded with a status of 501 (Not Implemented) @ http://localhost:3119/api/v1/admin/impersonate:0
[ 9017752ms] [ERROR] Failed to load resource: the server responded with a status of 501 (Not Implemented) @ http://localhost:3119/api/v1/admin/impersonate:0
[ 9043455ms] [ERROR] Failed to load resource: the server responded with a status of 503 (Service Unavailable) @ http://localhost:3119/api/v1/system/health:0
[ 9047762ms] [ERROR] Failed to load resource: the server responded with a status of 501 (Not Implemented) @ http://localhost:3119/api/v1/admin/impersonate:0
[ 9047776ms] [ERROR] Failed to load resource: the server responded with a status of 501 (Not Implemented) @ http://localhost:3119/api/v1/admin/impersonate:0
[ 9073468ms] [ERROR] Failed to load resource: the server responded with a status of 503 (Service Unavailable) @ http://localhost:3119/api/v1/system/health:0
[ 9077787ms] [ERROR] Failed to load resource: the server responded with a status of 501 (Not Implemented) @ http://localhost:3119/api/v1/admin/impersonate:0
[ 9077798ms] [ERROR] Failed to load resource: the server responded with a status of 501 (Not Implemented) @ http://localhost:3119/api/v1/admin/impersonate:0
[ 9103490ms] [ERROR] Failed to load resource: the server responded with a status of 503 (Service Unavailable) @ http://localhost:3119/api/v1/system/health:0
[ 9107819ms] [ERROR] Failed to load resource: the server responded with a status of 501 (Not Implemented) @ http://localhost:3119/api/v1/admin/impersonate:0
[ 9107829ms] [ERROR] Failed to load resource: the server responded with a status of 501 (Not Implemented) @ http://localhost:3119/api/v1/admin/impersonate:0
[ 9133506ms] [ERROR] Failed to load resource: the server responded with a status of 503 (Service Unavailable) @ http://localhost:3119/api/v1/system/health:0
[ 9137849ms] [ERROR] Failed to load resource: the server responded with a status of 501 (Not Implemented) @ http://localhost:3119/api/v1/admin/impersonate:0
[ 9137860ms] [ERROR] Failed to load resource: the server responded with a status of 501 (Not Implemented) @ http://localhost:3119/api/v1/admin/impersonate:0
[ 9163523ms] [ERROR] Failed to load resource: the server responded with a status of 503 (Service Unavailable) @ http://localhost:3119/api/v1/system/health:0
[ 9167879ms] [ERROR] Failed to load resource: the server responded with a status of 501 (Not Implemented) @ http://localhost:3119/api/v1/admin/impersonate:0
[ 9167888ms] [ERROR] Failed to load resource: the server responded with a status of 501 (Not Implemented) @ http://localhost:3119/api/v1/admin/impersonate:0
[ 9193534ms] [ERROR] Failed to load resource: the server responded with a status of 503 (Service Unavailable) @ http://localhost:3119/api/v1/system/health:0
[ 9197910ms] [ERROR] Failed to load resource: the server responded with a status of 501 (Not Implemented) @ http://localhost:3119/api/v1/admin/impersonate:0
[ 9197918ms] [ERROR] Failed to load resource: the server responded with a status of 501 (Not Implemented) @ http://localhost:3119/api/v1/admin/impersonate:0
[ 9223558ms] [ERROR] Failed to load resource: the server responded with a status of 503 (Service Unavailable) @ http://localhost:3119/api/v1/system/health:0
[ 9227930ms] [ERROR] Failed to load resource: the server responded with a status of 501 (Not Implemented) @ http://localhost:3119/api/v1/admin/impersonate:0
[ 9227937ms] [ERROR] Failed to load resource: the server responded with a status of 501 (Not Implemented) @ http://localhost:3119/api/v1/admin/impersonate:0
[ 9253584ms] [ERROR] Failed to load resource: the server responded with a status of 503 (Service Unavailable) @ http://localhost:3119/api/v1/system/health:0
[ 9257961ms] [ERROR] Failed to load resource: the server responded with a status of 501 (Not Implemented) @ http://localhost:3119/api/v1/admin/impersonate:0
[ 9257970ms] [ERROR] Failed to load resource: the server responded with a status of 501 (Not Implemented) @ http://localhost:3119/api/v1/admin/impersonate:0
[ 9268856ms] [ERROR] Failed to load resource: net::ERR_INCOMPLETE_CHUNKED_ENCODING @ http://localhost:3119/api/v1/events:0
[ 9269870ms] [ERROR] Failed to load resource: net::ERR_EMPTY_RESPONSE @ http://localhost:3119/api/v1/events:0
[ 9270170ms] [ERROR] Failed to load resource: net::ERR_EMPTY_RESPONSE @ http://localhost:3119/healthz:0
[ 9283603ms] [ERROR] Failed to load resource: the server responded with a status of 503 (Service Unavailable) @ http://localhost:3119/api/v1/system/health:0
[ 9287984ms] [ERROR] Failed to load resource: the server responded with a status of 501 (Not Implemented) @ http://localhost:3119/api/v1/admin/impersonate:0
[ 9287992ms] [ERROR] Failed to load resource: the server responded with a status of 501 (Not Implemented) @ http://localhost:3119/api/v1/admin/impersonate:0
[ 9313626ms] [ERROR] Failed to load resource: the server responded with a status of 503 (Service Unavailable) @ http://localhost:3119/api/v1/system/health:0
[ 9318008ms] [ERROR] Failed to load resource: the server responded with a status of 501 (Not Implemented) @ http://localhost:3119/api/v1/admin/impersonate:0
[ 9318015ms] [ERROR] Failed to load resource: the server responded with a status of 501 (Not Implemented) @ http://localhost:3119/api/v1/admin/impersonate:0
[ 9343648ms] [ERROR] Failed to load resource: the server responded with a status of 503 (Service Unavailable) @ http://localhost:3119/api/v1/system/health:0
[ 9348032ms] [ERROR] Failed to load resource: the server responded with a status of 501 (Not Implemented) @ http://localhost:3119/api/v1/admin/impersonate:0
[ 9348042ms] [ERROR] Failed to load resource: the server responded with a status of 501 (Not Implemented) @ http://localhost:3119/api/v1/admin/impersonate:0
[ 9373671ms] [ERROR] Failed to load resource: the server responded with a status of 503 (Service Unavailable) @ http://localhost:3119/api/v1/system/health:0
[ 9378054ms] [ERROR] Failed to load resource: the server responded with a status of 501 (Not Implemented) @ http://localhost:3119/api/v1/admin/impersonate:0
[ 9378067ms] [ERROR] Failed to load resource: the server responded with a status of 501 (Not Implemented) @ http://localhost:3119/api/v1/admin/impersonate:0
[ 9403696ms] [ERROR] Failed to load resource: the server responded with a status of 503 (Service Unavailable) @ http://localhost:3119/api/v1/system/health:0
[ 9408081ms] [ERROR] Failed to load resource: the server responded with a status of 501 (Not Implemented) @ http://localhost:3119/api/v1/admin/impersonate:0
[ 9408091ms] [ERROR] Failed to load resource: the server responded with a status of 501 (Not Implemented) @ http://localhost:3119/api/v1/admin/impersonate:0
[ 9433721ms] [ERROR] Failed to load resource: the server responded with a status of 503 (Service Unavailable) @ http://localhost:3119/api/v1/system/health:0
[ 9438106ms] [ERROR] Failed to load resource: the server responded with a status of 501 (Not Implemented) @ http://localhost:3119/api/v1/admin/impersonate:0
[ 9438117ms] [ERROR] Failed to load resource: the server responded with a status of 501 (Not Implemented) @ http://localhost:3119/api/v1/admin/impersonate:0
[ 9463745ms] [ERROR] Failed to load resource: the server responded with a status of 503 (Service Unavailable) @ http://localhost:3119/api/v1/system/health:0
[ 9468126ms] [ERROR] Failed to load resource: the server responded with a status of 501 (Not Implemented) @ http://localhost:3119/api/v1/admin/impersonate:0
[ 9468134ms] [ERROR] Failed to load resource: the server responded with a status of 501 (Not Implemented) @ http://localhost:3119/api/v1/admin/impersonate:0
[ 9493768ms] [ERROR] Failed to load resource: the server responded with a status of 503 (Service Unavailable) @ http://localhost:3119/api/v1/system/health:0
[ 9498194ms] [ERROR] Failed to load resource: the server responded with a status of 501 (Not Implemented) @ http://localhost:3119/api/v1/admin/impersonate:0
[ 9498278ms] [ERROR] Failed to load resource: the server responded with a status of 501 (Not Implemented) @ http://localhost:3119/api/v1/admin/impersonate:0
[ 9523787ms] [ERROR] Failed to load resource: the server responded with a status of 503 (Service Unavailable) @ http://localhost:3119/api/v1/system/health:0
[ 9528313ms] [ERROR] Failed to load resource: the server responded with a status of 501 (Not Implemented) @ http://localhost:3119/api/v1/admin/impersonate:0
[ 9528326ms] [ERROR] Failed to load resource: the server responded with a status of 501 (Not Implemented) @ http://localhost:3119/api/v1/admin/impersonate:0
[ 9553804ms] [ERROR] Failed to load resource: the server responded with a status of 503 (Service Unavailable) @ http://localhost:3119/api/v1/system/health:0
[ 9558350ms] [ERROR] Failed to load resource: the server responded with a status of 501 (Not Implemented) @ http://localhost:3119/api/v1/admin/impersonate:0
[ 9558363ms] [ERROR] Failed to load resource: the server responded with a status of 501 (Not Implemented) @ http://localhost:3119/api/v1/admin/impersonate:0
[ 9583826ms] [ERROR] Failed to load resource: the server responded with a status of 503 (Service Unavailable) @ http://localhost:3119/api/v1/system/health:0
[ 9588408ms] [ERROR] Failed to load resource: the server responded with a status of 501 (Not Implemented) @ http://localhost:3119/api/v1/admin/impersonate:0
[ 9588517ms] [ERROR] Failed to load resource: the server responded with a status of 501 (Not Implemented) @ http://localhost:3119/api/v1/admin/impersonate:0
[ 9613850ms] [ERROR] Failed to load resource: the server responded with a status of 503 (Service Unavailable) @ http://localhost:3119/api/v1/system/health:0
[ 9618528ms] [ERROR] Failed to load resource: the server responded with a status of 501 (Not Implemented) @ http://localhost:3119/api/v1/admin/impersonate:0
[ 9618537ms] [ERROR] Failed to load resource: the server responded with a status of 501 (Not Implemented) @ http://localhost:3119/api/v1/admin/impersonate:0
[ 9643861ms] [ERROR] Failed to load resource: the server responded with a status of 503 (Service Unavailable) @ http://localhost:3119/api/v1/system/health:0
[ 9648547ms] [ERROR] Failed to load resource: the server responded with a status of 501 (Not Implemented) @ http://localhost:3119/api/v1/admin/impersonate:0
[ 9648555ms] [ERROR] Failed to load resource: the server responded with a status of 501 (Not Implemented) @ http://localhost:3119/api/v1/admin/impersonate:0
[ 9673870ms] [ERROR] Failed to load resource: the server responded with a status of 503 (Service Unavailable) @ http://localhost:3119/api/v1/system/health:0
[ 9678565ms] [ERROR] Failed to load resource: the server responded with a status of 501 (Not Implemented) @ http://localhost:3119/api/v1/admin/impersonate:0
[ 9678575ms] [ERROR] Failed to load resource: the server responded with a status of 501 (Not Implemented) @ http://localhost:3119/api/v1/admin/impersonate:0
[ 9703882ms] [ERROR] Failed to load resource: the server responded with a status of 503 (Service Unavailable) @ http://localhost:3119/api/v1/system/health:0
[ 9708594ms] [ERROR] Failed to load resource: the server responded with a status of 501 (Not Implemented) @ http://localhost:3119/api/v1/admin/impersonate:0
[ 9708604ms] [ERROR] Failed to load resource: the server responded with a status of 501 (Not Implemented) @ http://localhost:3119/api/v1/admin/impersonate:0
[ 9733894ms] [ERROR] Failed to load resource: the server responded with a status of 503 (Service Unavailable) @ http://localhost:3119/api/v1/system/health:0
[ 9738628ms] [ERROR] Failed to load resource: the server responded with a status of 501 (Not Implemented) @ http://localhost:3119/api/v1/admin/impersonate:0
[ 9738638ms] [ERROR] Failed to load resource: the server responded with a status of 501 (Not Implemented) @ http://localhost:3119/api/v1/admin/impersonate:0
[ 9763917ms] [ERROR] Failed to load resource: the server responded with a status of 503 (Service Unavailable) @ http://localhost:3119/api/v1/system/health:0
[ 9768651ms] [ERROR] Failed to load resource: the server responded with a status of 501 (Not Implemented) @ http://localhost:3119/api/v1/admin/impersonate:0
[ 9768660ms] [ERROR] Failed to load resource: the server responded with a status of 501 (Not Implemented) @ http://localhost:3119/api/v1/admin/impersonate:0
[ 9793939ms] [ERROR] Failed to load resource: the server responded with a status of 503 (Service Unavailable) @ http://localhost:3119/api/v1/system/health:0
[ 9798683ms] [ERROR] Failed to load resource: the server responded with a status of 501 (Not Implemented) @ http://localhost:3119/api/v1/admin/impersonate:0
[ 9798694ms] [ERROR] Failed to load resource: the server responded with a status of 501 (Not Implemented) @ http://localhost:3119/api/v1/admin/impersonate:0
[ 9823953ms] [ERROR] Failed to load resource: the server responded with a status of 503 (Service Unavailable) @ http://localhost:3119/api/v1/system/health:0
[ 9828719ms] [ERROR] Failed to load resource: the server responded with a status of 501 (Not Implemented) @ http://localhost:3119/api/v1/admin/impersonate:0
[ 9828727ms] [ERROR] Failed to load resource: the server responded with a status of 501 (Not Implemented) @ http://localhost:3119/api/v1/admin/impersonate:0
[ 9853967ms] [ERROR] Failed to load resource: the server responded with a status of 503 (Service Unavailable) @ http://localhost:3119/api/v1/system/health:0
[ 9858741ms] [ERROR] Failed to load resource: the server responded with a status of 501 (Not Implemented) @ http://localhost:3119/api/v1/admin/impersonate:0
[ 9858751ms] [ERROR] Failed to load resource: the server responded with a status of 501 (Not Implemented) @ http://localhost:3119/api/v1/admin/impersonate:0
[ 9883981ms] [ERROR] Failed to load resource: the server responded with a status of 503 (Service Unavailable) @ http://localhost:3119/api/v1/system/health:0
[ 9888764ms] [ERROR] Failed to load resource: the server responded with a status of 501 (Not Implemented) @ http://localhost:3119/api/v1/admin/impersonate:0
[ 9888774ms] [ERROR] Failed to load resource: the server responded with a status of 501 (Not Implemented) @ http://localhost:3119/api/v1/admin/impersonate:0
[ 9914003ms] [ERROR] Failed to load resource: the server responded with a status of 503 (Service Unavailable) @ http://localhost:3119/api/v1/system/health:0
[ 9918791ms] [ERROR] Failed to load resource: the server responded with a status of 501 (Not Implemented) @ http://localhost:3119/api/v1/admin/impersonate:0
[ 9918800ms] [ERROR] Failed to load resource: the server responded with a status of 501 (Not Implemented) @ http://localhost:3119/api/v1/admin/impersonate:0
[ 9944026ms] [ERROR] Failed to load resource: the server responded with a status of 503 (Service Unavailable) @ http://localhost:3119/api/v1/system/health:0
[ 9948815ms] [ERROR] Failed to load resource: the server responded with a status of 501 (Not Implemented) @ http://localhost:3119/api/v1/admin/impersonate:0
[ 9948824ms] [ERROR] Failed to load resource: the server responded with a status of 501 (Not Implemented) @ http://localhost:3119/api/v1/admin/impersonate:0
[ 9974039ms] [ERROR] Failed to load resource: the server responded with a status of 503 (Service Unavailable) @ http://localhost:3119/api/v1/system/health:0
[ 9978846ms] [ERROR] Failed to load resource: the server responded with a status of 501 (Not Implemented) @ http://localhost:3119/api/v1/admin/impersonate:0
[ 9978856ms] [ERROR] Failed to load resource: the server responded with a status of 501 (Not Implemented) @ http://localhost:3119/api/v1/admin/impersonate:0
[10004063ms] [ERROR] Failed to load resource: the server responded with a status of 503 (Service Unavailable) @ http://localhost:3119/api/v1/system/health:0
[10008877ms] [ERROR] Failed to load resource: the server responded with a status of 501 (Not Implemented) @ http://localhost:3119/api/v1/admin/impersonate:0
[10008887ms] [ERROR] Failed to load resource: the server responded with a status of 501 (Not Implemented) @ http://localhost:3119/api/v1/admin/impersonate:0
[10034083ms] [ERROR] Failed to load resource: the server responded with a status of 503 (Service Unavailable) @ http://localhost:3119/api/v1/system/health:0
[10038911ms] [ERROR] Failed to load resource: the server responded with a status of 501 (Not Implemented) @ http://localhost:3119/api/v1/admin/impersonate:0
[10038921ms] [ERROR] Failed to load resource: the server responded with a status of 501 (Not Implemented) @ http://localhost:3119/api/v1/admin/impersonate:0
[10064109ms] [ERROR] Failed to load resource: the server responded with a status of 503 (Service Unavailable) @ http://localhost:3119/api/v1/system/health:0
[10068936ms] [ERROR] Failed to load resource: the server responded with a status of 501 (Not Implemented) @ http://localhost:3119/api/v1/admin/impersonate:0
[10068948ms] [ERROR] Failed to load resource: the server responded with a status of 501 (Not Implemented) @ http://localhost:3119/api/v1/admin/impersonate:0
[10094130ms] [ERROR] Failed to load resource: the server responded with a status of 503 (Service Unavailable) @ http://localhost:3119/api/v1/system/health:0
[10098972ms] [ERROR] Failed to load resource: the server responded with a status of 501 (Not Implemented) @ http://localhost:3119/api/v1/admin/impersonate:0
[10098983ms] [ERROR] Failed to load resource: the server responded with a status of 501 (Not Implemented) @ http://localhost:3119/api/v1/admin/impersonate:0
[10124141ms] [ERROR] Failed to load resource: the server responded with a status of 503 (Service Unavailable) @ http://localhost:3119/api/v1/system/health:0
[10128996ms] [ERROR] Failed to load resource: the server responded with a status of 501 (Not Implemented) @ http://localhost:3119/api/v1/admin/impersonate:0
[10129006ms] [ERROR] Failed to load resource: the server responded with a status of 501 (Not Implemented) @ http://localhost:3119/api/v1/admin/impersonate:0
[10154164ms] [ERROR] Failed to load resource: the server responded with a status of 503 (Service Unavailable) @ http://localhost:3119/api/v1/system/health:0
[10159032ms] [ERROR] Failed to load resource: the server responded with a status of 501 (Not Implemented) @ http://localhost:3119/api/v1/admin/impersonate:0
[10159042ms] [ERROR] Failed to load resource: the server responded with a status of 501 (Not Implemented) @ http://localhost:3119/api/v1/admin/impersonate:0
[10184180ms] [ERROR] Failed to load resource: the server responded with a status of 503 (Service Unavailable) @ http://localhost:3119/api/v1/system/health:0
[10189064ms] [ERROR] Failed to load resource: the server responded with a status of 501 (Not Implemented) @ http://localhost:3119/api/v1/admin/impersonate:0
[10189074ms] [ERROR] Failed to load resource: the server responded with a status of 501 (Not Implemented) @ http://localhost:3119/api/v1/admin/impersonate:0
[10214202ms] [ERROR] Failed to load resource: the server responded with a status of 503 (Service Unavailable) @ http://localhost:3119/api/v1/system/health:0
[10219085ms] [ERROR] Failed to load resource: the server responded with a status of 501 (Not Implemented) @ http://localhost:3119/api/v1/admin/impersonate:0
[10219095ms] [ERROR] Failed to load resource: the server responded with a status of 501 (Not Implemented) @ http://localhost:3119/api/v1/admin/impersonate:0
[10244237ms] [ERROR] Failed to load resource: the server responded with a status of 503 (Service Unavailable) @ http://localhost:3119/api/v1/system/health:0
[10249117ms] [ERROR] Failed to load resource: the server responded with a status of 501 (Not Implemented) @ http://localhost:3119/api/v1/admin/impersonate:0
[10249126ms] [ERROR] Failed to load resource: the server responded with a status of 501 (Not Implemented) @ http://localhost:3119/api/v1/admin/impersonate:0
[10274249ms] [ERROR] Failed to load resource: the server responded with a status of 503 (Service Unavailable) @ http://localhost:3119/api/v1/system/health:0
[10279146ms] [ERROR] Failed to load resource: the server responded with a status of 501 (Not Implemented) @ http://localhost:3119/api/v1/admin/impersonate:0
[10279156ms] [ERROR] Failed to load resource: the server responded with a status of 501 (Not Implemented) @ http://localhost:3119/api/v1/admin/impersonate:0
[10304260ms] [ERROR] Failed to load resource: the server responded with a status of 503 (Service Unavailable) @ http://localhost:3119/api/v1/system/health:0
[10309168ms] [ERROR] Failed to load resource: the server responded with a status of 501 (Not Implemented) @ http://localhost:3119/api/v1/admin/impersonate:0
[10309177ms] [ERROR] Failed to load resource: the server responded with a status of 501 (Not Implemented) @ http://localhost:3119/api/v1/admin/impersonate:0
[10334583ms] [ERROR] Failed to load resource: the server responded with a status of 503 (Service Unavailable) @ http://localhost:3119/api/v1/system/health:0
[10339199ms] [ERROR] Failed to load resource: the server responded with a status of 501 (Not Implemented) @ http://localhost:3119/api/v1/admin/impersonate:0
[10339211ms] [ERROR] Failed to load resource: the server responded with a status of 501 (Not Implemented) @ http://localhost:3119/api/v1/admin/impersonate:0
[10364605ms] [ERROR] Failed to load resource: the server responded with a status of 503 (Service Unavailable) @ http://localhost:3119/api/v1/system/health:0
[10369230ms] [ERROR] Failed to load resource: the server responded with a status of 501 (Not Implemented) @ http://localhost:3119/api/v1/admin/impersonate:0
[10369239ms] [ERROR] Failed to load resource: the server responded with a status of 501 (Not Implemented) @ http://localhost:3119/api/v1/admin/impersonate:0
[10394619ms] [ERROR] Failed to load resource: the server responded with a status of 503 (Service Unavailable) @ http://localhost:3119/api/v1/system/health:0
[10399261ms] [ERROR] Failed to load resource: the server responded with a status of 501 (Not Implemented) @ http://localhost:3119/api/v1/admin/impersonate:0
[10399270ms] [ERROR] Failed to load resource: the server responded with a status of 501 (Not Implemented) @ http://localhost:3119/api/v1/admin/impersonate:0
[10424639ms] [ERROR] Failed to load resource: the server responded with a status of 503 (Service Unavailable) @ http://localhost:3119/api/v1/system/health:0
[10429293ms] [ERROR] Failed to load resource: the server responded with a status of 501 (Not Implemented) @ http://localhost:3119/api/v1/admin/impersonate:0
[10429304ms] [ERROR] Failed to load resource: the server responded with a status of 501 (Not Implemented) @ http://localhost:3119/api/v1/admin/impersonate:0
[10454655ms] [ERROR] Failed to load resource: the server responded with a status of 503 (Service Unavailable) @ http://localhost:3119/api/v1/system/health:0
[10459313ms] [ERROR] Failed to load resource: the server responded with a status of 501 (Not Implemented) @ http://localhost:3119/api/v1/admin/impersonate:0
[10459322ms] [ERROR] Failed to load resource: the server responded with a status of 501 (Not Implemented) @ http://localhost:3119/api/v1/admin/impersonate:0
[10484682ms] [ERROR] Failed to load resource: the server responded with a status of 503 (Service Unavailable) @ http://localhost:3119/api/v1/system/health:0
[10489332ms] [ERROR] Failed to load resource: the server responded with a status of 501 (Not Implemented) @ http://localhost:3119/api/v1/admin/impersonate:0
[10489342ms] [ERROR] Failed to load resource: the server responded with a status of 501 (Not Implemented) @ http://localhost:3119/api/v1/admin/impersonate:0
[10514717ms] [ERROR] Failed to load resource: the server responded with a status of 503 (Service Unavailable) @ http://localhost:3119/api/v1/system/health:0
[10519363ms] [ERROR] Failed to load resource: the server responded with a status of 501 (Not Implemented) @ http://localhost:3119/api/v1/admin/impersonate:0
[10519376ms] [ERROR] Failed to load resource: the server responded with a status of 501 (Not Implemented) @ http://localhost:3119/api/v1/admin/impersonate:0
[10544730ms] [ERROR] Failed to load resource: the server responded with a status of 503 (Service Unavailable) @ http://localhost:3119/api/v1/system/health:0
[10549385ms] [ERROR] Failed to load resource: the server responded with a status of 501 (Not Implemented) @ http://localhost:3119/api/v1/admin/impersonate:0
[10549394ms] [ERROR] Failed to load resource: the server responded with a status of 501 (Not Implemented) @ http://localhost:3119/api/v1/admin/impersonate:0
[10574748ms] [ERROR] Failed to load resource: the server responded with a status of 503 (Service Unavailable) @ http://localhost:3119/api/v1/system/health:0
[10579405ms] [ERROR] Failed to load resource: the server responded with a status of 501 (Not Implemented) @ http://localhost:3119/api/v1/admin/impersonate:0
[10579416ms] [ERROR] Failed to load resource: the server responded with a status of 501 (Not Implemented) @ http://localhost:3119/api/v1/admin/impersonate:0
[10604776ms] [ERROR] Failed to load resource: the server responded with a status of 503 (Service Unavailable) @ http://localhost:3119/api/v1/system/health:0
[10609430ms] [ERROR] Failed to load resource: the server responded with a status of 501 (Not Implemented) @ http://localhost:3119/api/v1/admin/impersonate:0
[10609438ms] [ERROR] Failed to load resource: the server responded with a status of 501 (Not Implemented) @ http://localhost:3119/api/v1/admin/impersonate:0
[10634803ms] [ERROR] Failed to load resource: the server responded with a status of 503 (Service Unavailable) @ http://localhost:3119/api/v1/system/health:0
[10639448ms] [ERROR] Failed to load resource: the server responded with a status of 501 (Not Implemented) @ http://localhost:3119/api/v1/admin/impersonate:0
[10639458ms] [ERROR] Failed to load resource: the server responded with a status of 501 (Not Implemented) @ http://localhost:3119/api/v1/admin/impersonate:0
[10664831ms] [ERROR] Failed to load resource: the server responded with a status of 503 (Service Unavailable) @ http://localhost:3119/api/v1/system/health:0
[10669476ms] [ERROR] Failed to load resource: the server responded with a status of 501 (Not Implemented) @ http://localhost:3119/api/v1/admin/impersonate:0
[10669485ms] [ERROR] Failed to load resource: the server responded with a status of 501 (Not Implemented) @ http://localhost:3119/api/v1/admin/impersonate:0
[10694852ms] [ERROR] Failed to load resource: the server responded with a status of 503 (Service Unavailable) @ http://localhost:3119/api/v1/system/health:0
[10699507ms] [ERROR] Failed to load resource: the server responded with a status of 501 (Not Implemented) @ http://localhost:3119/api/v1/admin/impersonate:0
[10699522ms] [ERROR] Failed to load resource: the server responded with a status of 501 (Not Implemented) @ http://localhost:3119/api/v1/admin/impersonate:0
[10724878ms] [ERROR] Failed to load resource: the server responded with a status of 503 (Service Unavailable) @ http://localhost:3119/api/v1/system/health:0
[10729532ms] [ERROR] Failed to load resource: the server responded with a status of 501 (Not Implemented) @ http://localhost:3119/api/v1/admin/impersonate:0
[10729541ms] [ERROR] Failed to load resource: the server responded with a status of 501 (Not Implemented) @ http://localhost:3119/api/v1/admin/impersonate:0
[10754899ms] [ERROR] Failed to load resource: the server responded with a status of 503 (Service Unavailable) @ http://localhost:3119/api/v1/system/health:0
[10759558ms] [ERROR] Failed to load resource: the server responded with a status of 501 (Not Implemented) @ http://localhost:3119/api/v1/admin/impersonate:0
[10759569ms] [ERROR] Failed to load resource: the server responded with a status of 501 (Not Implemented) @ http://localhost:3119/api/v1/admin/impersonate:0
[10784919ms] [ERROR] Failed to load resource: the server responded with a status of 503 (Service Unavailable) @ http://localhost:3119/api/v1/system/health:0
[10789580ms] [ERROR] Failed to load resource: the server responded with a status of 501 (Not Implemented) @ http://localhost:3119/api/v1/admin/impersonate:0
[10789589ms] [ERROR] Failed to load resource: the server responded with a status of 501 (Not Implemented) @ http://localhost:3119/api/v1/admin/impersonate:0
[10814937ms] [ERROR] Failed to load resource: the server responded with a status of 503 (Service Unavailable) @ http://localhost:3119/api/v1/system/health:0
[10819600ms] [ERROR] Failed to load resource: the server responded with a status of 501 (Not Implemented) @ http://localhost:3119/api/v1/admin/impersonate:0
[10819610ms] [ERROR] Failed to load resource: the server responded with a status of 501 (Not Implemented) @ http://localhost:3119/api/v1/admin/impersonate:0
[10844963ms] [ERROR] Failed to load resource: the server responded with a status of 503 (Service Unavailable) @ http://localhost:3119/api/v1/system/health:0
[10849625ms] [ERROR] Failed to load resource: the server responded with a status of 501 (Not Implemented) @ http://localhost:3119/api/v1/admin/impersonate:0
[10849635ms] [ERROR] Failed to load resource: the server responded with a status of 501 (Not Implemented) @ http://localhost:3119/api/v1/admin/impersonate:0
[10874984ms] [ERROR] Failed to load resource: the server responded with a status of 503 (Service Unavailable) @ http://localhost:3119/api/v1/system/health:0
[10879645ms] [ERROR] Failed to load resource: the server responded with a status of 501 (Not Implemented) @ http://localhost:3119/api/v1/admin/impersonate:0
[10879655ms] [ERROR] Failed to load resource: the server responded with a status of 501 (Not Implemented) @ http://localhost:3119/api/v1/admin/impersonate:0
[10905011ms] [ERROR] Failed to load resource: the server responded with a status of 503 (Service Unavailable) @ http://localhost:3119/api/v1/system/health:0
[10909665ms] [ERROR] Failed to load resource: the server responded with a status of 501 (Not Implemented) @ http://localhost:3119/api/v1/admin/impersonate:0
[10909678ms] [ERROR] Failed to load resource: the server responded with a status of 501 (Not Implemented) @ http://localhost:3119/api/v1/admin/impersonate:0
[10935049ms] [ERROR] Failed to load resource: the server responded with a status of 503 (Service Unavailable) @ http://localhost:3119/api/v1/system/health:0
[10939700ms] [ERROR] Failed to load resource: the server responded with a status of 501 (Not Implemented) @ http://localhost:3119/api/v1/admin/impersonate:0
[10939709ms] [ERROR] Failed to load resource: the server responded with a status of 501 (Not Implemented) @ http://localhost:3119/api/v1/admin/impersonate:0
[10965066ms] [ERROR] Failed to load resource: the server responded with a status of 503 (Service Unavailable) @ http://localhost:3119/api/v1/system/health:0
[10969724ms] [ERROR] Failed to load resource: the server responded with a status of 501 (Not Implemented) @ http://localhost:3119/api/v1/admin/impersonate:0
[10969733ms] [ERROR] Failed to load resource: the server responded with a status of 501 (Not Implemented) @ http://localhost:3119/api/v1/admin/impersonate:0
[10995090ms] [ERROR] Failed to load resource: the server responded with a status of 503 (Service Unavailable) @ http://localhost:3119/api/v1/system/health:0
[10999756ms] [ERROR] Failed to load resource: the server responded with a status of 501 (Not Implemented) @ http://localhost:3119/api/v1/admin/impersonate:0
[10999767ms] [ERROR] Failed to load resource: the server responded with a status of 501 (Not Implemented) @ http://localhost:3119/api/v1/admin/impersonate:0
[11025118ms] [ERROR] Failed to load resource: the server responded with a status of 503 (Service Unavailable) @ http://localhost:3119/api/v1/system/health:0
[11029788ms] [ERROR] Failed to load resource: the server responded with a status of 501 (Not Implemented) @ http://localhost:3119/api/v1/admin/impersonate:0
[11029797ms] [ERROR] Failed to load resource: the server responded with a status of 501 (Not Implemented) @ http://localhost:3119/api/v1/admin/impersonate:0
[11055138ms] [ERROR] Failed to load resource: the server responded with a status of 503 (Service Unavailable) @ http://localhost:3119/api/v1/system/health:0
[11059812ms] [ERROR] Failed to load resource: the server responded with a status of 501 (Not Implemented) @ http://localhost:3119/api/v1/admin/impersonate:0
[11059820ms] [ERROR] Failed to load resource: the server responded with a status of 501 (Not Implemented) @ http://localhost:3119/api/v1/admin/impersonate:0
[11085165ms] [ERROR] Failed to load resource: the server responded with a status of 503 (Service Unavailable) @ http://localhost:3119/api/v1/system/health:0
[11089842ms] [ERROR] Failed to load resource: the server responded with a status of 501 (Not Implemented) @ http://localhost:3119/api/v1/admin/impersonate:0
[11089851ms] [ERROR] Failed to load resource: the server responded with a status of 501 (Not Implemented) @ http://localhost:3119/api/v1/admin/impersonate:0
[11115206ms] [ERROR] Failed to load resource: the server responded with a status of 503 (Service Unavailable) @ http://localhost:3119/api/v1/system/health:0
[11119871ms] [ERROR] Failed to load resource: the server responded with a status of 501 (Not Implemented) @ http://localhost:3119/api/v1/admin/impersonate:0
[11119883ms] [ERROR] Failed to load resource: the server responded with a status of 501 (Not Implemented) @ http://localhost:3119/api/v1/admin/impersonate:0
[11145220ms] [ERROR] Failed to load resource: the server responded with a status of 503 (Service Unavailable) @ http://localhost:3119/api/v1/system/health:0
[11149898ms] [ERROR] Failed to load resource: the server responded with a status of 501 (Not Implemented) @ http://localhost:3119/api/v1/admin/impersonate:0
[11149906ms] [ERROR] Failed to load resource: the server responded with a status of 501 (Not Implemented) @ http://localhost:3119/api/v1/admin/impersonate:0
[11175236ms] [ERROR] Failed to load resource: the server responded with a status of 503 (Service Unavailable) @ http://localhost:3119/api/v1/system/health:0
[11179916ms] [ERROR] Failed to load resource: the server responded with a status of 501 (Not Implemented) @ http://localhost:3119/api/v1/admin/impersonate:0
[11179925ms] [ERROR] Failed to load resource: the server responded with a status of 501 (Not Implemented) @ http://localhost:3119/api/v1/admin/impersonate:0
[11205253ms] [ERROR] Failed to load resource: the server responded with a status of 503 (Service Unavailable) @ http://localhost:3119/api/v1/system/health:0
[11209945ms] [ERROR] Failed to load resource: the server responded with a status of 501 (Not Implemented) @ http://localhost:3119/api/v1/admin/impersonate:0
[11209955ms] [ERROR] Failed to load resource: the server responded with a status of 501 (Not Implemented) @ http://localhost:3119/api/v1/admin/impersonate:0
[11235270ms] [ERROR] Failed to load resource: the server responded with a status of 503 (Service Unavailable) @ http://localhost:3119/api/v1/system/health:0
[11241325ms] [ERROR] Failed to load resource: the server responded with a status of 501 (Not Implemented) @ http://localhost:3119/api/v1/admin/impersonate:0
[11241424ms] [ERROR] Failed to load resource: the server responded with a status of 501 (Not Implemented) @ http://localhost:3119/api/v1/admin/impersonate:0
[11265291ms] [ERROR] Failed to load resource: the server responded with a status of 503 (Service Unavailable) @ http://localhost:3119/api/v1/system/health:0
[11271503ms] [ERROR] Failed to load resource: the server responded with a status of 501 (Not Implemented) @ http://localhost:3119/api/v1/admin/impersonate:0
[11271512ms] [ERROR] Failed to load resource: the server responded with a status of 501 (Not Implemented) @ http://localhost:3119/api/v1/admin/impersonate:0
[11295311ms] [ERROR] Failed to load resource: the server responded with a status of 503 (Service Unavailable) @ http://localhost:3119/api/v1/system/health:0
[11301532ms] [ERROR] Failed to load resource: the server responded with a status of 501 (Not Implemented) @ http://localhost:3119/api/v1/admin/impersonate:0
[11301543ms] [ERROR] Failed to load resource: the server responded with a status of 501 (Not Implemented) @ http://localhost:3119/api/v1/admin/impersonate:0
[11325328ms] [ERROR] Failed to load resource: the server responded with a status of 503 (Service Unavailable) @ http://localhost:3119/api/v1/system/health:0
[11331561ms] [ERROR] Failed to load resource: the server responded with a status of 501 (Not Implemented) @ http://localhost:3119/api/v1/admin/impersonate:0
[11331570ms] [ERROR] Failed to load resource: the server responded with a status of 501 (Not Implemented) @ http://localhost:3119/api/v1/admin/impersonate:0
[11355353ms] [ERROR] Failed to load resource: the server responded with a status of 503 (Service Unavailable) @ http://localhost:3119/api/v1/system/health:0
[11361653ms] [ERROR] Failed to load resource: the server responded with a status of 501 (Not Implemented) @ http://localhost:3119/api/v1/admin/impersonate:0
[11361678ms] [ERROR] Failed to load resource: the server responded with a status of 501 (Not Implemented) @ http://localhost:3119/api/v1/admin/impersonate:0
[11385380ms] [ERROR] Failed to load resource: the server responded with a status of 503 (Service Unavailable) @ http://localhost:3119/api/v1/system/health:0
[11391696ms] [ERROR] Failed to load resource: the server responded with a status of 501 (Not Implemented) @ http://localhost:3119/api/v1/admin/impersonate:0
[11391723ms] [ERROR] Failed to load resource: the server responded with a status of 501 (Not Implemented) @ http://localhost:3119/api/v1/admin/impersonate:0
[11415424ms] [ERROR] Failed to load resource: the server responded with a status of 503 (Service Unavailable) @ http://localhost:3119/api/v1/system/health:0
[11421806ms] [ERROR] Failed to load resource: the server responded with a status of 501 (Not Implemented) @ http://localhost:3119/api/v1/admin/impersonate:0
[11421832ms] [ERROR] Failed to load resource: the server responded with a status of 501 (Not Implemented) @ http://localhost:3119/api/v1/admin/impersonate:0
[11446116ms] [ERROR] Failed to load resource: the server responded with a status of 503 (Service Unavailable) @ http://localhost:3119/api/v1/system/health:0
[11451867ms] [ERROR] Failed to load resource: the server responded with a status of 501 (Not Implemented) @ http://localhost:3119/api/v1/admin/impersonate:0
[11451878ms] [ERROR] Failed to load resource: the server responded with a status of 501 (Not Implemented) @ http://localhost:3119/api/v1/admin/impersonate:0
[11476130ms] [ERROR] Failed to load resource: the server responded with a status of 503 (Service Unavailable) @ http://localhost:3119/api/v1/system/health:0
[11481925ms] [ERROR] Failed to load resource: the server responded with a status of 501 (Not Implemented) @ http://localhost:3119/api/v1/admin/impersonate:0
[11481938ms] [ERROR] Failed to load resource: the server responded with a status of 501 (Not Implemented) @ http://localhost:3119/api/v1/admin/impersonate:0
[11506152ms] [ERROR] Failed to load resource: the server responded with a status of 503 (Service Unavailable) @ http://localhost:3119/api/v1/system/health:0
[11511984ms] [ERROR] Failed to load resource: the server responded with a status of 501 (Not Implemented) @ http://localhost:3119/api/v1/admin/impersonate:0
[11511996ms] [ERROR] Failed to load resource: the server responded with a status of 501 (Not Implemented) @ http://localhost:3119/api/v1/admin/impersonate:0
[11536175ms] [ERROR] Failed to load resource: the server responded with a status of 503 (Service Unavailable) @ http://localhost:3119/api/v1/system/health:0
[11542049ms] [ERROR] Failed to load resource: the server responded with a status of 501 (Not Implemented) @ http://localhost:3119/api/v1/admin/impersonate:0
[11542069ms] [ERROR] Failed to load resource: the server responded with a status of 501 (Not Implemented) @ http://localhost:3119/api/v1/admin/impersonate:0
[11566192ms] [ERROR] Failed to load resource: the server responded with a status of 503 (Service Unavailable) @ http://localhost:3119/api/v1/system/health:0
[11572109ms] [ERROR] Failed to load resource: the server responded with a status of 501 (Not Implemented) @ http://localhost:3119/api/v1/admin/impersonate:0
[11572124ms] [ERROR] Failed to load resource: the server responded with a status of 501 (Not Implemented) @ http://localhost:3119/api/v1/admin/impersonate:0
[11596209ms] [ERROR] Failed to load resource: the server responded with a status of 503 (Service Unavailable) @ http://localhost:3119/api/v1/system/health:0
[11602188ms] [ERROR] Failed to load resource: the server responded with a status of 501 (Not Implemented) @ http://localhost:3119/api/v1/admin/impersonate:0
[11602202ms] [ERROR] Failed to load resource: the server responded with a status of 501 (Not Implemented) @ http://localhost:3119/api/v1/admin/impersonate:0
[11626228ms] [ERROR] Failed to load resource: the server responded with a status of 503 (Service Unavailable) @ http://localhost:3119/api/v1/system/health:0
[11632285ms] [ERROR] Failed to load resource: the server responded with a status of 501 (Not Implemented) @ http://localhost:3119/api/v1/admin/impersonate:0
[11632296ms] [ERROR] Failed to load resource: the server responded with a status of 501 (Not Implemented) @ http://localhost:3119/api/v1/admin/impersonate:0
[11656252ms] [ERROR] Failed to load resource: the server responded with a status of 503 (Service Unavailable) @ http://localhost:3119/api/v1/system/health:0
[11662315ms] [ERROR] Failed to load resource: the server responded with a status of 501 (Not Implemented) @ http://localhost:3119/api/v1/admin/impersonate:0
[11662328ms] [ERROR] Failed to load resource: the server responded with a status of 501 (Not Implemented) @ http://localhost:3119/api/v1/admin/impersonate:0
[11686271ms] [ERROR] Failed to load resource: the server responded with a status of 503 (Service Unavailable) @ http://localhost:3119/api/v1/system/health:0
[11692360ms] [ERROR] Failed to load resource: the server responded with a status of 501 (Not Implemented) @ http://localhost:3119/api/v1/admin/impersonate:0
[11692373ms] [ERROR] Failed to load resource: the server responded with a status of 501 (Not Implemented) @ http://localhost:3119/api/v1/admin/impersonate:0
[11716286ms] [ERROR] Failed to load resource: the server responded with a status of 503 (Service Unavailable) @ http://localhost:3119/api/v1/system/health:0
[11722409ms] [ERROR] Failed to load resource: the server responded with a status of 501 (Not Implemented) @ http://localhost:3119/api/v1/admin/impersonate:0
[11722422ms] [ERROR] Failed to load resource: the server responded with a status of 501 (Not Implemented) @ http://localhost:3119/api/v1/admin/impersonate:0
[11746308ms] [ERROR] Failed to load resource: the server responded with a status of 503 (Service Unavailable) @ http://localhost:3119/api/v1/system/health:0
[11752470ms] [ERROR] Failed to load resource: the server responded with a status of 501 (Not Implemented) @ http://localhost:3119/api/v1/admin/impersonate:0
[11752479ms] [ERROR] Failed to load resource: the server responded with a status of 501 (Not Implemented) @ http://localhost:3119/api/v1/admin/impersonate:0
[11776341ms] [ERROR] Failed to load resource: the server responded with a status of 503 (Service Unavailable) @ http://localhost:3119/api/v1/system/health:0
[11782517ms] [ERROR] Failed to load resource: the server responded with a status of 501 (Not Implemented) @ http://localhost:3119/api/v1/admin/impersonate:0
[11782539ms] [ERROR] Failed to load resource: the server responded with a status of 501 (Not Implemented) @ http://localhost:3119/api/v1/admin/impersonate:0
[11806373ms] [ERROR] Failed to load resource: the server responded with a status of 503 (Service Unavailable) @ http://localhost:3119/api/v1/system/health:0
[11812584ms] [ERROR] Failed to load resource: the server responded with a status of 501 (Not Implemented) @ http://localhost:3119/api/v1/admin/impersonate:0
[11812597ms] [ERROR] Failed to load resource: the server responded with a status of 501 (Not Implemented) @ http://localhost:3119/api/v1/admin/impersonate:0
[11836393ms] [ERROR] Failed to load resource: the server responded with a status of 503 (Service Unavailable) @ http://localhost:3119/api/v1/system/health:0
[11842642ms] [ERROR] Failed to load resource: the server responded with a status of 501 (Not Implemented) @ http://localhost:3119/api/v1/admin/impersonate:0
[11842655ms] [ERROR] Failed to load resource: the server responded with a status of 501 (Not Implemented) @ http://localhost:3119/api/v1/admin/impersonate:0
[11866417ms] [ERROR] Failed to load resource: the server responded with a status of 503 (Service Unavailable) @ http://localhost:3119/api/v1/system/health:0
[11872713ms] [ERROR] Failed to load resource: the server responded with a status of 501 (Not Implemented) @ http://localhost:3119/api/v1/admin/impersonate:0
[11872738ms] [ERROR] Failed to load resource: the server responded with a status of 501 (Not Implemented) @ http://localhost:3119/api/v1/admin/impersonate:0
[11896433ms] [ERROR] Failed to load resource: the server responded with a status of 503 (Service Unavailable) @ http://localhost:3119/api/v1/system/health:0
[11902794ms] [ERROR] Failed to load resource: the server responded with a status of 501 (Not Implemented) @ http://localhost:3119/api/v1/admin/impersonate:0
[11902809ms] [ERROR] Failed to load resource: the server responded with a status of 501 (Not Implemented) @ http://localhost:3119/api/v1/admin/impersonate:0
[11926456ms] [ERROR] Failed to load resource: the server responded with a status of 503 (Service Unavailable) @ http://localhost:3119/api/v1/system/health:0
[11932837ms] [ERROR] Failed to load resource: the server responded with a status of 501 (Not Implemented) @ http://localhost:3119/api/v1/admin/impersonate:0
[11932848ms] [ERROR] Failed to load resource: the server responded with a status of 501 (Not Implemented) @ http://localhost:3119/api/v1/admin/impersonate:0
[11956479ms] [ERROR] Failed to load resource: the server responded with a status of 503 (Service Unavailable) @ http://localhost:3119/api/v1/system/health:0
[11962934ms] [ERROR] Failed to load resource: the server responded with a status of 501 (Not Implemented) @ http://localhost:3119/api/v1/admin/impersonate:0
[11962957ms] [ERROR] Failed to load resource: the server responded with a status of 501 (Not Implemented) @ http://localhost:3119/api/v1/admin/impersonate:0
[11986502ms] [ERROR] Failed to load resource: the server responded with a status of 503 (Service Unavailable) @ http://localhost:3119/api/v1/system/health:0
[11992995ms] [ERROR] Failed to load resource: the server responded with a status of 501 (Not Implemented) @ http://localhost:3119/api/v1/admin/impersonate:0
[11993004ms] [ERROR] Failed to load resource: the server responded with a status of 501 (Not Implemented) @ http://localhost:3119/api/v1/admin/impersonate:0
[12016529ms] [ERROR] Failed to load resource: the server responded with a status of 503 (Service Unavailable) @ http://localhost:3119/api/v1/system/health:0
[12023076ms] [ERROR] Failed to load resource: the server responded with a status of 501 (Not Implemented) @ http://localhost:3119/api/v1/admin/impersonate:0
[12023103ms] [ERROR] Failed to load resource: the server responded with a status of 501 (Not Implemented) @ http://localhost:3119/api/v1/admin/impersonate:0
[12046543ms] [ERROR] Failed to load resource: the server responded with a status of 503 (Service Unavailable) @ http://localhost:3119/api/v1/system/health:0
[12053159ms] [ERROR] Failed to load resource: the server responded with a status of 501 (Not Implemented) @ http://localhost:3119/api/v1/admin/impersonate:0
[12053172ms] [ERROR] Failed to load resource: the server responded with a status of 501 (Not Implemented) @ http://localhost:3119/api/v1/admin/impersonate:0
[12076560ms] [ERROR] Failed to load resource: the server responded with a status of 503 (Service Unavailable) @ http://localhost:3119/api/v1/system/health:0
[12083219ms] [ERROR] Failed to load resource: the server responded with a status of 501 (Not Implemented) @ http://localhost:3119/api/v1/admin/impersonate:0
[12083232ms] [ERROR] Failed to load resource: the server responded with a status of 501 (Not Implemented) @ http://localhost:3119/api/v1/admin/impersonate:0
[12106577ms] [ERROR] Failed to load resource: the server responded with a status of 503 (Service Unavailable) @ http://localhost:3119/api/v1/system/health:0
[12113287ms] [ERROR] Failed to load resource: the server responded with a status of 501 (Not Implemented) @ http://localhost:3119/api/v1/admin/impersonate:0
[12113300ms] [ERROR] Failed to load resource: the server responded with a status of 501 (Not Implemented) @ http://localhost:3119/api/v1/admin/impersonate:0
[12136592ms] [ERROR] Failed to load resource: the server responded with a status of 503 (Service Unavailable) @ http://localhost:3119/api/v1/system/health:0
[12143342ms] [ERROR] Failed to load resource: the server responded with a status of 501 (Not Implemented) @ http://localhost:3119/api/v1/admin/impersonate:0
[12143353ms] [ERROR] Failed to load resource: the server responded with a status of 501 (Not Implemented) @ http://localhost:3119/api/v1/admin/impersonate:0
[12166612ms] [ERROR] Failed to load resource: the server responded with a status of 503 (Service Unavailable) @ http://localhost:3119/api/v1/system/health:0
[12173398ms] [ERROR] Failed to load resource: the server responded with a status of 501 (Not Implemented) @ http://localhost:3119/api/v1/admin/impersonate:0
[12173415ms] [ERROR] Failed to load resource: the server responded with a status of 501 (Not Implemented) @ http://localhost:3119/api/v1/admin/impersonate:0
[12196631ms] [ERROR] Failed to load resource: the server responded with a status of 503 (Service Unavailable) @ http://localhost:3119/api/v1/system/health:0
[12203469ms] [ERROR] Failed to load resource: the server responded with a status of 501 (Not Implemented) @ http://localhost:3119/api/v1/admin/impersonate:0
[12203492ms] [ERROR] Failed to load resource: the server responded with a status of 501 (Not Implemented) @ http://localhost:3119/api/v1/admin/impersonate:0
[12226647ms] [ERROR] Failed to load resource: the server responded with a status of 503 (Service Unavailable) @ http://localhost:3119/api/v1/system/health:0
[12233549ms] [ERROR] Failed to load resource: the server responded with a status of 501 (Not Implemented) @ http://localhost:3119/api/v1/admin/impersonate:0
[12233561ms] [ERROR] Failed to load resource: the server responded with a status of 501 (Not Implemented) @ http://localhost:3119/api/v1/admin/impersonate:0
[12256671ms] [ERROR] Failed to load resource: the server responded with a status of 503 (Service Unavailable) @ http://localhost:3119/api/v1/system/health:0
[12263609ms] [ERROR] Failed to load resource: the server responded with a status of 501 (Not Implemented) @ http://localhost:3119/api/v1/admin/impersonate:0
[12263621ms] [ERROR] Failed to load resource: the server responded with a status of 501 (Not Implemented) @ http://localhost:3119/api/v1/admin/impersonate:0
[12286690ms] [ERROR] Failed to load resource: the server responded with a status of 503 (Service Unavailable) @ http://localhost:3119/api/v1/system/health:0
[12293678ms] [ERROR] Failed to load resource: the server responded with a status of 501 (Not Implemented) @ http://localhost:3119/api/v1/admin/impersonate:0
[12293716ms] [ERROR] Failed to load resource: the server responded with a status of 501 (Not Implemented) @ http://localhost:3119/api/v1/admin/impersonate:0
[12316705ms] [ERROR] Failed to load resource: the server responded with a status of 503 (Service Unavailable) @ http://localhost:3119/api/v1/system/health:0
[12325742ms] [ERROR] Failed to load resource: the server responded with a status of 501 (Not Implemented) @ http://localhost:3119/api/v1/admin/impersonate:0
[12325847ms] [ERROR] Failed to load resource: the server responded with a status of 501 (Not Implemented) @ http://localhost:3119/api/v1/admin/impersonate:0
[12346722ms] [ERROR] Failed to load resource: the server responded with a status of 503 (Service Unavailable) @ http://localhost:3119/api/v1/system/health:0
[12355892ms] [ERROR] Failed to load resource: the server responded with a status of 501 (Not Implemented) @ http://localhost:3119/api/v1/admin/impersonate:0
[12355907ms] [ERROR] Failed to load resource: the server responded with a status of 501 (Not Implemented) @ http://localhost:3119/api/v1/admin/impersonate:0
[12376735ms] [ERROR] Failed to load resource: the server responded with a status of 503 (Service Unavailable) @ http://localhost:3119/api/v1/system/health:0
[12385949ms] [ERROR] Failed to load resource: the server responded with a status of 501 (Not Implemented) @ http://localhost:3119/api/v1/admin/impersonate:0
[12385957ms] [ERROR] Failed to load resource: the server responded with a status of 501 (Not Implemented) @ http://localhost:3119/api/v1/admin/impersonate:0
[12406751ms] [ERROR] Failed to load resource: the server responded with a status of 503 (Service Unavailable) @ http://localhost:3119/api/v1/system/health:0
[12416005ms] [ERROR] Failed to load resource: the server responded with a status of 501 (Not Implemented) @ http://localhost:3119/api/v1/admin/impersonate:0
[12416018ms] [ERROR] Failed to load resource: the server responded with a status of 501 (Not Implemented) @ http://localhost:3119/api/v1/admin/impersonate:0
[12436762ms] [ERROR] Failed to load resource: the server responded with a status of 503 (Service Unavailable) @ http://localhost:3119/api/v1/system/health:0
[12446066ms] [ERROR] Failed to load resource: the server responded with a status of 501 (Not Implemented) @ http://localhost:3119/api/v1/admin/impersonate:0
[12446075ms] [ERROR] Failed to load resource: the server responded with a status of 501 (Not Implemented) @ http://localhost:3119/api/v1/admin/impersonate:0
[12466778ms] [ERROR] Failed to load resource: the server responded with a status of 503 (Service Unavailable) @ http://localhost:3119/api/v1/system/health:0
[12476121ms] [ERROR] Failed to load resource: the server responded with a status of 501 (Not Implemented) @ http://localhost:3119/api/v1/admin/impersonate:0
[12476130ms] [ERROR] Failed to load resource: the server responded with a status of 501 (Not Implemented) @ http://localhost:3119/api/v1/admin/impersonate:0
[12496800ms] [ERROR] Failed to load resource: the server responded with a status of 503 (Service Unavailable) @ http://localhost:3119/api/v1/system/health:0
[12506180ms] [ERROR] Failed to load resource: the server responded with a status of 501 (Not Implemented) @ http://localhost:3119/api/v1/admin/impersonate:0
[12506192ms] [ERROR] Failed to load resource: the server responded with a status of 501 (Not Implemented) @ http://localhost:3119/api/v1/admin/impersonate:0
[12526815ms] [ERROR] Failed to load resource: the server responded with a status of 503 (Service Unavailable) @ http://localhost:3119/api/v1/system/health:0
[12536238ms] [ERROR] Failed to load resource: the server responded with a status of 501 (Not Implemented) @ http://localhost:3119/api/v1/admin/impersonate:0
[12536254ms] [ERROR] Failed to load resource: the server responded with a status of 501 (Not Implemented) @ http://localhost:3119/api/v1/admin/impersonate:0
[12556840ms] [ERROR] Failed to load resource: the server responded with a status of 503 (Service Unavailable) @ http://localhost:3119/api/v1/system/health:0
[12566289ms] [ERROR] Failed to load resource: the server responded with a status of 501 (Not Implemented) @ http://localhost:3119/api/v1/admin/impersonate:0
[12566298ms] [ERROR] Failed to load resource: the server responded with a status of 501 (Not Implemented) @ http://localhost:3119/api/v1/admin/impersonate:0
[12586861ms] [ERROR] Failed to load resource: the server responded with a status of 503 (Service Unavailable) @ http://localhost:3119/api/v1/system/health:0
[12596343ms] [ERROR] Failed to load resource: the server responded with a status of 501 (Not Implemented) @ http://localhost:3119/api/v1/admin/impersonate:0
[12596354ms] [ERROR] Failed to load resource: the server responded with a status of 501 (Not Implemented) @ http://localhost:3119/api/v1/admin/impersonate:0
[12616882ms] [ERROR] Failed to load resource: the server responded with a status of 503 (Service Unavailable) @ http://localhost:3119/api/v1/system/health:0
[12626393ms] [ERROR] Failed to load resource: the server responded with a status of 501 (Not Implemented) @ http://localhost:3119/api/v1/admin/impersonate:0
[12626402ms] [ERROR] Failed to load resource: the server responded with a status of 501 (Not Implemented) @ http://localhost:3119/api/v1/admin/impersonate:0
[12646896ms] [ERROR] Failed to load resource: the server responded with a status of 503 (Service Unavailable) @ http://localhost:3119/api/v1/system/health:0
[12656451ms] [ERROR] Failed to load resource: the server responded with a status of 501 (Not Implemented) @ http://localhost:3119/api/v1/admin/impersonate:0
[12656460ms] [ERROR] Failed to load resource: the server responded with a status of 501 (Not Implemented) @ http://localhost:3119/api/v1/admin/impersonate:0
[12676913ms] [ERROR] Failed to load resource: the server responded with a status of 503 (Service Unavailable) @ http://localhost:3119/api/v1/system/health:0
[12686508ms] [ERROR] Failed to load resource: the server responded with a status of 501 (Not Implemented) @ http://localhost:3119/api/v1/admin/impersonate:0
[12686520ms] [ERROR] Failed to load resource: the server responded with a status of 501 (Not Implemented) @ http://localhost:3119/api/v1/admin/impersonate:0
[12706927ms] [ERROR] Failed to load resource: the server responded with a status of 503 (Service Unavailable) @ http://localhost:3119/api/v1/system/health:0
[12716559ms] [ERROR] Failed to load resource: the server responded with a status of 501 (Not Implemented) @ http://localhost:3119/api/v1/admin/impersonate:0
[12716572ms] [ERROR] Failed to load resource: the server responded with a status of 501 (Not Implemented) @ http://localhost:3119/api/v1/admin/impersonate:0
[12736954ms] [ERROR] Failed to load resource: the server responded with a status of 503 (Service Unavailable) @ http://localhost:3119/api/v1/system/health:0
[12746619ms] [ERROR] Failed to load resource: the server responded with a status of 501 (Not Implemented) @ http://localhost:3119/api/v1/admin/impersonate:0
[12746630ms] [ERROR] Failed to load resource: the server responded with a status of 501 (Not Implemented) @ http://localhost:3119/api/v1/admin/impersonate:0
[12766964ms] [ERROR] Failed to load resource: the server responded with a status of 503 (Service Unavailable) @ http://localhost:3119/api/v1/system/health:0
[12776700ms] [ERROR] Failed to load resource: the server responded with a status of 501 (Not Implemented) @ http://localhost:3119/api/v1/admin/impersonate:0
[12776718ms] [ERROR] Failed to load resource: the server responded with a status of 501 (Not Implemented) @ http://localhost:3119/api/v1/admin/impersonate:0
[12796981ms] [ERROR] Failed to load resource: the server responded with a status of 503 (Service Unavailable) @ http://localhost:3119/api/v1/system/health:0
[12806742ms] [ERROR] Failed to load resource: the server responded with a status of 501 (Not Implemented) @ http://localhost:3119/api/v1/admin/impersonate:0
[12806751ms] [ERROR] Failed to load resource: the server responded with a status of 501 (Not Implemented) @ http://localhost:3119/api/v1/admin/impersonate:0
[12826997ms] [ERROR] Failed to load resource: the server responded with a status of 503 (Service Unavailable) @ http://localhost:3119/api/v1/system/health:0
[12836787ms] [ERROR] Failed to load resource: the server responded with a status of 501 (Not Implemented) @ http://localhost:3119/api/v1/admin/impersonate:0
[12836799ms] [ERROR] Failed to load resource: the server responded with a status of 501 (Not Implemented) @ http://localhost:3119/api/v1/admin/impersonate:0
[12857012ms] [ERROR] Failed to load resource: the server responded with a status of 503 (Service Unavailable) @ http://localhost:3119/api/v1/system/health:0
[12866833ms] [ERROR] Failed to load resource: the server responded with a status of 501 (Not Implemented) @ http://localhost:3119/api/v1/admin/impersonate:0
[12866840ms] [ERROR] Failed to load resource: the server responded with a status of 501 (Not Implemented) @ http://localhost:3119/api/v1/admin/impersonate:0
[12887021ms] [ERROR] Failed to load resource: the server responded with a status of 503 (Service Unavailable) @ http://localhost:3119/api/v1/system/health:0
[12896879ms] [ERROR] Failed to load resource: the server responded with a status of 501 (Not Implemented) @ http://localhost:3119/api/v1/admin/impersonate:0
[12896888ms] [ERROR] Failed to load resource: the server responded with a status of 501 (Not Implemented) @ http://localhost:3119/api/v1/admin/impersonate:0
[12917036ms] [ERROR] Failed to load resource: the server responded with a status of 503 (Service Unavailable) @ http://localhost:3119/api/v1/system/health:0
[12926929ms] [ERROR] Failed to load resource: the server responded with a status of 501 (Not Implemented) @ http://localhost:3119/api/v1/admin/impersonate:0
[12926940ms] [ERROR] Failed to load resource: the server responded with a status of 501 (Not Implemented) @ http://localhost:3119/api/v1/admin/impersonate:0
[12947050ms] [ERROR] Failed to load resource: the server responded with a status of 503 (Service Unavailable) @ http://localhost:3119/api/v1/system/health:0
[12956979ms] [ERROR] Failed to load resource: the server responded with a status of 501 (Not Implemented) @ http://localhost:3119/api/v1/admin/impersonate:0
[12956990ms] [ERROR] Failed to load resource: the server responded with a status of 501 (Not Implemented) @ http://localhost:3119/api/v1/admin/impersonate:0
[12977066ms] [ERROR] Failed to load resource: the server responded with a status of 503 (Service Unavailable) @ http://localhost:3119/api/v1/system/health:0
[12987033ms] [ERROR] Failed to load resource: the server responded with a status of 501 (Not Implemented) @ http://localhost:3119/api/v1/admin/impersonate:0
[12987041ms] [ERROR] Failed to load resource: the server responded with a status of 501 (Not Implemented) @ http://localhost:3119/api/v1/admin/impersonate:0
[13007079ms] [ERROR] Failed to load resource: the server responded with a status of 503 (Service Unavailable) @ http://localhost:3119/api/v1/system/health:0
[13017093ms] [ERROR] Failed to load resource: the server responded with a status of 501 (Not Implemented) @ http://localhost:3119/api/v1/admin/impersonate:0
[13017101ms] [ERROR] Failed to load resource: the server responded with a status of 501 (Not Implemented) @ http://localhost:3119/api/v1/admin/impersonate:0
[13037099ms] [ERROR] Failed to load resource: the server responded with a status of 503 (Service Unavailable) @ http://localhost:3119/api/v1/system/health:0
[13047158ms] [ERROR] Failed to load resource: the server responded with a status of 501 (Not Implemented) @ http://localhost:3119/api/v1/admin/impersonate:0
[13047185ms] [ERROR] Failed to load resource: the server responded with a status of 501 (Not Implemented) @ http://localhost:3119/api/v1/admin/impersonate:0
[13067115ms] [ERROR] Failed to load resource: the server responded with a status of 503 (Service Unavailable) @ http://localhost:3119/api/v1/system/health:0
[13077235ms] [ERROR] Failed to load resource: the server responded with a status of 501 (Not Implemented) @ http://localhost:3119/api/v1/admin/impersonate:0
[13077246ms] [ERROR] Failed to load resource: the server responded with a status of 501 (Not Implemented) @ http://localhost:3119/api/v1/admin/impersonate:0
[13097130ms] [ERROR] Failed to load resource: the server responded with a status of 503 (Service Unavailable) @ http://localhost:3119/api/v1/system/health:0
[13107304ms] [ERROR] Failed to load resource: the server responded with a status of 501 (Not Implemented) @ http://localhost:3119/api/v1/admin/impersonate:0
[13107316ms] [ERROR] Failed to load resource: the server responded with a status of 501 (Not Implemented) @ http://localhost:3119/api/v1/admin/impersonate:0
[13127150ms] [ERROR] Failed to load resource: the server responded with a status of 503 (Service Unavailable) @ http://localhost:3119/api/v1/system/health:0
[13137367ms] [ERROR] Failed to load resource: the server responded with a status of 501 (Not Implemented) @ http://localhost:3119/api/v1/admin/impersonate:0
[13137380ms] [ERROR] Failed to load resource: the server responded with a status of 501 (Not Implemented) @ http://localhost:3119/api/v1/admin/impersonate:0
[13157165ms] [ERROR] Failed to load resource: the server responded with a status of 503 (Service Unavailable) @ http://localhost:3119/api/v1/system/health:0
[13167427ms] [ERROR] Failed to load resource: the server responded with a status of 501 (Not Implemented) @ http://localhost:3119/api/v1/admin/impersonate:0
[13167438ms] [ERROR] Failed to load resource: the server responded with a status of 501 (Not Implemented) @ http://localhost:3119/api/v1/admin/impersonate:0
[13187187ms] [ERROR] Failed to load resource: the server responded with a status of 503 (Service Unavailable) @ http://localhost:3119/api/v1/system/health:0
[13197477ms] [ERROR] Failed to load resource: the server responded with a status of 501 (Not Implemented) @ http://localhost:3119/api/v1/admin/impersonate:0
[13197488ms] [ERROR] Failed to load resource: the server responded with a status of 501 (Not Implemented) @ http://localhost:3119/api/v1/admin/impersonate:0
[13217208ms] [ERROR] Failed to load resource: the server responded with a status of 503 (Service Unavailable) @ http://localhost:3119/api/v1/system/health:0
[13227528ms] [ERROR] Failed to load resource: the server responded with a status of 501 (Not Implemented) @ http://localhost:3119/api/v1/admin/impersonate:0
[13227540ms] [ERROR] Failed to load resource: the server responded with a status of 501 (Not Implemented) @ http://localhost:3119/api/v1/admin/impersonate:0
[13247232ms] [ERROR] Failed to load resource: the server responded with a status of 503 (Service Unavailable) @ http://localhost:3119/api/v1/system/health:0
[13257610ms] [ERROR] Failed to load resource: the server responded with a status of 501 (Not Implemented) @ http://localhost:3119/api/v1/admin/impersonate:0
[13257627ms] [ERROR] Failed to load resource: the server responded with a status of 501 (Not Implemented) @ http://localhost:3119/api/v1/admin/impersonate:0
[13277322ms] [ERROR] Failed to load resource: the server responded with a status of 503 (Service Unavailable) @ http://localhost:3119/api/v1/system/health:0
[13287676ms] [ERROR] Failed to load resource: the server responded with a status of 501 (Not Implemented) @ http://localhost:3119/api/v1/admin/impersonate:0
[13287691ms] [ERROR] Failed to load resource: the server responded with a status of 501 (Not Implemented) @ http://localhost:3119/api/v1/admin/impersonate:0
[13307378ms] [ERROR] Failed to load resource: the server responded with a status of 503 (Service Unavailable) @ http://localhost:3119/api/v1/system/health:0
[13317724ms] [ERROR] Failed to load resource: the server responded with a status of 501 (Not Implemented) @ http://localhost:3119/api/v1/admin/impersonate:0
[13317737ms] [ERROR] Failed to load resource: the server responded with a status of 501 (Not Implemented) @ http://localhost:3119/api/v1/admin/impersonate:0
[13337421ms] [ERROR] Failed to load resource: the server responded with a status of 503 (Service Unavailable) @ http://localhost:3119/api/v1/system/health:0
[13347790ms] [ERROR] Failed to load resource: the server responded with a status of 501 (Not Implemented) @ http://localhost:3119/api/v1/admin/impersonate:0
[13347808ms] [ERROR] Failed to load resource: the server responded with a status of 501 (Not Implemented) @ http://localhost:3119/api/v1/admin/impersonate:0
[13367438ms] [ERROR] Failed to load resource: the server responded with a status of 503 (Service Unavailable) @ http://localhost:3119/api/v1/system/health:0
[13377843ms] [ERROR] Failed to load resource: the server responded with a status of 501 (Not Implemented) @ http://localhost:3119/api/v1/admin/impersonate:0
[13377860ms] [ERROR] Failed to load resource: the server responded with a status of 501 (Not Implemented) @ http://localhost:3119/api/v1/admin/impersonate:0
[13397468ms] [ERROR] Failed to load resource: the server responded with a status of 503 (Service Unavailable) @ http://localhost:3119/api/v1/system/health:0
[13407888ms] [ERROR] Failed to load resource: the server responded with a status of 501 (Not Implemented) @ http://localhost:3119/api/v1/admin/impersonate:0
[13407899ms] [ERROR] Failed to load resource: the server responded with a status of 501 (Not Implemented) @ http://localhost:3119/api/v1/admin/impersonate:0
[13427497ms] [ERROR] Failed to load resource: the server responded with a status of 503 (Service Unavailable) @ http://localhost:3119/api/v1/system/health:0
[13437996ms] [ERROR] Failed to load resource: the server responded with a status of 501 (Not Implemented) @ http://localhost:3119/api/v1/admin/impersonate:0
[13438026ms] [ERROR] Failed to load resource: the server responded with a status of 501 (Not Implemented) @ http://localhost:3119/api/v1/admin/impersonate:0
[13457518ms] [ERROR] Failed to load resource: the server responded with a status of 503 (Service Unavailable) @ http://localhost:3119/api/v1/system/health:0
[13468087ms] [ERROR] Failed to load resource: the server responded with a status of 501 (Not Implemented) @ http://localhost:3119/api/v1/admin/impersonate:0
[13468126ms] [ERROR] Failed to load resource: the server responded with a status of 501 (Not Implemented) @ http://localhost:3119/api/v1/admin/impersonate:0
[13487542ms] [ERROR] Failed to load resource: the server responded with a status of 503 (Service Unavailable) @ http://localhost:3119/api/v1/system/health:0
[13498448ms] [ERROR] Failed to load resource: the server responded with a status of 501 (Not Implemented) @ http://localhost:3119/api/v1/admin/impersonate:0
[13498468ms] [ERROR] Failed to load resource: the server responded with a status of 501 (Not Implemented) @ http://localhost:3119/api/v1/admin/impersonate:0
[13517558ms] [ERROR] Failed to load resource: the server responded with a status of 503 (Service Unavailable) @ http://localhost:3119/api/v1/system/health:0
[13528481ms] [ERROR] Failed to load resource: the server responded with a status of 501 (Not Implemented) @ http://localhost:3119/api/v1/admin/impersonate:0
[13528494ms] [ERROR] Failed to load resource: the server responded with a status of 501 (Not Implemented) @ http://localhost:3119/api/v1/admin/impersonate:0
[13547569ms] [ERROR] Failed to load resource: the server responded with a status of 503 (Service Unavailable) @ http://localhost:3119/api/v1/system/health:0
[13558504ms] [ERROR] Failed to load resource: the server responded with a status of 501 (Not Implemented) @ http://localhost:3119/api/v1/admin/impersonate:0
[13558512ms] [ERROR] Failed to load resource: the server responded with a status of 501 (Not Implemented) @ http://localhost:3119/api/v1/admin/impersonate:0
[13577582ms] [ERROR] Failed to load resource: the server responded with a status of 503 (Service Unavailable) @ http://localhost:3119/api/v1/system/health:0
[13588538ms] [ERROR] Failed to load resource: the server responded with a status of 501 (Not Implemented) @ http://localhost:3119/api/v1/admin/impersonate:0
[13588551ms] [ERROR] Failed to load resource: the server responded with a status of 501 (Not Implemented) @ http://localhost:3119/api/v1/admin/impersonate:0
[13607610ms] [ERROR] Failed to load resource: the server responded with a status of 503 (Service Unavailable) @ http://localhost:3119/api/v1/system/health:0
[13618587ms] [ERROR] Failed to load resource: the server responded with a status of 501 (Not Implemented) @ http://localhost:3119/api/v1/admin/impersonate:0
[13618597ms] [ERROR] Failed to load resource: the server responded with a status of 501 (Not Implemented) @ http://localhost:3119/api/v1/admin/impersonate:0
[13637635ms] [ERROR] Failed to load resource: the server responded with a status of 503 (Service Unavailable) @ http://localhost:3119/api/v1/system/health:0
[13648647ms] [ERROR] Failed to load resource: the server responded with a status of 501 (Not Implemented) @ http://localhost:3119/api/v1/admin/impersonate:0
[13648659ms] [ERROR] Failed to load resource: the server responded with a status of 501 (Not Implemented) @ http://localhost:3119/api/v1/admin/impersonate:0
[13667653ms] [ERROR] Failed to load resource: the server responded with a status of 503 (Service Unavailable) @ http://localhost:3119/api/v1/system/health:0
[13678700ms] [ERROR] Failed to load resource: the server responded with a status of 501 (Not Implemented) @ http://localhost:3119/api/v1/admin/impersonate:0
[13678712ms] [ERROR] Failed to load resource: the server responded with a status of 501 (Not Implemented) @ http://localhost:3119/api/v1/admin/impersonate:0
[13697679ms] [ERROR] Failed to load resource: the server responded with a status of 503 (Service Unavailable) @ http://localhost:3119/api/v1/system/health:0
[13708758ms] [ERROR] Failed to load resource: the server responded with a status of 501 (Not Implemented) @ http://localhost:3119/api/v1/admin/impersonate:0
[13708769ms] [ERROR] Failed to load resource: the server responded with a status of 501 (Not Implemented) @ http://localhost:3119/api/v1/admin/impersonate:0
[13727699ms] [ERROR] Failed to load resource: the server responded with a status of 503 (Service Unavailable) @ http://localhost:3119/api/v1/system/health:0
[13738846ms] [ERROR] Failed to load resource: the server responded with a status of 501 (Not Implemented) @ http://localhost:3119/api/v1/admin/impersonate:0
[13738863ms] [ERROR] Failed to load resource: the server responded with a status of 501 (Not Implemented) @ http://localhost:3119/api/v1/admin/impersonate:0
[13757741ms] [ERROR] Failed to load resource: the server responded with a status of 503 (Service Unavailable) @ http://localhost:3119/api/v1/system/health:0
[13768898ms] [ERROR] Failed to load resource: the server responded with a status of 501 (Not Implemented) @ http://localhost:3119/api/v1/admin/impersonate:0
[13768909ms] [ERROR] Failed to load resource: the server responded with a status of 501 (Not Implemented) @ http://localhost:3119/api/v1/admin/impersonate:0
[13787776ms] [ERROR] Failed to load resource: the server responded with a status of 503 (Service Unavailable) @ http://localhost:3119/api/v1/system/health:0
[13798937ms] [ERROR] Failed to load resource: the server responded with a status of 501 (Not Implemented) @ http://localhost:3119/api/v1/admin/impersonate:0
[13798946ms] [ERROR] Failed to load resource: the server responded with a status of 501 (Not Implemented) @ http://localhost:3119/api/v1/admin/impersonate:0
[13817797ms] [ERROR] Failed to load resource: the server responded with a status of 503 (Service Unavailable) @ http://localhost:3119/api/v1/system/health:0
[13828983ms] [ERROR] Failed to load resource: the server responded with a status of 501 (Not Implemented) @ http://localhost:3119/api/v1/admin/impersonate:0
[13828992ms] [ERROR] Failed to load resource: the server responded with a status of 501 (Not Implemented) @ http://localhost:3119/api/v1/admin/impersonate:0
[13847821ms] [ERROR] Failed to load resource: the server responded with a status of 503 (Service Unavailable) @ http://localhost:3119/api/v1/system/health:0
[13859065ms] [ERROR] Failed to load resource: the server responded with a status of 501 (Not Implemented) @ http://localhost:3119/api/v1/admin/impersonate:0
[13859080ms] [ERROR] Failed to load resource: the server responded with a status of 501 (Not Implemented) @ http://localhost:3119/api/v1/admin/impersonate:0
[13877882ms] [ERROR] Failed to load resource: the server responded with a status of 503 (Service Unavailable) @ http://localhost:3119/api/v1/system/health:0
[13889126ms] [ERROR] Failed to load resource: the server responded with a status of 501 (Not Implemented) @ http://localhost:3119/api/v1/admin/impersonate:0
[13889142ms] [ERROR] Failed to load resource: the server responded with a status of 501 (Not Implemented) @ http://localhost:3119/api/v1/admin/impersonate:0
[13907902ms] [ERROR] Failed to load resource: the server responded with a status of 503 (Service Unavailable) @ http://localhost:3119/api/v1/system/health:0
[13919238ms] [ERROR] Failed to load resource: the server responded with a status of 501 (Not Implemented) @ http://localhost:3119/api/v1/admin/impersonate:0
[13919256ms] [ERROR] Failed to load resource: the server responded with a status of 501 (Not Implemented) @ http://localhost:3119/api/v1/admin/impersonate:0
[13937920ms] [ERROR] Failed to load resource: the server responded with a status of 503 (Service Unavailable) @ http://localhost:3119/api/v1/system/health:0
[13949357ms] [ERROR] Failed to load resource: the server responded with a status of 501 (Not Implemented) @ http://localhost:3119/api/v1/admin/impersonate:0
[13949375ms] [ERROR] Failed to load resource: the server responded with a status of 501 (Not Implemented) @ http://localhost:3119/api/v1/admin/impersonate:0
[13967944ms] [ERROR] Failed to load resource: the server responded with a status of 503 (Service Unavailable) @ http://localhost:3119/api/v1/system/health:0
[13979390ms] [ERROR] Failed to load resource: the server responded with a status of 501 (Not Implemented) @ http://localhost:3119/api/v1/admin/impersonate:0
[13979400ms] [ERROR] Failed to load resource: the server responded with a status of 501 (Not Implemented) @ http://localhost:3119/api/v1/admin/impersonate:0
[13998035ms] [ERROR] Failed to load resource: the server responded with a status of 503 (Service Unavailable) @ http://localhost:3119/api/v1/system/health:0
[14009430ms] [ERROR] Failed to load resource: the server responded with a status of 501 (Not Implemented) @ http://localhost:3119/api/v1/admin/impersonate:0
[14009441ms] [ERROR] Failed to load resource: the server responded with a status of 501 (Not Implemented) @ http://localhost:3119/api/v1/admin/impersonate:0
[14028062ms] [ERROR] Failed to load resource: the server responded with a status of 503 (Service Unavailable) @ http://localhost:3119/api/v1/system/health:0
[14039497ms] [ERROR] Failed to load resource: the server responded with a status of 501 (Not Implemented) @ http://localhost:3119/api/v1/admin/impersonate:0
[14039508ms] [ERROR] Failed to load resource: the server responded with a status of 501 (Not Implemented) @ http://localhost:3119/api/v1/admin/impersonate:0
[14058081ms] [ERROR] Failed to load resource: the server responded with a status of 503 (Service Unavailable) @ http://localhost:3119/api/v1/system/health:0
[14069520ms] [ERROR] Failed to load resource: the server responded with a status of 501 (Not Implemented) @ http://localhost:3119/api/v1/admin/impersonate:0
[14069529ms] [ERROR] Failed to load resource: the server responded with a status of 501 (Not Implemented) @ http://localhost:3119/api/v1/admin/impersonate:0
[14088101ms] [ERROR] Failed to load resource: the server responded with a status of 503 (Service Unavailable) @ http://localhost:3119/api/v1/system/health:0
[14099549ms] [ERROR] Failed to load resource: the server responded with a status of 501 (Not Implemented) @ http://localhost:3119/api/v1/admin/impersonate:0
[14099558ms] [ERROR] Failed to load resource: the server responded with a status of 501 (Not Implemented) @ http://localhost:3119/api/v1/admin/impersonate:0
[14118113ms] [ERROR] Failed to load resource: the server responded with a status of 503 (Service Unavailable) @ http://localhost:3119/api/v1/system/health:0
[14129595ms] [ERROR] Failed to load resource: the server responded with a status of 501 (Not Implemented) @ http://localhost:3119/api/v1/admin/impersonate:0
[14129603ms] [ERROR] Failed to load resource: the server responded with a status of 501 (Not Implemented) @ http://localhost:3119/api/v1/admin/impersonate:0
[14148135ms] [ERROR] Failed to load resource: the server responded with a status of 503 (Service Unavailable) @ http://localhost:3119/api/v1/system/health:0
[14159659ms] [ERROR] Failed to load resource: the server responded with a status of 501 (Not Implemented) @ http://localhost:3119/api/v1/admin/impersonate:0
[14159672ms] [ERROR] Failed to load resource: the server responded with a status of 501 (Not Implemented) @ http://localhost:3119/api/v1/admin/impersonate:0
[14178147ms] [ERROR] Failed to load resource: the server responded with a status of 503 (Service Unavailable) @ http://localhost:3119/api/v1/system/health:0
[14189715ms] [ERROR] Failed to load resource: the server responded with a status of 501 (Not Implemented) @ http://localhost:3119/api/v1/admin/impersonate:0
[14189727ms] [ERROR] Failed to load resource: the server responded with a status of 501 (Not Implemented) @ http://localhost:3119/api/v1/admin/impersonate:0
[14208159ms] [ERROR] Failed to load resource: the server responded with a status of 503 (Service Unavailable) @ http://localhost:3119/api/v1/system/health:0
[14219824ms] [ERROR] Failed to load resource: the server responded with a status of 501 (Not Implemented) @ http://localhost:3119/api/v1/admin/impersonate:0
[14219846ms] [ERROR] Failed to load resource: the server responded with a status of 501 (Not Implemented) @ http://localhost:3119/api/v1/admin/impersonate:0
[14238177ms] [ERROR] Failed to load resource: the server responded with a status of 503 (Service Unavailable) @ http://localhost:3119/api/v1/system/health:0
[14249888ms] [ERROR] Failed to load resource: the server responded with a status of 501 (Not Implemented) @ http://localhost:3119/api/v1/admin/impersonate:0
[14249899ms] [ERROR] Failed to load resource: the server responded with a status of 501 (Not Implemented) @ http://localhost:3119/api/v1/admin/impersonate:0
[14268196ms] [ERROR] Failed to load resource: the server responded with a status of 503 (Service Unavailable) @ http://localhost:3119/api/v1/system/health:0
[14279911ms] [ERROR] Failed to load resource: the server responded with a status of 501 (Not Implemented) @ http://localhost:3119/api/v1/admin/impersonate:0
[14279920ms] [ERROR] Failed to load resource: the server responded with a status of 501 (Not Implemented) @ http://localhost:3119/api/v1/admin/impersonate:0
[14298221ms] [ERROR] Failed to load resource: the server responded with a status of 503 (Service Unavailable) @ http://localhost:3119/api/v1/system/health:0
[14309932ms] [ERROR] Failed to load resource: the server responded with a status of 501 (Not Implemented) @ http://localhost:3119/api/v1/admin/impersonate:0
[14309940ms] [ERROR] Failed to load resource: the server responded with a status of 501 (Not Implemented) @ http://localhost:3119/api/v1/admin/impersonate:0
[14328247ms] [ERROR] Failed to load resource: the server responded with a status of 503 (Service Unavailable) @ http://localhost:3119/api/v1/system/health:0
[14340621ms] [ERROR] Failed to load resource: the server responded with a status of 501 (Not Implemented) @ http://localhost:3119/api/v1/admin/impersonate:0
[14340697ms] [ERROR] Failed to load resource: the server responded with a status of 501 (Not Implemented) @ http://localhost:3119/api/v1/admin/impersonate:0
[14358266ms] [ERROR] Failed to load resource: the server responded with a status of 503 (Service Unavailable) @ http://localhost:3119/api/v1/system/health:0
[14370730ms] [ERROR] Failed to load resource: the server responded with a status of 501 (Not Implemented) @ http://localhost:3119/api/v1/admin/impersonate:0
[14370740ms] [ERROR] Failed to load resource: the server responded with a status of 501 (Not Implemented) @ http://localhost:3119/api/v1/admin/impersonate:0
[14388282ms] [ERROR] Failed to load resource: the server responded with a status of 503 (Service Unavailable) @ http://localhost:3119/api/v1/system/health:0
[14400785ms] [ERROR] Failed to load resource: the server responded with a status of 501 (Not Implemented) @ http://localhost:3119/api/v1/admin/impersonate:0
[14400795ms] [ERROR] Failed to load resource: the server responded with a status of 501 (Not Implemented) @ http://localhost:3119/api/v1/admin/impersonate:0
[14418302ms] [ERROR] Failed to load resource: the server responded with a status of 503 (Service Unavailable) @ http://localhost:3119/api/v1/system/health:0
[14430855ms] [ERROR] Failed to load resource: the server responded with a status of 501 (Not Implemented) @ http://localhost:3119/api/v1/admin/impersonate:0
[14430871ms] [ERROR] Failed to load resource: the server responded with a status of 501 (Not Implemented) @ http://localhost:3119/api/v1/admin/impersonate:0
[14448316ms] [ERROR] Failed to load resource: the server responded with a status of 503 (Service Unavailable) @ http://localhost:3119/api/v1/system/health:0
[14460913ms] [ERROR] Failed to load resource: the server responded with a status of 501 (Not Implemented) @ http://localhost:3119/api/v1/admin/impersonate:0
[14460926ms] [ERROR] Failed to load resource: the server responded with a status of 501 (Not Implemented) @ http://localhost:3119/api/v1/admin/impersonate:0
[14478339ms] [ERROR] Failed to load resource: the server responded with a status of 503 (Service Unavailable) @ http://localhost:3119/api/v1/system/health:0
[14490961ms] [ERROR] Failed to load resource: the server responded with a status of 501 (Not Implemented) @ http://localhost:3119/api/v1/admin/impersonate:0
[14490972ms] [ERROR] Failed to load resource: the server responded with a status of 501 (Not Implemented) @ http://localhost:3119/api/v1/admin/impersonate:0
[14508352ms] [ERROR] Failed to load resource: the server responded with a status of 503 (Service Unavailable) @ http://localhost:3119/api/v1/system/health:0
[14521019ms] [ERROR] Failed to load resource: the server responded with a status of 501 (Not Implemented) @ http://localhost:3119/api/v1/admin/impersonate:0
[14521029ms] [ERROR] Failed to load resource: the server responded with a status of 501 (Not Implemented) @ http://localhost:3119/api/v1/admin/impersonate:0
[14538364ms] [ERROR] Failed to load resource: the server responded with a status of 503 (Service Unavailable) @ http://localhost:3119/api/v1/system/health:0
[14551076ms] [ERROR] Failed to load resource: the server responded with a status of 501 (Not Implemented) @ http://localhost:3119/api/v1/admin/impersonate:0
[14551124ms] [ERROR] Failed to load resource: the server responded with a status of 501 (Not Implemented) @ http://localhost:3119/api/v1/admin/impersonate:0
[14568400ms] [ERROR] Failed to load resource: the server responded with a status of 503 (Service Unavailable) @ http://localhost:3119/api/v1/system/health:0
[14581146ms] [ERROR] Failed to load resource: the server responded with a status of 501 (Not Implemented) @ http://localhost:3119/api/v1/admin/impersonate:0
[14581157ms] [ERROR] Failed to load resource: the server responded with a status of 501 (Not Implemented) @ http://localhost:3119/api/v1/admin/impersonate:0
[14598421ms] [ERROR] Failed to load resource: the server responded with a status of 503 (Service Unavailable) @ http://localhost:3119/api/v1/system/health:0
[14611243ms] [ERROR] Failed to load resource: the server responded with a status of 501 (Not Implemented) @ http://localhost:3119/api/v1/admin/impersonate:0
[14611261ms] [ERROR] Failed to load resource: the server responded with a status of 501 (Not Implemented) @ http://localhost:3119/api/v1/admin/impersonate:0
[14628434ms] [ERROR] Failed to load resource: the server responded with a status of 503 (Service Unavailable) @ http://localhost:3119/api/v1/system/health:0
[14641273ms] [ERROR] Failed to load resource: the server responded with a status of 501 (Not Implemented) @ http://localhost:3119/api/v1/admin/impersonate:0
[14641283ms] [ERROR] Failed to load resource: the server responded with a status of 501 (Not Implemented) @ http://localhost:3119/api/v1/admin/impersonate:0
[14658458ms] [ERROR] Failed to load resource: the server responded with a status of 503 (Service Unavailable) @ http://localhost:3119/api/v1/system/health:0
[14671295ms] [ERROR] Failed to load resource: the server responded with a status of 501 (Not Implemented) @ http://localhost:3119/api/v1/admin/impersonate:0
[14671305ms] [ERROR] Failed to load resource: the server responded with a status of 501 (Not Implemented) @ http://localhost:3119/api/v1/admin/impersonate:0
[14688472ms] [ERROR] Failed to load resource: the server responded with a status of 503 (Service Unavailable) @ http://localhost:3119/api/v1/system/health:0
[14701338ms] [ERROR] Failed to load resource: the server responded with a status of 501 (Not Implemented) @ http://localhost:3119/api/v1/admin/impersonate:0
[14701352ms] [ERROR] Failed to load resource: the server responded with a status of 501 (Not Implemented) @ http://localhost:3119/api/v1/admin/impersonate:0
[14718485ms] [ERROR] Failed to load resource: the server responded with a status of 503 (Service Unavailable) @ http://localhost:3119/api/v1/system/health:0
[14731434ms] [ERROR] Failed to load resource: the server responded with a status of 501 (Not Implemented) @ http://localhost:3119/api/v1/admin/impersonate:0
[14731449ms] [ERROR] Failed to load resource: the server responded with a status of 501 (Not Implemented) @ http://localhost:3119/api/v1/admin/impersonate:0
[14748511ms] [ERROR] Failed to load resource: the server responded with a status of 503 (Service Unavailable) @ http://localhost:3119/api/v1/system/health:0
[14761482ms] [ERROR] Failed to load resource: the server responded with a status of 501 (Not Implemented) @ http://localhost:3119/api/v1/admin/impersonate:0
[14761497ms] [ERROR] Failed to load resource: the server responded with a status of 501 (Not Implemented) @ http://localhost:3119/api/v1/admin/impersonate:0
[14778528ms] [ERROR] Failed to load resource: the server responded with a status of 503 (Service Unavailable) @ http://localhost:3119/api/v1/system/health:0
[14791549ms] [ERROR] Failed to load resource: the server responded with a status of 501 (Not Implemented) @ http://localhost:3119/api/v1/admin/impersonate:0
[14791563ms] [ERROR] Failed to load resource: the server responded with a status of 501 (Not Implemented) @ http://localhost:3119/api/v1/admin/impersonate:0
[14808548ms] [ERROR] Failed to load resource: the server responded with a status of 503 (Service Unavailable) @ http://localhost:3119/api/v1/system/health:0
[14821657ms] [ERROR] Failed to load resource: the server responded with a status of 501 (Not Implemented) @ http://localhost:3119/api/v1/admin/impersonate:0
[14821668ms] [ERROR] Failed to load resource: the server responded with a status of 501 (Not Implemented) @ http://localhost:3119/api/v1/admin/impersonate:0
[14838567ms] [ERROR] Failed to load resource: the server responded with a status of 503 (Service Unavailable) @ http://localhost:3119/api/v1/system/health:0
[14851693ms] [ERROR] Failed to load resource: the server responded with a status of 501 (Not Implemented) @ http://localhost:3119/api/v1/admin/impersonate:0
[14851706ms] [ERROR] Failed to load resource: the server responded with a status of 501 (Not Implemented) @ http://localhost:3119/api/v1/admin/impersonate:0
[14868583ms] [ERROR] Failed to load resource: the server responded with a status of 503 (Service Unavailable) @ http://localhost:3119/api/v1/system/health:0
[14881952ms] [ERROR] Failed to load resource: the server responded with a status of 501 (Not Implemented) @ http://localhost:3119/api/v1/admin/impersonate:0
[14881991ms] [ERROR] Failed to load resource: the server responded with a status of 501 (Not Implemented) @ http://localhost:3119/api/v1/admin/impersonate:0
[14898610ms] [ERROR] Failed to load resource: the server responded with a status of 503 (Service Unavailable) @ http://localhost:3119/api/v1/system/health:0
[14912013ms] [ERROR] Failed to load resource: the server responded with a status of 501 (Not Implemented) @ http://localhost:3119/api/v1/admin/impersonate:0
[14912021ms] [ERROR] Failed to load resource: the server responded with a status of 501 (Not Implemented) @ http://localhost:3119/api/v1/admin/impersonate:0
[14928623ms] [ERROR] Failed to load resource: the server responded with a status of 503 (Service Unavailable) @ http://localhost:3119/api/v1/system/health:0
[14942032ms] [ERROR] Failed to load resource: the server responded with a status of 501 (Not Implemented) @ http://localhost:3119/api/v1/admin/impersonate:0
[14942041ms] [ERROR] Failed to load resource: the server responded with a status of 501 (Not Implemented) @ http://localhost:3119/api/v1/admin/impersonate:0
[14958641ms] [ERROR] Failed to load resource: the server responded with a status of 503 (Service Unavailable) @ http://localhost:3119/api/v1/system/health:0
[14972058ms] [ERROR] Failed to load resource: the server responded with a status of 501 (Not Implemented) @ http://localhost:3119/api/v1/admin/impersonate:0
[14972066ms] [ERROR] Failed to load resource: the server responded with a status of 501 (Not Implemented) @ http://localhost:3119/api/v1/admin/impersonate:0
[14988661ms] [ERROR] Failed to load resource: the server responded with a status of 503 (Service Unavailable) @ http://localhost:3119/api/v1/system/health:0
[15002078ms] [ERROR] Failed to load resource: the server responded with a status of 501 (Not Implemented) @ http://localhost:3119/api/v1/admin/impersonate:0
[15002088ms] [ERROR] Failed to load resource: the server responded with a status of 501 (Not Implemented) @ http://localhost:3119/api/v1/admin/impersonate:0
[15018687ms] [ERROR] Failed to load resource: the server responded with a status of 503 (Service Unavailable) @ http://localhost:3119/api/v1/system/health:0
[15032105ms] [ERROR] Failed to load resource: the server responded with a status of 501 (Not Implemented) @ http://localhost:3119/api/v1/admin/impersonate:0
[15032113ms] [ERROR] Failed to load resource: the server responded with a status of 501 (Not Implemented) @ http://localhost:3119/api/v1/admin/impersonate:0
[15048713ms] [ERROR] Failed to load resource: the server responded with a status of 503 (Service Unavailable) @ http://localhost:3119/api/v1/system/health:0
[15062189ms] [ERROR] Failed to load resource: the server responded with a status of 501 (Not Implemented) @ http://localhost:3119/api/v1/admin/impersonate:0
[15062199ms] [ERROR] Failed to load resource: the server responded with a status of 501 (Not Implemented) @ http://localhost:3119/api/v1/admin/impersonate:0
[15078735ms] [ERROR] Failed to load resource: the server responded with a status of 503 (Service Unavailable) @ http://localhost:3119/api/v1/system/health:0
[15092265ms] [ERROR] Failed to load resource: the server responded with a status of 501 (Not Implemented) @ http://localhost:3119/api/v1/admin/impersonate:0
[15092275ms] [ERROR] Failed to load resource: the server responded with a status of 501 (Not Implemented) @ http://localhost:3119/api/v1/admin/impersonate:0
[15108757ms] [ERROR] Failed to load resource: the server responded with a status of 503 (Service Unavailable) @ http://localhost:3119/api/v1/system/health:0
[15122303ms] [ERROR] Failed to load resource: the server responded with a status of 501 (Not Implemented) @ http://localhost:3119/api/v1/admin/impersonate:0
[15122312ms] [ERROR] Failed to load resource: the server responded with a status of 501 (Not Implemented) @ http://localhost:3119/api/v1/admin/impersonate:0
[15138777ms] [ERROR] Failed to load resource: the server responded with a status of 503 (Service Unavailable) @ http://localhost:3119/api/v1/system/health:0
[15152359ms] [ERROR] Failed to load resource: the server responded with a status of 501 (Not Implemented) @ http://localhost:3119/api/v1/admin/impersonate:0
[15152368ms] [ERROR] Failed to load resource: the server responded with a status of 501 (Not Implemented) @ http://localhost:3119/api/v1/admin/impersonate:0
[15168792ms] [ERROR] Failed to load resource: the server responded with a status of 503 (Service Unavailable) @ http://localhost:3119/api/v1/system/health:0
[15182443ms] [ERROR] Failed to load resource: the server responded with a status of 501 (Not Implemented) @ http://localhost:3119/api/v1/admin/impersonate:0
[15182455ms] [ERROR] Failed to load resource: the server responded with a status of 501 (Not Implemented) @ http://localhost:3119/api/v1/admin/impersonate:0
[15198818ms] [ERROR] Failed to load resource: the server responded with a status of 503 (Service Unavailable) @ http://localhost:3119/api/v1/system/health:0
[15212467ms] [ERROR] Failed to load resource: the server responded with a status of 501 (Not Implemented) @ http://localhost:3119/api/v1/admin/impersonate:0
[15212476ms] [ERROR] Failed to load resource: the server responded with a status of 501 (Not Implemented) @ http://localhost:3119/api/v1/admin/impersonate:0
[15228830ms] [ERROR] Failed to load resource: the server responded with a status of 503 (Service Unavailable) @ http://localhost:3119/api/v1/system/health:0
[15242489ms] [ERROR] Failed to load resource: the server responded with a status of 501 (Not Implemented) @ http://localhost:3119/api/v1/admin/impersonate:0
[15242497ms] [ERROR] Failed to load resource: the server responded with a status of 501 (Not Implemented) @ http://localhost:3119/api/v1/admin/impersonate:0
[15258852ms] [ERROR] Failed to load resource: the server responded with a status of 503 (Service Unavailable) @ http://localhost:3119/api/v1/system/health:0
[15272537ms] [ERROR] Failed to load resource: the server responded with a status of 501 (Not Implemented) @ http://localhost:3119/api/v1/admin/impersonate:0
[15272545ms] [ERROR] Failed to load resource: the server responded with a status of 501 (Not Implemented) @ http://localhost:3119/api/v1/admin/impersonate:0
[15288865ms] [ERROR] Failed to load resource: the server responded with a status of 503 (Service Unavailable) @ http://localhost:3119/api/v1/system/health:0
[15302608ms] [ERROR] Failed to load resource: the server responded with a status of 501 (Not Implemented) @ http://localhost:3119/api/v1/admin/impersonate:0
[15302617ms] [ERROR] Failed to load resource: the server responded with a status of 501 (Not Implemented) @ http://localhost:3119/api/v1/admin/impersonate:0
[15318891ms] [ERROR] Failed to load resource: the server responded with a status of 503 (Service Unavailable) @ http://localhost:3119/api/v1/system/health:0
[15332660ms] [ERROR] Failed to load resource: the server responded with a status of 501 (Not Implemented) @ http://localhost:3119/api/v1/admin/impersonate:0
[15332668ms] [ERROR] Failed to load resource: the server responded with a status of 501 (Not Implemented) @ http://localhost:3119/api/v1/admin/impersonate:0
[15348914ms] [ERROR] Failed to load resource: the server responded with a status of 503 (Service Unavailable) @ http://localhost:3119/api/v1/system/health:0
[15362712ms] [ERROR] Failed to load resource: the server responded with a status of 501 (Not Implemented) @ http://localhost:3119/api/v1/admin/impersonate:0
[15362720ms] [ERROR] Failed to load resource: the server responded with a status of 501 (Not Implemented) @ http://localhost:3119/api/v1/admin/impersonate:0
[15378935ms] [ERROR] Failed to load resource: the server responded with a status of 503 (Service Unavailable) @ http://localhost:3119/api/v1/system/health:0
[15392766ms] [ERROR] Failed to load resource: the server responded with a status of 501 (Not Implemented) @ http://localhost:3119/api/v1/admin/impersonate:0
[15392774ms] [ERROR] Failed to load resource: the server responded with a status of 501 (Not Implemented) @ http://localhost:3119/api/v1/admin/impersonate:0
[15408951ms] [ERROR] Failed to load resource: the server responded with a status of 503 (Service Unavailable) @ http://localhost:3119/api/v1/system/health:0
[15422806ms] [ERROR] Failed to load resource: the server responded with a status of 501 (Not Implemented) @ http://localhost:3119/api/v1/admin/impersonate:0
[15422814ms] [ERROR] Failed to load resource: the server responded with a status of 501 (Not Implemented) @ http://localhost:3119/api/v1/admin/impersonate:0
[15438976ms] [ERROR] Failed to load resource: the server responded with a status of 503 (Service Unavailable) @ http://localhost:3119/api/v1/system/health:0
[15452879ms] [ERROR] Failed to load resource: the server responded with a status of 501 (Not Implemented) @ http://localhost:3119/api/v1/admin/impersonate:0
[15452889ms] [ERROR] Failed to load resource: the server responded with a status of 501 (Not Implemented) @ http://localhost:3119/api/v1/admin/impersonate:0
[15469001ms] [ERROR] Failed to load resource: the server responded with a status of 503 (Service Unavailable) @ http://localhost:3119/api/v1/system/health:0
[15482909ms] [ERROR] Failed to load resource: the server responded with a status of 501 (Not Implemented) @ http://localhost:3119/api/v1/admin/impersonate:0
[15482918ms] [ERROR] Failed to load resource: the server responded with a status of 501 (Not Implemented) @ http://localhost:3119/api/v1/admin/impersonate:0
[15499016ms] [ERROR] Failed to load resource: the server responded with a status of 503 (Service Unavailable) @ http://localhost:3119/api/v1/system/health:0
[15512929ms] [ERROR] Failed to load resource: the server responded with a status of 501 (Not Implemented) @ http://localhost:3119/api/v1/admin/impersonate:0
[15512938ms] [ERROR] Failed to load resource: the server responded with a status of 501 (Not Implemented) @ http://localhost:3119/api/v1/admin/impersonate:0
[15529041ms] [ERROR] Failed to load resource: the server responded with a status of 503 (Service Unavailable) @ http://localhost:3119/api/v1/system/health:0
[15542964ms] [ERROR] Failed to load resource: the server responded with a status of 501 (Not Implemented) @ http://localhost:3119/api/v1/admin/impersonate:0
[15542972ms] [ERROR] Failed to load resource: the server responded with a status of 501 (Not Implemented) @ http://localhost:3119/api/v1/admin/impersonate:0
[15559054ms] [ERROR] Failed to load resource: the server responded with a status of 503 (Service Unavailable) @ http://localhost:3119/api/v1/system/health:0
[15573018ms] [ERROR] Failed to load resource: the server responded with a status of 501 (Not Implemented) @ http://localhost:3119/api/v1/admin/impersonate:0
[15573027ms] [ERROR] Failed to load resource: the server responded with a status of 501 (Not Implemented) @ http://localhost:3119/api/v1/admin/impersonate:0
[15589076ms] [ERROR] Failed to load resource: the server responded with a status of 503 (Service Unavailable) @ http://localhost:3119/api/v1/system/health:0
[15603082ms] [ERROR] Failed to load resource: the server responded with a status of 501 (Not Implemented) @ http://localhost:3119/api/v1/admin/impersonate:0
[15603090ms] [ERROR] Failed to load resource: the server responded with a status of 501 (Not Implemented) @ http://localhost:3119/api/v1/admin/impersonate:0
[15619102ms] [ERROR] Failed to load resource: the server responded with a status of 503 (Service Unavailable) @ http://localhost:3119/api/v1/system/health:0
[15633140ms] [ERROR] Failed to load resource: the server responded with a status of 501 (Not Implemented) @ http://localhost:3119/api/v1/admin/impersonate:0
[15633151ms] [ERROR] Failed to load resource: the server responded with a status of 501 (Not Implemented) @ http://localhost:3119/api/v1/admin/impersonate:0
[15649123ms] [ERROR] Failed to load resource: the server responded with a status of 503 (Service Unavailable) @ http://localhost:3119/api/v1/system/health:0
[15663197ms] [ERROR] Failed to load resource: the server responded with a status of 501 (Not Implemented) @ http://localhost:3119/api/v1/admin/impersonate:0
[15663207ms] [ERROR] Failed to load resource: the server responded with a status of 501 (Not Implemented) @ http://localhost:3119/api/v1/admin/impersonate:0
[15679135ms] [ERROR] Failed to load resource: the server responded with a status of 503 (Service Unavailable) @ http://localhost:3119/api/v1/system/health:0
[15693238ms] [ERROR] Failed to load resource: the server responded with a status of 501 (Not Implemented) @ http://localhost:3119/api/v1/admin/impersonate:0
[15693246ms] [ERROR] Failed to load resource: the server responded with a status of 501 (Not Implemented) @ http://localhost:3119/api/v1/admin/impersonate:0
[15709146ms] [ERROR] Failed to load resource: the server responded with a status of 503 (Service Unavailable) @ http://localhost:3119/api/v1/system/health:0
[15723312ms] [ERROR] Failed to load resource: the server responded with a status of 501 (Not Implemented) @ http://localhost:3119/api/v1/admin/impersonate:0
[15723324ms] [ERROR] Failed to load resource: the server responded with a status of 501 (Not Implemented) @ http://localhost:3119/api/v1/admin/impersonate:0
[15739170ms] [ERROR] Failed to load resource: the server responded with a status of 503 (Service Unavailable) @ http://localhost:3119/api/v1/system/health:0
[15753362ms] [ERROR] Failed to load resource: the server responded with a status of 501 (Not Implemented) @ http://localhost:3119/api/v1/admin/impersonate:0
[15753369ms] [ERROR] Failed to load resource: the server responded with a status of 501 (Not Implemented) @ http://localhost:3119/api/v1/admin/impersonate:0
[15769191ms] [ERROR] Failed to load resource: the server responded with a status of 503 (Service Unavailable) @ http://localhost:3119/api/v1/system/health:0
[15783419ms] [ERROR] Failed to load resource: the server responded with a status of 501 (Not Implemented) @ http://localhost:3119/api/v1/admin/impersonate:0
[15783429ms] [ERROR] Failed to load resource: the server responded with a status of 501 (Not Implemented) @ http://localhost:3119/api/v1/admin/impersonate:0
[15799214ms] [ERROR] Failed to load resource: the server responded with a status of 503 (Service Unavailable) @ http://localhost:3119/api/v1/system/health:0
[15813475ms] [ERROR] Failed to load resource: the server responded with a status of 501 (Not Implemented) @ http://localhost:3119/api/v1/admin/impersonate:0
[15813482ms] [ERROR] Failed to load resource: the server responded with a status of 501 (Not Implemented) @ http://localhost:3119/api/v1/admin/impersonate:0
[15829227ms] [ERROR] Failed to load resource: the server responded with a status of 503 (Service Unavailable) @ http://localhost:3119/api/v1/system/health:0
[15843532ms] [ERROR] Failed to load resource: the server responded with a status of 501 (Not Implemented) @ http://localhost:3119/api/v1/admin/impersonate:0
[15843541ms] [ERROR] Failed to load resource: the server responded with a status of 501 (Not Implemented) @ http://localhost:3119/api/v1/admin/impersonate:0
[15859246ms] [ERROR] Failed to load resource: the server responded with a status of 503 (Service Unavailable) @ http://localhost:3119/api/v1/system/health:0
[15873580ms] [ERROR] Failed to load resource: the server responded with a status of 501 (Not Implemented) @ http://localhost:3119/api/v1/admin/impersonate:0
[15873587ms] [ERROR] Failed to load resource: the server responded with a status of 501 (Not Implemented) @ http://localhost:3119/api/v1/admin/impersonate:0
[15889269ms] [ERROR] Failed to load resource: the server responded with a status of 503 (Service Unavailable) @ http://localhost:3119/api/v1/system/health:0
[15903638ms] [ERROR] Failed to load resource: the server responded with a status of 501 (Not Implemented) @ http://localhost:3119/api/v1/admin/impersonate:0
[15903646ms] [ERROR] Failed to load resource: the server responded with a status of 501 (Not Implemented) @ http://localhost:3119/api/v1/admin/impersonate:0
[15919283ms] [ERROR] Failed to load resource: the server responded with a status of 503 (Service Unavailable) @ http://localhost:3119/api/v1/system/health:0
[15933726ms] [ERROR] Failed to load resource: the server responded with a status of 501 (Not Implemented) @ http://localhost:3119/api/v1/admin/impersonate:0
[15933735ms] [ERROR] Failed to load resource: the server responded with a status of 501 (Not Implemented) @ http://localhost:3119/api/v1/admin/impersonate:0
[15949304ms] [ERROR] Failed to load resource: the server responded with a status of 503 (Service Unavailable) @ http://localhost:3119/api/v1/system/health:0
[15963777ms] [ERROR] Failed to load resource: the server responded with a status of 501 (Not Implemented) @ http://localhost:3119/api/v1/admin/impersonate:0
[15963785ms] [ERROR] Failed to load resource: the server responded with a status of 501 (Not Implemented) @ http://localhost:3119/api/v1/admin/impersonate:0
[15979325ms] [ERROR] Failed to load resource: the server responded with a status of 503 (Service Unavailable) @ http://localhost:3119/api/v1/system/health:0
[15993829ms] [ERROR] Failed to load resource: the server responded with a status of 501 (Not Implemented) @ http://localhost:3119/api/v1/admin/impersonate:0
[15993837ms] [ERROR] Failed to load resource: the server responded with a status of 501 (Not Implemented) @ http://localhost:3119/api/v1/admin/impersonate:0
[16009343ms] [ERROR] Failed to load resource: the server responded with a status of 503 (Service Unavailable) @ http://localhost:3119/api/v1/system/health:0
[16023890ms] [ERROR] Failed to load resource: the server responded with a status of 501 (Not Implemented) @ http://localhost:3119/api/v1/admin/impersonate:0
[16023902ms] [ERROR] Failed to load resource: the server responded with a status of 501 (Not Implemented) @ http://localhost:3119/api/v1/admin/impersonate:0
[16039353ms] [ERROR] Failed to load resource: the server responded with a status of 503 (Service Unavailable) @ http://localhost:3119/api/v1/system/health:0
[16053956ms] [ERROR] Failed to load resource: the server responded with a status of 501 (Not Implemented) @ http://localhost:3119/api/v1/admin/impersonate:0
[16053965ms] [ERROR] Failed to load resource: the server responded with a status of 501 (Not Implemented) @ http://localhost:3119/api/v1/admin/impersonate:0
[16069363ms] [ERROR] Failed to load resource: the server responded with a status of 503 (Service Unavailable) @ http://localhost:3119/api/v1/system/health:0
[16084039ms] [ERROR] Failed to load resource: the server responded with a status of 501 (Not Implemented) @ http://localhost:3119/api/v1/admin/impersonate:0
[16084048ms] [ERROR] Failed to load resource: the server responded with a status of 501 (Not Implemented) @ http://localhost:3119/api/v1/admin/impersonate:0
[16099381ms] [ERROR] Failed to load resource: the server responded with a status of 503 (Service Unavailable) @ http://localhost:3119/api/v1/system/health:0
[16114139ms] [ERROR] Failed to load resource: the server responded with a status of 501 (Not Implemented) @ http://localhost:3119/api/v1/admin/impersonate:0
[16114149ms] [ERROR] Failed to load resource: the server responded with a status of 501 (Not Implemented) @ http://localhost:3119/api/v1/admin/impersonate:0
[16129406ms] [ERROR] Failed to load resource: the server responded with a status of 503 (Service Unavailable) @ http://localhost:3119/api/v1/system/health:0
[16144216ms] [ERROR] Failed to load resource: the server responded with a status of 501 (Not Implemented) @ http://localhost:3119/api/v1/admin/impersonate:0
[16144243ms] [ERROR] Failed to load resource: the server responded with a status of 501 (Not Implemented) @ http://localhost:3119/api/v1/admin/impersonate:0
[16159433ms] [ERROR] Failed to load resource: the server responded with a status of 503 (Service Unavailable) @ http://localhost:3119/api/v1/system/health:0
[16174272ms] [ERROR] Failed to load resource: the server responded with a status of 501 (Not Implemented) @ http://localhost:3119/api/v1/admin/impersonate:0
[16174286ms] [ERROR] Failed to load resource: the server responded with a status of 501 (Not Implemented) @ http://localhost:3119/api/v1/admin/impersonate:0
[16189458ms] [ERROR] Failed to load resource: the server responded with a status of 503 (Service Unavailable) @ http://localhost:3119/api/v1/system/health:0
[16204322ms] [ERROR] Failed to load resource: the server responded with a status of 501 (Not Implemented) @ http://localhost:3119/api/v1/admin/impersonate:0
[16204341ms] [ERROR] Failed to load resource: the server responded with a status of 501 (Not Implemented) @ http://localhost:3119/api/v1/admin/impersonate:0
[16219512ms] [ERROR] Failed to load resource: the server responded with a status of 503 (Service Unavailable) @ http://localhost:3119/api/v1/system/health:0
[16234367ms] [ERROR] Failed to load resource: the server responded with a status of 501 (Not Implemented) @ http://localhost:3119/api/v1/admin/impersonate:0
[16234378ms] [ERROR] Failed to load resource: the server responded with a status of 501 (Not Implemented) @ http://localhost:3119/api/v1/admin/impersonate:0
[16249546ms] [ERROR] Failed to load resource: the server responded with a status of 503 (Service Unavailable) @ http://localhost:3119/api/v1/system/health:0
[16264427ms] [ERROR] Failed to load resource: the server responded with a status of 501 (Not Implemented) @ http://localhost:3119/api/v1/admin/impersonate:0
[16264443ms] [ERROR] Failed to load resource: the server responded with a status of 501 (Not Implemented) @ http://localhost:3119/api/v1/admin/impersonate:0
[16279573ms] [ERROR] Failed to load resource: the server responded with a status of 503 (Service Unavailable) @ http://localhost:3119/api/v1/system/health:0
[16294717ms] [ERROR] Failed to load resource: the server responded with a status of 501 (Not Implemented) @ http://localhost:3119/api/v1/admin/impersonate:0
[16294749ms] [ERROR] Failed to load resource: the server responded with a status of 501 (Not Implemented) @ http://localhost:3119/api/v1/admin/impersonate:0
[16309587ms] [ERROR] Failed to load resource: the server responded with a status of 503 (Service Unavailable) @ http://localhost:3119/api/v1/system/health:0
[16324804ms] [ERROR] Failed to load resource: the server responded with a status of 501 (Not Implemented) @ http://localhost:3119/api/v1/admin/impersonate:0
[16324826ms] [ERROR] Failed to load resource: the server responded with a status of 501 (Not Implemented) @ http://localhost:3119/api/v1/admin/impersonate:0
[16339612ms] [ERROR] Failed to load resource: the server responded with a status of 503 (Service Unavailable) @ http://localhost:3119/api/v1/system/health:0
[16354842ms] [ERROR] Failed to load resource: the server responded with a status of 501 (Not Implemented) @ http://localhost:3119/api/v1/admin/impersonate:0
[16354878ms] [ERROR] Failed to load resource: the server responded with a status of 501 (Not Implemented) @ http://localhost:3119/api/v1/admin/impersonate:0
[16369633ms] [ERROR] Failed to load resource: the server responded with a status of 503 (Service Unavailable) @ http://localhost:3119/api/v1/system/health:0
[16385015ms] [ERROR] Failed to load resource: the server responded with a status of 501 (Not Implemented) @ http://localhost:3119/api/v1/admin/impersonate:0
[16385031ms] [ERROR] Failed to load resource: the server responded with a status of 501 (Not Implemented) @ http://localhost:3119/api/v1/admin/impersonate:0
[16399682ms] [ERROR] Failed to load resource: the server responded with a status of 503 (Service Unavailable) @ http://localhost:3119/api/v1/system/health:0
[16415070ms] [ERROR] Failed to load resource: the server responded with a status of 501 (Not Implemented) @ http://localhost:3119/api/v1/admin/impersonate:0
[16415079ms] [ERROR] Failed to load resource: the server responded with a status of 501 (Not Implemented) @ http://localhost:3119/api/v1/admin/impersonate:0
[16429979ms] [ERROR] Failed to load resource: the server responded with a status of 503 (Service Unavailable) @ http://localhost:3119/api/v1/system/health:0
[16445181ms] [ERROR] Failed to load resource: the server responded with a status of 501 (Not Implemented) @ http://localhost:3119/api/v1/admin/impersonate:0
[16445193ms] [ERROR] Failed to load resource: the server responded with a status of 501 (Not Implemented) @ http://localhost:3119/api/v1/admin/impersonate:0
[16460119ms] [ERROR] Failed to load resource: the server responded with a status of 503 (Service Unavailable) @ http://localhost:3119/api/v1/system/health:0
[16478858ms] [ERROR] Failed to load resource: the server responded with a status of 501 (Not Implemented) @ http://localhost:3119/api/v1/admin/impersonate:0
[16479140ms] [ERROR] Failed to load resource: the server responded with a status of 501 (Not Implemented) @ http://localhost:3119/api/v1/admin/impersonate:0
[16490134ms] [ERROR] Failed to load resource: the server responded with a status of 503 (Service Unavailable) @ http://localhost:3119/api/v1/system/health:0
[16509162ms] [ERROR] Failed to load resource: the server responded with a status of 501 (Not Implemented) @ http://localhost:3119/api/v1/admin/impersonate:0
[16509171ms] [ERROR] Failed to load resource: the server responded with a status of 501 (Not Implemented) @ http://localhost:3119/api/v1/admin/impersonate:0
[16520147ms] [ERROR] Failed to load resource: the server responded with a status of 503 (Service Unavailable) @ http://localhost:3119/api/v1/system/health:0
[16539196ms] [ERROR] Failed to load resource: the server responded with a status of 501 (Not Implemented) @ http://localhost:3119/api/v1/admin/impersonate:0
[16539204ms] [ERROR] Failed to load resource: the server responded with a status of 501 (Not Implemented) @ http://localhost:3119/api/v1/admin/impersonate:0
[16550193ms] [ERROR] Failed to load resource: the server responded with a status of 503 (Service Unavailable) @ http://localhost:3119/api/v1/system/health:0
[16569924ms] [ERROR] Failed to load resource: the server responded with a status of 501 (Not Implemented) @ http://localhost:3119/api/v1/admin/impersonate:0
[16570067ms] [ERROR] Failed to load resource: the server responded with a status of 501 (Not Implemented) @ http://localhost:3119/api/v1/admin/impersonate:0
[16580218ms] [ERROR] Failed to load resource: the server responded with a status of 503 (Service Unavailable) @ http://localhost:3119/api/v1/system/health:0
[16600077ms] [ERROR] Failed to load resource: the server responded with a status of 501 (Not Implemented) @ http://localhost:3119/api/v1/admin/impersonate:0
[16600088ms] [ERROR] Failed to load resource: the server responded with a status of 501 (Not Implemented) @ http://localhost:3119/api/v1/admin/impersonate:0
[16610254ms] [ERROR] Failed to load resource: the server responded with a status of 503 (Service Unavailable) @ http://localhost:3119/api/v1/system/health:0
[16630211ms] [ERROR] Failed to load resource: the server responded with a status of 501 (Not Implemented) @ http://localhost:3119/api/v1/admin/impersonate:0
[16630251ms] [ERROR] Failed to load resource: the server responded with a status of 501 (Not Implemented) @ http://localhost:3119/api/v1/admin/impersonate:0
[16640280ms] [ERROR] Failed to load resource: the server responded with a status of 503 (Service Unavailable) @ http://localhost:3119/api/v1/system/health:0
[16660272ms] [ERROR] Failed to load resource: the server responded with a status of 501 (Not Implemented) @ http://localhost:3119/api/v1/admin/impersonate:0
[16660280ms] [ERROR] Failed to load resource: the server responded with a status of 501 (Not Implemented) @ http://localhost:3119/api/v1/admin/impersonate:0
[16670291ms] [ERROR] Failed to load resource: the server responded with a status of 503 (Service Unavailable) @ http://localhost:3119/api/v1/system/health:0
[16690295ms] [ERROR] Failed to load resource: the server responded with a status of 501 (Not Implemented) @ http://localhost:3119/api/v1/admin/impersonate:0
[16690304ms] [ERROR] Failed to load resource: the server responded with a status of 501 (Not Implemented) @ http://localhost:3119/api/v1/admin/impersonate:0
[16700304ms] [ERROR] Failed to load resource: the server responded with a status of 503 (Service Unavailable) @ http://localhost:3119/api/v1/system/health:0
[16720319ms] [ERROR] Failed to load resource: the server responded with a status of 501 (Not Implemented) @ http://localhost:3119/api/v1/admin/impersonate:0
[16720327ms] [ERROR] Failed to load resource: the server responded with a status of 501 (Not Implemented) @ http://localhost:3119/api/v1/admin/impersonate:0
[16730320ms] [ERROR] Failed to load resource: the server responded with a status of 503 (Service Unavailable) @ http://localhost:3119/api/v1/system/health:0
[16750348ms] [ERROR] Failed to load resource: the server responded with a status of 501 (Not Implemented) @ http://localhost:3119/api/v1/admin/impersonate:0
[16750363ms] [ERROR] Failed to load resource: the server responded with a status of 501 (Not Implemented) @ http://localhost:3119/api/v1/admin/impersonate:0
[16760330ms] [ERROR] Failed to load resource: the server responded with a status of 503 (Service Unavailable) @ http://localhost:3119/api/v1/system/health:0
[16780375ms] [ERROR] Failed to load resource: the server responded with a status of 501 (Not Implemented) @ http://localhost:3119/api/v1/admin/impersonate:0
[16780383ms] [ERROR] Failed to load resource: the server responded with a status of 501 (Not Implemented) @ http://localhost:3119/api/v1/admin/impersonate:0
[16790347ms] [ERROR] Failed to load resource: the server responded with a status of 503 (Service Unavailable) @ http://localhost:3119/api/v1/system/health:0
[16810395ms] [ERROR] Failed to load resource: the server responded with a status of 501 (Not Implemented) @ http://localhost:3119/api/v1/admin/impersonate:0
[16810404ms] [ERROR] Failed to load resource: the server responded with a status of 501 (Not Implemented) @ http://localhost:3119/api/v1/admin/impersonate:0
[16820369ms] [ERROR] Failed to load resource: the server responded with a status of 503 (Service Unavailable) @ http://localhost:3119/api/v1/system/health:0
[16840425ms] [ERROR] Failed to load resource: the server responded with a status of 501 (Not Implemented) @ http://localhost:3119/api/v1/admin/impersonate:0
[16840432ms] [ERROR] Failed to load resource: the server responded with a status of 501 (Not Implemented) @ http://localhost:3119/api/v1/admin/impersonate:0
[16850386ms] [ERROR] Failed to load resource: the server responded with a status of 503 (Service Unavailable) @ http://localhost:3119/api/v1/system/health:0
[16870444ms] [ERROR] Failed to load resource: the server responded with a status of 501 (Not Implemented) @ http://localhost:3119/api/v1/admin/impersonate:0
[16870452ms] [ERROR] Failed to load resource: the server responded with a status of 501 (Not Implemented) @ http://localhost:3119/api/v1/admin/impersonate:0
[16880397ms] [ERROR] Failed to load resource: the server responded with a status of 503 (Service Unavailable) @ http://localhost:3119/api/v1/system/health:0
[16900471ms] [ERROR] Failed to load resource: the server responded with a status of 501 (Not Implemented) @ http://localhost:3119/api/v1/admin/impersonate:0
[16900481ms] [ERROR] Failed to load resource: the server responded with a status of 501 (Not Implemented) @ http://localhost:3119/api/v1/admin/impersonate:0
[16910412ms] [ERROR] Failed to load resource: the server responded with a status of 503 (Service Unavailable) @ http://localhost:3119/api/v1/system/health:0
[16930578ms] [ERROR] Failed to load resource: the server responded with a status of 501 (Not Implemented) @ http://localhost:3119/api/v1/admin/impersonate:0
[16930603ms] [ERROR] Failed to load resource: the server responded with a status of 501 (Not Implemented) @ http://localhost:3119/api/v1/admin/impersonate:0
[16940432ms] [ERROR] Failed to load resource: the server responded with a status of 503 (Service Unavailable) @ http://localhost:3119/api/v1/system/health:0
[16960614ms] [ERROR] Failed to load resource: the server responded with a status of 501 (Not Implemented) @ http://localhost:3119/api/v1/admin/impersonate:0
[16960624ms] [ERROR] Failed to load resource: the server responded with a status of 501 (Not Implemented) @ http://localhost:3119/api/v1/admin/impersonate:0
[16970444ms] [ERROR] Failed to load resource: the server responded with a status of 503 (Service Unavailable) @ http://localhost:3119/api/v1/system/health:0
[16990649ms] [ERROR] Failed to load resource: the server responded with a status of 501 (Not Implemented) @ http://localhost:3119/api/v1/admin/impersonate:0
[16990658ms] [ERROR] Failed to load resource: the server responded with a status of 501 (Not Implemented) @ http://localhost:3119/api/v1/admin/impersonate:0
[17000457ms] [ERROR] Failed to load resource: the server responded with a status of 503 (Service Unavailable) @ http://localhost:3119/api/v1/system/health:0
[17020693ms] [ERROR] Failed to load resource: the server responded with a status of 501 (Not Implemented) @ http://localhost:3119/api/v1/admin/impersonate:0
[17020703ms] [ERROR] Failed to load resource: the server responded with a status of 501 (Not Implemented) @ http://localhost:3119/api/v1/admin/impersonate:0
[17030482ms] [ERROR] Failed to load resource: the server responded with a status of 503 (Service Unavailable) @ http://localhost:3119/api/v1/system/health:0
[17050770ms] [ERROR] Failed to load resource: the server responded with a status of 501 (Not Implemented) @ http://localhost:3119/api/v1/admin/impersonate:0
[17050781ms] [ERROR] Failed to load resource: the server responded with a status of 501 (Not Implemented) @ http://localhost:3119/api/v1/admin/impersonate:0
[17060499ms] [ERROR] Failed to load resource: the server responded with a status of 503 (Service Unavailable) @ http://localhost:3119/api/v1/system/health:0
[17080827ms] [ERROR] Failed to load resource: the server responded with a status of 501 (Not Implemented) @ http://localhost:3119/api/v1/admin/impersonate:0
[17080835ms] [ERROR] Failed to load resource: the server responded with a status of 501 (Not Implemented) @ http://localhost:3119/api/v1/admin/impersonate:0
[17090526ms] [ERROR] Failed to load resource: the server responded with a status of 503 (Service Unavailable) @ http://localhost:3119/api/v1/system/health:0
[17112644ms] [ERROR] Failed to load resource: the server responded with a status of 501 (Not Implemented) @ http://localhost:3119/api/v1/admin/impersonate:0
[17112663ms] [ERROR] Failed to load resource: the server responded with a status of 501 (Not Implemented) @ http://localhost:3119/api/v1/admin/impersonate:0
[17120809ms] [ERROR] Failed to load resource: the server responded with a status of 503 (Service Unavailable) @ http://localhost:3119/api/v1/system/health:0
[17143163ms] [ERROR] Failed to load resource: the server responded with a status of 501 (Not Implemented) @ http://localhost:3119/api/v1/admin/impersonate:0
[17143237ms] [ERROR] Failed to load resource: the server responded with a status of 501 (Not Implemented) @ http://localhost:3119/api/v1/admin/impersonate:0
[17150835ms] [ERROR] Failed to load resource: the server responded with a status of 503 (Service Unavailable) @ http://localhost:3119/api/v1/system/health:0
[17173303ms] [ERROR] Failed to load resource: the server responded with a status of 501 (Not Implemented) @ http://localhost:3119/api/v1/admin/impersonate:0
[17173321ms] [ERROR] Failed to load resource: the server responded with a status of 501 (Not Implemented) @ http://localhost:3119/api/v1/admin/impersonate:0
[17181121ms] [ERROR] Failed to load resource: the server responded with a status of 503 (Service Unavailable) @ http://localhost:3119/api/v1/system/health:0
[17203336ms] [ERROR] Failed to load resource: the server responded with a status of 501 (Not Implemented) @ http://localhost:3119/api/v1/admin/impersonate:0
[17203345ms] [ERROR] Failed to load resource: the server responded with a status of 501 (Not Implemented) @ http://localhost:3119/api/v1/admin/impersonate:0
[17211180ms] [ERROR] Failed to load resource: the server responded with a status of 503 (Service Unavailable) @ http://localhost:3119/api/v1/system/health:0
[17233367ms] [ERROR] Failed to load resource: the server responded with a status of 501 (Not Implemented) @ http://localhost:3119/api/v1/admin/impersonate:0
[17233377ms] [ERROR] Failed to load resource: the server responded with a status of 501 (Not Implemented) @ http://localhost:3119/api/v1/admin/impersonate:0
[17241200ms] [ERROR] Failed to load resource: the server responded with a status of 503 (Service Unavailable) @ http://localhost:3119/api/v1/system/health:0
[17263387ms] [ERROR] Failed to load resource: the server responded with a status of 501 (Not Implemented) @ http://localhost:3119/api/v1/admin/impersonate:0
[17263396ms] [ERROR] Failed to load resource: the server responded with a status of 501 (Not Implemented) @ http://localhost:3119/api/v1/admin/impersonate:0
[17271218ms] [ERROR] Failed to load resource: the server responded with a status of 503 (Service Unavailable) @ http://localhost:3119/api/v1/system/health:0
[17293413ms] [ERROR] Failed to load resource: the server responded with a status of 501 (Not Implemented) @ http://localhost:3119/api/v1/admin/impersonate:0
[17293422ms] [ERROR] Failed to load resource: the server responded with a status of 501 (Not Implemented) @ http://localhost:3119/api/v1/admin/impersonate:0
[17301235ms] [ERROR] Failed to load resource: the server responded with a status of 503 (Service Unavailable) @ http://localhost:3119/api/v1/system/health:0
[17323438ms] [ERROR] Failed to load resource: the server responded with a status of 501 (Not Implemented) @ http://localhost:3119/api/v1/admin/impersonate:0
[17323446ms] [ERROR] Failed to load resource: the server responded with a status of 501 (Not Implemented) @ http://localhost:3119/api/v1/admin/impersonate:0
[17331260ms] [ERROR] Failed to load resource: the server responded with a status of 503 (Service Unavailable) @ http://localhost:3119/api/v1/system/health:0
[17353495ms] [ERROR] Failed to load resource: the server responded with a status of 501 (Not Implemented) @ http://localhost:3119/api/v1/admin/impersonate:0
[17353507ms] [ERROR] Failed to load resource: the server responded with a status of 501 (Not Implemented) @ http://localhost:3119/api/v1/admin/impersonate:0
[17361281ms] [ERROR] Failed to load resource: the server responded with a status of 503 (Service Unavailable) @ http://localhost:3119/api/v1/system/health:0
[17383558ms] [ERROR] Failed to load resource: the server responded with a status of 501 (Not Implemented) @ http://localhost:3119/api/v1/admin/impersonate:0
[17383579ms] [ERROR] Failed to load resource: the server responded with a status of 501 (Not Implemented) @ http://localhost:3119/api/v1/admin/impersonate:0
[17391294ms] [ERROR] Failed to load resource: the server responded with a status of 503 (Service Unavailable) @ http://localhost:3119/api/v1/system/health:0
[17413599ms] [ERROR] Failed to load resource: the server responded with a status of 501 (Not Implemented) @ http://localhost:3119/api/v1/admin/impersonate:0
[17413609ms] [ERROR] Failed to load resource: the server responded with a status of 501 (Not Implemented) @ http://localhost:3119/api/v1/admin/impersonate:0
[17421310ms] [ERROR] Failed to load resource: the server responded with a status of 503 (Service Unavailable) @ http://localhost:3119/api/v1/system/health:0
[17443630ms] [ERROR] Failed to load resource: the server responded with a status of 501 (Not Implemented) @ http://localhost:3119/api/v1/admin/impersonate:0
[17443644ms] [ERROR] Failed to load resource: the server responded with a status of 501 (Not Implemented) @ http://localhost:3119/api/v1/admin/impersonate:0
[17451326ms] [ERROR] Failed to load resource: the server responded with a status of 503 (Service Unavailable) @ http://localhost:3119/api/v1/system/health:0
[17473682ms] [ERROR] Failed to load resource: the server responded with a status of 501 (Not Implemented) @ http://localhost:3119/api/v1/admin/impersonate:0
[17473691ms] [ERROR] Failed to load resource: the server responded with a status of 501 (Not Implemented) @ http://localhost:3119/api/v1/admin/impersonate:0
[17481345ms] [ERROR] Failed to load resource: the server responded with a status of 503 (Service Unavailable) @ http://localhost:3119/api/v1/system/health:0
[17501565ms] [ERROR] Failed to load resource: net::ERR_INCOMPLETE_CHUNKED_ENCODING @ http://localhost:3119/api/v1/events:0
[17502581ms] [ERROR] Failed to load resource: net::ERR_EMPTY_RESPONSE @ http://localhost:3119/api/v1/events:0
[17503746ms] [ERROR] Failed to load resource: the server responded with a status of 501 (Not Implemented) @ http://localhost:3119/api/v1/admin/impersonate:0
[17503804ms] [ERROR] Failed to load resource: the server responded with a status of 501 (Not Implemented) @ http://localhost:3119/api/v1/admin/impersonate:0
[17511365ms] [ERROR] Failed to load resource: the server responded with a status of 503 (Service Unavailable) @ http://localhost:3119/api/v1/system/health:0
[17533823ms] [ERROR] Failed to load resource: the server responded with a status of 501 (Not Implemented) @ http://localhost:3119/api/v1/admin/impersonate:0
[17533833ms] [ERROR] Failed to load resource: the server responded with a status of 501 (Not Implemented) @ http://localhost:3119/api/v1/admin/impersonate:0
[17541410ms] [ERROR] Failed to load resource: the server responded with a status of 503 (Service Unavailable) @ http://localhost:3119/api/v1/system/health:0
[17563850ms] [ERROR] Failed to load resource: the server responded with a status of 501 (Not Implemented) @ http://localhost:3119/api/v1/admin/impersonate:0
[17563859ms] [ERROR] Failed to load resource: the server responded with a status of 501 (Not Implemented) @ http://localhost:3119/api/v1/admin/impersonate:0
[17571446ms] [ERROR] Failed to load resource: the server responded with a status of 503 (Service Unavailable) @ http://localhost:3119/api/v1/system/health:0
[17593875ms] [ERROR] Failed to load resource: the server responded with a status of 501 (Not Implemented) @ http://localhost:3119/api/v1/admin/impersonate:0
[17593890ms] [ERROR] Failed to load resource: the server responded with a status of 501 (Not Implemented) @ http://localhost:3119/api/v1/admin/impersonate:0
[17601466ms] [ERROR] Failed to load resource: the server responded with a status of 503 (Service Unavailable) @ http://localhost:3119/api/v1/system/health:0
[17623904ms] [ERROR] Failed to load resource: the server responded with a status of 501 (Not Implemented) @ http://localhost:3119/api/v1/admin/impersonate:0
[17623914ms] [ERROR] Failed to load resource: the server responded with a status of 501 (Not Implemented) @ http://localhost:3119/api/v1/admin/impersonate:0
[17631478ms] [ERROR] Failed to load resource: the server responded with a status of 503 (Service Unavailable) @ http://localhost:3119/api/v1/system/health:0
[17653935ms] [ERROR] Failed to load resource: the server responded with a status of 501 (Not Implemented) @ http://localhost:3119/api/v1/admin/impersonate:0
[17653946ms] [ERROR] Failed to load resource: the server responded with a status of 501 (Not Implemented) @ http://localhost:3119/api/v1/admin/impersonate:0
[17661496ms] [ERROR] Failed to load resource: the server responded with a status of 503 (Service Unavailable) @ http://localhost:3119/api/v1/system/health:0
[17683964ms] [ERROR] Failed to load resource: the server responded with a status of 501 (Not Implemented) @ http://localhost:3119/api/v1/admin/impersonate:0
[17683973ms] [ERROR] Failed to load resource: the server responded with a status of 501 (Not Implemented) @ http://localhost:3119/api/v1/admin/impersonate:0
[17691511ms] [ERROR] Failed to load resource: the server responded with a status of 503 (Service Unavailable) @ http://localhost:3119/api/v1/system/health:0
[17713990ms] [ERROR] Failed to load resource: the server responded with a status of 501 (Not Implemented) @ http://localhost:3119/api/v1/admin/impersonate:0
[17714011ms] [ERROR] Failed to load resource: the server responded with a status of 501 (Not Implemented) @ http://localhost:3119/api/v1/admin/impersonate:0
[17721531ms] [ERROR] Failed to load resource: the server responded with a status of 503 (Service Unavailable) @ http://localhost:3119/api/v1/system/health:0
[17744035ms] [ERROR] Failed to load resource: the server responded with a status of 501 (Not Implemented) @ http://localhost:3119/api/v1/admin/impersonate:0
[17744045ms] [ERROR] Failed to load resource: the server responded with a status of 501 (Not Implemented) @ http://localhost:3119/api/v1/admin/impersonate:0
[17751554ms] [ERROR] Failed to load resource: the server responded with a status of 503 (Service Unavailable) @ http://localhost:3119/api/v1/system/health:0
[17774056ms] [ERROR] Failed to load resource: the server responded with a status of 501 (Not Implemented) @ http://localhost:3119/api/v1/admin/impersonate:0
[17774064ms] [ERROR] Failed to load resource: the server responded with a status of 501 (Not Implemented) @ http://localhost:3119/api/v1/admin/impersonate:0
[17781572ms] [ERROR] Failed to load resource: the server responded with a status of 503 (Service Unavailable) @ http://localhost:3119/api/v1/system/health:0
[17804078ms] [ERROR] Failed to load resource: the server responded with a status of 501 (Not Implemented) @ http://localhost:3119/api/v1/admin/impersonate:0
[17804089ms] [ERROR] Failed to load resource: the server responded with a status of 501 (Not Implemented) @ http://localhost:3119/api/v1/admin/impersonate:0
[17811597ms] [ERROR] Failed to load resource: the server responded with a status of 503 (Service Unavailable) @ http://localhost:3119/api/v1/system/health:0
[17834111ms] [ERROR] Failed to load resource: the server responded with a status of 501 (Not Implemented) @ http://localhost:3119/api/v1/admin/impersonate:0
[17834121ms] [ERROR] Failed to load resource: the server responded with a status of 501 (Not Implemented) @ http://localhost:3119/api/v1/admin/impersonate:0
[17841612ms] [ERROR] Failed to load resource: the server responded with a status of 503 (Service Unavailable) @ http://localhost:3119/api/v1/system/health:0
[17864145ms] [ERROR] Failed to load resource: the server responded with a status of 501 (Not Implemented) @ http://localhost:3119/api/v1/admin/impersonate:0
[17864157ms] [ERROR] Failed to load resource: the server responded with a status of 501 (Not Implemented) @ http://localhost:3119/api/v1/admin/impersonate:0
[17871641ms] [ERROR] Failed to load resource: the server responded with a status of 503 (Service Unavailable) @ http://localhost:3119/api/v1/system/health:0
[17894176ms] [ERROR] Failed to load resource: the server responded with a status of 501 (Not Implemented) @ http://localhost:3119/api/v1/admin/impersonate:0
[17894186ms] [ERROR] Failed to load resource: the server responded with a status of 501 (Not Implemented) @ http://localhost:3119/api/v1/admin/impersonate:0
[17901651ms] [ERROR] Failed to load resource: the server responded with a status of 503 (Service Unavailable) @ http://localhost:3119/api/v1/system/health:0
[17924199ms] [ERROR] Failed to load resource: the server responded with a status of 501 (Not Implemented) @ http://localhost:3119/api/v1/admin/impersonate:0
[17924207ms] [ERROR] Failed to load resource: the server responded with a status of 501 (Not Implemented) @ http://localhost:3119/api/v1/admin/impersonate:0
[17931668ms] [ERROR] Failed to load resource: the server responded with a status of 503 (Service Unavailable) @ http://localhost:3119/api/v1/system/health:0
[17954223ms] [ERROR] Failed to load resource: the server responded with a status of 501 (Not Implemented) @ http://localhost:3119/api/v1/admin/impersonate:0
[17954232ms] [ERROR] Failed to load resource: the server responded with a status of 501 (Not Implemented) @ http://localhost:3119/api/v1/admin/impersonate:0
[17961687ms] [ERROR] Failed to load resource: the server responded with a status of 503 (Service Unavailable) @ http://localhost:3119/api/v1/system/health:0
[17984249ms] [ERROR] Failed to load resource: the server responded with a status of 501 (Not Implemented) @ http://localhost:3119/api/v1/admin/impersonate:0
[17984259ms] [ERROR] Failed to load resource: the server responded with a status of 501 (Not Implemented) @ http://localhost:3119/api/v1/admin/impersonate:0
[17991708ms] [ERROR] Failed to load resource: the server responded with a status of 503 (Service Unavailable) @ http://localhost:3119/api/v1/system/health:0
[18014283ms] [ERROR] Failed to load resource: the server responded with a status of 501 (Not Implemented) @ http://localhost:3119/api/v1/admin/impersonate:0
[18014293ms] [ERROR] Failed to load resource: the server responded with a status of 501 (Not Implemented) @ http://localhost:3119/api/v1/admin/impersonate:0
[18021732ms] [ERROR] Failed to load resource: the server responded with a status of 503 (Service Unavailable) @ http://localhost:3119/api/v1/system/health:0
[18044315ms] [ERROR] Failed to load resource: the server responded with a status of 501 (Not Implemented) @ http://localhost:3119/api/v1/admin/impersonate:0
[18044323ms] [ERROR] Failed to load resource: the server responded with a status of 501 (Not Implemented) @ http://localhost:3119/api/v1/admin/impersonate:0
[18051748ms] [ERROR] Failed to load resource: the server responded with a status of 503 (Service Unavailable) @ http://localhost:3119/api/v1/system/health:0
[18074337ms] [ERROR] Failed to load resource: the server responded with a status of 501 (Not Implemented) @ http://localhost:3119/api/v1/admin/impersonate:0
[18074348ms] [ERROR] Failed to load resource: the server responded with a status of 501 (Not Implemented) @ http://localhost:3119/api/v1/admin/impersonate:0
[18081768ms] [ERROR] Failed to load resource: the server responded with a status of 503 (Service Unavailable) @ http://localhost:3119/api/v1/system/health:0
[18105274ms] [ERROR] Failed to load resource: the server responded with a status of 501 (Not Implemented) @ http://localhost:3119/api/v1/admin/impersonate:0
[18105290ms] [ERROR] Failed to load resource: the server responded with a status of 501 (Not Implemented) @ http://localhost:3119/api/v1/admin/impersonate:0
[18111805ms] [ERROR] Failed to load resource: the server responded with a status of 503 (Service Unavailable) @ http://localhost:3119/api/v1/system/health:0
[18135299ms] [ERROR] Failed to load resource: the server responded with a status of 501 (Not Implemented) @ http://localhost:3119/api/v1/admin/impersonate:0
[18135307ms] [ERROR] Failed to load resource: the server responded with a status of 501 (Not Implemented) @ http://localhost:3119/api/v1/admin/impersonate:0
[18141823ms] [ERROR] Failed to load resource: the server responded with a status of 503 (Service Unavailable) @ http://localhost:3119/api/v1/system/health:0
[18165317ms] [ERROR] Failed to load resource: the server responded with a status of 501 (Not Implemented) @ http://localhost:3119/api/v1/admin/impersonate:0
[18165327ms] [ERROR] Failed to load resource: the server responded with a status of 501 (Not Implemented) @ http://localhost:3119/api/v1/admin/impersonate:0
[18171832ms] [ERROR] Failed to load resource: the server responded with a status of 503 (Service Unavailable) @ http://localhost:3119/api/v1/system/health:0
[18195335ms] [ERROR] Failed to load resource: the server responded with a status of 501 (Not Implemented) @ http://localhost:3119/api/v1/admin/impersonate:0
[18195343ms] [ERROR] Failed to load resource: the server responded with a status of 501 (Not Implemented) @ http://localhost:3119/api/v1/admin/impersonate:0
[18201861ms] [ERROR] Failed to load resource: the server responded with a status of 503 (Service Unavailable) @ http://localhost:3119/api/v1/system/health:0
[18225352ms] [ERROR] Failed to load resource: the server responded with a status of 501 (Not Implemented) @ http://localhost:3119/api/v1/admin/impersonate:0
[18225359ms] [ERROR] Failed to load resource: the server responded with a status of 501 (Not Implemented) @ http://localhost:3119/api/v1/admin/impersonate:0
[18231870ms] [ERROR] Failed to load resource: the server responded with a status of 503 (Service Unavailable) @ http://localhost:3119/api/v1/system/health:0
[18255368ms] [ERROR] Failed to load resource: the server responded with a status of 501 (Not Implemented) @ http://localhost:3119/api/v1/admin/impersonate:0
[18255376ms] [ERROR] Failed to load resource: the server responded with a status of 501 (Not Implemented) @ http://localhost:3119/api/v1/admin/impersonate:0
[18261904ms] [ERROR] Failed to load resource: the server responded with a status of 503 (Service Unavailable) @ http://localhost:3119/api/v1/system/health:0
[18285387ms] [ERROR] Failed to load resource: the server responded with a status of 501 (Not Implemented) @ http://localhost:3119/api/v1/admin/impersonate:0
[18285395ms] [ERROR] Failed to load resource: the server responded with a status of 501 (Not Implemented) @ http://localhost:3119/api/v1/admin/impersonate:0
[18291948ms] [ERROR] Failed to load resource: the server responded with a status of 503 (Service Unavailable) @ http://localhost:3119/api/v1/system/health:0
[18315405ms] [ERROR] Failed to load resource: the server responded with a status of 501 (Not Implemented) @ http://localhost:3119/api/v1/admin/impersonate:0
[18315413ms] [ERROR] Failed to load resource: the server responded with a status of 501 (Not Implemented) @ http://localhost:3119/api/v1/admin/impersonate:0
[18321961ms] [ERROR] Failed to load resource: the server responded with a status of 503 (Service Unavailable) @ http://localhost:3119/api/v1/system/health:0
[18345424ms] [ERROR] Failed to load resource: the server responded with a status of 501 (Not Implemented) @ http://localhost:3119/api/v1/admin/impersonate:0
[18345432ms] [ERROR] Failed to load resource: the server responded with a status of 501 (Not Implemented) @ http://localhost:3119/api/v1/admin/impersonate:0
[18351985ms] [ERROR] Failed to load resource: the server responded with a status of 503 (Service Unavailable) @ http://localhost:3119/api/v1/system/health:0
[18375444ms] [ERROR] Failed to load resource: the server responded with a status of 501 (Not Implemented) @ http://localhost:3119/api/v1/admin/impersonate:0
[18375452ms] [ERROR] Failed to load resource: the server responded with a status of 501 (Not Implemented) @ http://localhost:3119/api/v1/admin/impersonate:0
[18382004ms] [ERROR] Failed to load resource: the server responded with a status of 503 (Service Unavailable) @ http://localhost:3119/api/v1/system/health:0
[18405462ms] [ERROR] Failed to load resource: the server responded with a status of 501 (Not Implemented) @ http://localhost:3119/api/v1/admin/impersonate:0
[18405470ms] [ERROR] Failed to load resource: the server responded with a status of 501 (Not Implemented) @ http://localhost:3119/api/v1/admin/impersonate:0
[18412024ms] [ERROR] Failed to load resource: the server responded with a status of 503 (Service Unavailable) @ http://localhost:3119/api/v1/system/health:0
[18435484ms] [ERROR] Failed to load resource: the server responded with a status of 501 (Not Implemented) @ http://localhost:3119/api/v1/admin/impersonate:0
[18435494ms] [ERROR] Failed to load resource: the server responded with a status of 501 (Not Implemented) @ http://localhost:3119/api/v1/admin/impersonate:0
[18442040ms] [ERROR] Failed to load resource: the server responded with a status of 503 (Service Unavailable) @ http://localhost:3119/api/v1/system/health:0
[18465507ms] [ERROR] Failed to load resource: the server responded with a status of 501 (Not Implemented) @ http://localhost:3119/api/v1/admin/impersonate:0
[18465516ms] [ERROR] Failed to load resource: the server responded with a status of 501 (Not Implemented) @ http://localhost:3119/api/v1/admin/impersonate:0
[18472062ms] [ERROR] Failed to load resource: the server responded with a status of 503 (Service Unavailable) @ http://localhost:3119/api/v1/system/health:0
[18495526ms] [ERROR] Failed to load resource: the server responded with a status of 501 (Not Implemented) @ http://localhost:3119/api/v1/admin/impersonate:0
[18495535ms] [ERROR] Failed to load resource: the server responded with a status of 501 (Not Implemented) @ http://localhost:3119/api/v1/admin/impersonate:0
[18502081ms] [ERROR] Failed to load resource: the server responded with a status of 503 (Service Unavailable) @ http://localhost:3119/api/v1/system/health:0
[18525550ms] [ERROR] Failed to load resource: the server responded with a status of 501 (Not Implemented) @ http://localhost:3119/api/v1/admin/impersonate:0
[18525560ms] [ERROR] Failed to load resource: the server responded with a status of 501 (Not Implemented) @ http://localhost:3119/api/v1/admin/impersonate:0
[18532100ms] [ERROR] Failed to load resource: the server responded with a status of 503 (Service Unavailable) @ http://localhost:3119/api/v1/system/health:0
[18555576ms] [ERROR] Failed to load resource: the server responded with a status of 501 (Not Implemented) @ http://localhost:3119/api/v1/admin/impersonate:0
[18555584ms] [ERROR] Failed to load resource: the server responded with a status of 501 (Not Implemented) @ http://localhost:3119/api/v1/admin/impersonate:0
[18562112ms] [ERROR] Failed to load resource: the server responded with a status of 503 (Service Unavailable) @ http://localhost:3119/api/v1/system/health:0
[18585594ms] [ERROR] Failed to load resource: the server responded with a status of 501 (Not Implemented) @ http://localhost:3119/api/v1/admin/impersonate:0
[18585602ms] [ERROR] Failed to load resource: the server responded with a status of 501 (Not Implemented) @ http://localhost:3119/api/v1/admin/impersonate:0
[18592135ms] [ERROR] Failed to load resource: the server responded with a status of 503 (Service Unavailable) @ http://localhost:3119/api/v1/system/health:0
[18615625ms] [ERROR] Failed to load resource: the server responded with a status of 501 (Not Implemented) @ http://localhost:3119/api/v1/admin/impersonate:0
[18615634ms] [ERROR] Failed to load resource: the server responded with a status of 501 (Not Implemented) @ http://localhost:3119/api/v1/admin/impersonate:0
[18622151ms] [ERROR] Failed to load resource: the server responded with a status of 503 (Service Unavailable) @ http://localhost:3119/api/v1/system/health:0
[18645643ms] [ERROR] Failed to load resource: the server responded with a status of 501 (Not Implemented) @ http://localhost:3119/api/v1/admin/impersonate:0
[18645651ms] [ERROR] Failed to load resource: the server responded with a status of 501 (Not Implemented) @ http://localhost:3119/api/v1/admin/impersonate:0
[18652172ms] [ERROR] Failed to load resource: the server responded with a status of 503 (Service Unavailable) @ http://localhost:3119/api/v1/system/health:0
[18675667ms] [ERROR] Failed to load resource: the server responded with a status of 501 (Not Implemented) @ http://localhost:3119/api/v1/admin/impersonate:0
[18675675ms] [ERROR] Failed to load resource: the server responded with a status of 501 (Not Implemented) @ http://localhost:3119/api/v1/admin/impersonate:0
[18682182ms] [ERROR] Failed to load resource: the server responded with a status of 503 (Service Unavailable) @ http://localhost:3119/api/v1/system/health:0
[18705689ms] [ERROR] Failed to load resource: the server responded with a status of 501 (Not Implemented) @ http://localhost:3119/api/v1/admin/impersonate:0
[18705699ms] [ERROR] Failed to load resource: the server responded with a status of 501 (Not Implemented) @ http://localhost:3119/api/v1/admin/impersonate:0
[18712250ms] [ERROR] Failed to load resource: the server responded with a status of 503 (Service Unavailable) @ http://localhost:3119/api/v1/system/health:0
[18735714ms] [ERROR] Failed to load resource: the server responded with a status of 501 (Not Implemented) @ http://localhost:3119/api/v1/admin/impersonate:0
[18735722ms] [ERROR] Failed to load resource: the server responded with a status of 501 (Not Implemented) @ http://localhost:3119/api/v1/admin/impersonate:0
[18742275ms] [ERROR] Failed to load resource: the server responded with a status of 503 (Service Unavailable) @ http://localhost:3119/api/v1/system/health:0
[18765738ms] [ERROR] Failed to load resource: the server responded with a status of 501 (Not Implemented) @ http://localhost:3119/api/v1/admin/impersonate:0
[18765746ms] [ERROR] Failed to load resource: the server responded with a status of 501 (Not Implemented) @ http://localhost:3119/api/v1/admin/impersonate:0
[18772291ms] [ERROR] Failed to load resource: the server responded with a status of 503 (Service Unavailable) @ http://localhost:3119/api/v1/system/health:0
[18795754ms] [ERROR] Failed to load resource: the server responded with a status of 501 (Not Implemented) @ http://localhost:3119/api/v1/admin/impersonate:0
[18795762ms] [ERROR] Failed to load resource: the server responded with a status of 501 (Not Implemented) @ http://localhost:3119/api/v1/admin/impersonate:0
[18802310ms] [ERROR] Failed to load resource: the server responded with a status of 503 (Service Unavailable) @ http://localhost:3119/api/v1/system/health:0
[18825777ms] [ERROR] Failed to load resource: the server responded with a status of 501 (Not Implemented) @ http://localhost:3119/api/v1/admin/impersonate:0
[18825784ms] [ERROR] Failed to load resource: the server responded with a status of 501 (Not Implemented) @ http://localhost:3119/api/v1/admin/impersonate:0
[18832320ms] [ERROR] Failed to load resource: the server responded with a status of 503 (Service Unavailable) @ http://localhost:3119/api/v1/system/health:0
[18855795ms] [ERROR] Failed to load resource: the server responded with a status of 501 (Not Implemented) @ http://localhost:3119/api/v1/admin/impersonate:0
[18855803ms] [ERROR] Failed to load resource: the server responded with a status of 501 (Not Implemented) @ http://localhost:3119/api/v1/admin/impersonate:0
[18862340ms] [ERROR] Failed to load resource: the server responded with a status of 503 (Service Unavailable) @ http://localhost:3119/api/v1/system/health:0
[18885813ms] [ERROR] Failed to load resource: the server responded with a status of 501 (Not Implemented) @ http://localhost:3119/api/v1/admin/impersonate:0
[18885821ms] [ERROR] Failed to load resource: the server responded with a status of 501 (Not Implemented) @ http://localhost:3119/api/v1/admin/impersonate:0
[18892357ms] [ERROR] Failed to load resource: the server responded with a status of 503 (Service Unavailable) @ http://localhost:3119/api/v1/system/health:0
[18915844ms] [ERROR] Failed to load resource: the server responded with a status of 501 (Not Implemented) @ http://localhost:3119/api/v1/admin/impersonate:0
[18915852ms] [ERROR] Failed to load resource: the server responded with a status of 501 (Not Implemented) @ http://localhost:3119/api/v1/admin/impersonate:0
[18922368ms] [ERROR] Failed to load resource: the server responded with a status of 503 (Service Unavailable) @ http://localhost:3119/api/v1/system/health:0
[18945863ms] [ERROR] Failed to load resource: the server responded with a status of 501 (Not Implemented) @ http://localhost:3119/api/v1/admin/impersonate:0
[18945871ms] [ERROR] Failed to load resource: the server responded with a status of 501 (Not Implemented) @ http://localhost:3119/api/v1/admin/impersonate:0
[18952390ms] [ERROR] Failed to load resource: the server responded with a status of 503 (Service Unavailable) @ http://localhost:3119/api/v1/system/health:0
[18975885ms] [ERROR] Failed to load resource: the server responded with a status of 501 (Not Implemented) @ http://localhost:3119/api/v1/admin/impersonate:0
[18975894ms] [ERROR] Failed to load resource: the server responded with a status of 501 (Not Implemented) @ http://localhost:3119/api/v1/admin/impersonate:0
[18982407ms] [ERROR] Failed to load resource: the server responded with a status of 503 (Service Unavailable) @ http://localhost:3119/api/v1/system/health:0
[19005908ms] [ERROR] Failed to load resource: the server responded with a status of 501 (Not Implemented) @ http://localhost:3119/api/v1/admin/impersonate:0
[19005916ms] [ERROR] Failed to load resource: the server responded with a status of 501 (Not Implemented) @ http://localhost:3119/api/v1/admin/impersonate:0
[19012434ms] [ERROR] Failed to load resource: the server responded with a status of 503 (Service Unavailable) @ http://localhost:3119/api/v1/system/health:0
[19035932ms] [ERROR] Failed to load resource: the server responded with a status of 501 (Not Implemented) @ http://localhost:3119/api/v1/admin/impersonate:0
[19035940ms] [ERROR] Failed to load resource: the server responded with a status of 501 (Not Implemented) @ http://localhost:3119/api/v1/admin/impersonate:0
[19042452ms] [ERROR] Failed to load resource: the server responded with a status of 503 (Service Unavailable) @ http://localhost:3119/api/v1/system/health:0
[19065950ms] [ERROR] Failed to load resource: the server responded with a status of 501 (Not Implemented) @ http://localhost:3119/api/v1/admin/impersonate:0
[19065958ms] [ERROR] Failed to load resource: the server responded with a status of 501 (Not Implemented) @ http://localhost:3119/api/v1/admin/impersonate:0
[19072487ms] [ERROR] Failed to load resource: the server responded with a status of 503 (Service Unavailable) @ http://localhost:3119/api/v1/system/health:0
[19095976ms] [ERROR] Failed to load resource: the server responded with a status of 501 (Not Implemented) @ http://localhost:3119/api/v1/admin/impersonate:0
[19095984ms] [ERROR] Failed to load resource: the server responded with a status of 501 (Not Implemented) @ http://localhost:3119/api/v1/admin/impersonate:0
[19102506ms] [ERROR] Failed to load resource: the server responded with a status of 503 (Service Unavailable) @ http://localhost:3119/api/v1/system/health:0
[19126002ms] [ERROR] Failed to load resource: the server responded with a status of 501 (Not Implemented) @ http://localhost:3119/api/v1/admin/impersonate:0
[19126009ms] [ERROR] Failed to load resource: the server responded with a status of 501 (Not Implemented) @ http://localhost:3119/api/v1/admin/impersonate:0
[19132527ms] [ERROR] Failed to load resource: the server responded with a status of 503 (Service Unavailable) @ http://localhost:3119/api/v1/system/health:0
[19156029ms] [ERROR] Failed to load resource: the server responded with a status of 501 (Not Implemented) @ http://localhost:3119/api/v1/admin/impersonate:0
[19156038ms] [ERROR] Failed to load resource: the server responded with a status of 501 (Not Implemented) @ http://localhost:3119/api/v1/admin/impersonate:0
[19162541ms] [ERROR] Failed to load resource: the server responded with a status of 503 (Service Unavailable) @ http://localhost:3119/api/v1/system/health:0
[19186053ms] [ERROR] Failed to load resource: the server responded with a status of 501 (Not Implemented) @ http://localhost:3119/api/v1/admin/impersonate:0
[19186062ms] [ERROR] Failed to load resource: the server responded with a status of 501 (Not Implemented) @ http://localhost:3119/api/v1/admin/impersonate:0
[19192555ms] [ERROR] Failed to load resource: the server responded with a status of 503 (Service Unavailable) @ http://localhost:3119/api/v1/system/health:0
[19216070ms] [ERROR] Failed to load resource: the server responded with a status of 501 (Not Implemented) @ http://localhost:3119/api/v1/admin/impersonate:0
[19216078ms] [ERROR] Failed to load resource: the server responded with a status of 501 (Not Implemented) @ http://localhost:3119/api/v1/admin/impersonate:0
[19222566ms] [ERROR] Failed to load resource: the server responded with a status of 503 (Service Unavailable) @ http://localhost:3119/api/v1/system/health:0
[19246091ms] [ERROR] Failed to load resource: the server responded with a status of 501 (Not Implemented) @ http://localhost:3119/api/v1/admin/impersonate:0
[19246099ms] [ERROR] Failed to load resource: the server responded with a status of 501 (Not Implemented) @ http://localhost:3119/api/v1/admin/impersonate:0
[19252575ms] [ERROR] Failed to load resource: the server responded with a status of 503 (Service Unavailable) @ http://localhost:3119/api/v1/system/health:0
[19276121ms] [ERROR] Failed to load resource: the server responded with a status of 501 (Not Implemented) @ http://localhost:3119/api/v1/admin/impersonate:0
[19276130ms] [ERROR] Failed to load resource: the server responded with a status of 501 (Not Implemented) @ http://localhost:3119/api/v1/admin/impersonate:0
[19282589ms] [ERROR] Failed to load resource: the server responded with a status of 503 (Service Unavailable) @ http://localhost:3119/api/v1/system/health:0
[19306140ms] [ERROR] Failed to load resource: the server responded with a status of 501 (Not Implemented) @ http://localhost:3119/api/v1/admin/impersonate:0
[19306149ms] [ERROR] Failed to load resource: the server responded with a status of 501 (Not Implemented) @ http://localhost:3119/api/v1/admin/impersonate:0
[19312610ms] [ERROR] Failed to load resource: the server responded with a status of 503 (Service Unavailable) @ http://localhost:3119/api/v1/system/health:0
[19336170ms] [ERROR] Failed to load resource: the server responded with a status of 501 (Not Implemented) @ http://localhost:3119/api/v1/admin/impersonate:0
[19336178ms] [ERROR] Failed to load resource: the server responded with a status of 501 (Not Implemented) @ http://localhost:3119/api/v1/admin/impersonate:0
[19342634ms] [ERROR] Failed to load resource: the server responded with a status of 503 (Service Unavailable) @ http://localhost:3119/api/v1/system/health:0
[19366191ms] [ERROR] Failed to load resource: the server responded with a status of 501 (Not Implemented) @ http://localhost:3119/api/v1/admin/impersonate:0
[19366198ms] [ERROR] Failed to load resource: the server responded with a status of 501 (Not Implemented) @ http://localhost:3119/api/v1/admin/impersonate:0
[19372649ms] [ERROR] Failed to load resource: the server responded with a status of 503 (Service Unavailable) @ http://localhost:3119/api/v1/system/health:0
[19396223ms] [ERROR] Failed to load resource: the server responded with a status of 501 (Not Implemented) @ http://localhost:3119/api/v1/admin/impersonate:0
[19396235ms] [ERROR] Failed to load resource: the server responded with a status of 501 (Not Implemented) @ http://localhost:3119/api/v1/admin/impersonate:0
[19402671ms] [ERROR] Failed to load resource: the server responded with a status of 503 (Service Unavailable) @ http://localhost:3119/api/v1/system/health:0
[19426259ms] [ERROR] Failed to load resource: the server responded with a status of 501 (Not Implemented) @ http://localhost:3119/api/v1/admin/impersonate:0
[19426277ms] [ERROR] Failed to load resource: the server responded with a status of 501 (Not Implemented) @ http://localhost:3119/api/v1/admin/impersonate:0
[19432689ms] [ERROR] Failed to load resource: the server responded with a status of 503 (Service Unavailable) @ http://localhost:3119/api/v1/system/health:0
[19456289ms] [ERROR] Failed to load resource: the server responded with a status of 501 (Not Implemented) @ http://localhost:3119/api/v1/admin/impersonate:0
[19456299ms] [ERROR] Failed to load resource: the server responded with a status of 501 (Not Implemented) @ http://localhost:3119/api/v1/admin/impersonate:0
[19462703ms] [ERROR] Failed to load resource: the server responded with a status of 503 (Service Unavailable) @ http://localhost:3119/api/v1/system/health:0
[19486308ms] [ERROR] Failed to load resource: the server responded with a status of 501 (Not Implemented) @ http://localhost:3119/api/v1/admin/impersonate:0
[19486318ms] [ERROR] Failed to load resource: the server responded with a status of 501 (Not Implemented) @ http://localhost:3119/api/v1/admin/impersonate:0
[19492722ms] [ERROR] Failed to load resource: the server responded with a status of 503 (Service Unavailable) @ http://localhost:3119/api/v1/system/health:0
[19516331ms] [ERROR] Failed to load resource: the server responded with a status of 501 (Not Implemented) @ http://localhost:3119/api/v1/admin/impersonate:0
[19516342ms] [ERROR] Failed to load resource: the server responded with a status of 501 (Not Implemented) @ http://localhost:3119/api/v1/admin/impersonate:0
[19522742ms] [ERROR] Failed to load resource: the server responded with a status of 503 (Service Unavailable) @ http://localhost:3119/api/v1/system/health:0
[19546354ms] [ERROR] Failed to load resource: the server responded with a status of 501 (Not Implemented) @ http://localhost:3119/api/v1/admin/impersonate:0
[19546362ms] [ERROR] Failed to load resource: the server responded with a status of 501 (Not Implemented) @ http://localhost:3119/api/v1/admin/impersonate:0
[19552757ms] [ERROR] Failed to load resource: the server responded with a status of 503 (Service Unavailable) @ http://localhost:3119/api/v1/system/health:0
[19576380ms] [ERROR] Failed to load resource: the server responded with a status of 501 (Not Implemented) @ http://localhost:3119/api/v1/admin/impersonate:0
[19576389ms] [ERROR] Failed to load resource: the server responded with a status of 501 (Not Implemented) @ http://localhost:3119/api/v1/admin/impersonate:0
[19582770ms] [ERROR] Failed to load resource: the server responded with a status of 503 (Service Unavailable) @ http://localhost:3119/api/v1/system/health:0
[19606408ms] [ERROR] Failed to load resource: the server responded with a status of 501 (Not Implemented) @ http://localhost:3119/api/v1/admin/impersonate:0
[19606417ms] [ERROR] Failed to load resource: the server responded with a status of 501 (Not Implemented) @ http://localhost:3119/api/v1/admin/impersonate:0
[19612784ms] [ERROR] Failed to load resource: the server responded with a status of 503 (Service Unavailable) @ http://localhost:3119/api/v1/system/health:0
[19636433ms] [ERROR] Failed to load resource: the server responded with a status of 501 (Not Implemented) @ http://localhost:3119/api/v1/admin/impersonate:0
[19636441ms] [ERROR] Failed to load resource: the server responded with a status of 501 (Not Implemented) @ http://localhost:3119/api/v1/admin/impersonate:0
[19642794ms] [ERROR] Failed to load resource: the server responded with a status of 503 (Service Unavailable) @ http://localhost:3119/api/v1/system/health:0
[19666449ms] [ERROR] Failed to load resource: the server responded with a status of 501 (Not Implemented) @ http://localhost:3119/api/v1/admin/impersonate:0
[19666457ms] [ERROR] Failed to load resource: the server responded with a status of 501 (Not Implemented) @ http://localhost:3119/api/v1/admin/impersonate:0
[19672807ms] [ERROR] Failed to load resource: the server responded with a status of 503 (Service Unavailable) @ http://localhost:3119/api/v1/system/health:0
[19696473ms] [ERROR] Failed to load resource: the server responded with a status of 501 (Not Implemented) @ http://localhost:3119/api/v1/admin/impersonate:0
[19696482ms] [ERROR] Failed to load resource: the server responded with a status of 501 (Not Implemented) @ http://localhost:3119/api/v1/admin/impersonate:0
[19702820ms] [ERROR] Failed to load resource: the server responded with a status of 503 (Service Unavailable) @ http://localhost:3119/api/v1/system/health:0
[19726504ms] [ERROR] Failed to load resource: the server responded with a status of 501 (Not Implemented) @ http://localhost:3119/api/v1/admin/impersonate:0
[19726521ms] [ERROR] Failed to load resource: the server responded with a status of 501 (Not Implemented) @ http://localhost:3119/api/v1/admin/impersonate:0
[19732839ms] [ERROR] Failed to load resource: the server responded with a status of 503 (Service Unavailable) @ http://localhost:3119/api/v1/system/health:0
[19756536ms] [ERROR] Failed to load resource: the server responded with a status of 501 (Not Implemented) @ http://localhost:3119/api/v1/admin/impersonate:0
[19756544ms] [ERROR] Failed to load resource: the server responded with a status of 501 (Not Implemented) @ http://localhost:3119/api/v1/admin/impersonate:0
[19762851ms] [ERROR] Failed to load resource: the server responded with a status of 503 (Service Unavailable) @ http://localhost:3119/api/v1/system/health:0
[19786556ms] [ERROR] Failed to load resource: the server responded with a status of 501 (Not Implemented) @ http://localhost:3119/api/v1/admin/impersonate:0
[19786569ms] [ERROR] Failed to load resource: the server responded with a status of 501 (Not Implemented) @ http://localhost:3119/api/v1/admin/impersonate:0
[19792874ms] [ERROR] Failed to load resource: the server responded with a status of 503 (Service Unavailable) @ http://localhost:3119/api/v1/system/health:0
[19816589ms] [ERROR] Failed to load resource: the server responded with a status of 501 (Not Implemented) @ http://localhost:3119/api/v1/admin/impersonate:0
[19816601ms] [ERROR] Failed to load resource: the server responded with a status of 501 (Not Implemented) @ http://localhost:3119/api/v1/admin/impersonate:0
[19822891ms] [ERROR] Failed to load resource: the server responded with a status of 503 (Service Unavailable) @ http://localhost:3119/api/v1/system/health:0
[19846621ms] [ERROR] Failed to load resource: the server responded with a status of 501 (Not Implemented) @ http://localhost:3119/api/v1/admin/impersonate:0
[19846632ms] [ERROR] Failed to load resource: the server responded with a status of 501 (Not Implemented) @ http://localhost:3119/api/v1/admin/impersonate:0
[19852901ms] [ERROR] Failed to load resource: the server responded with a status of 503 (Service Unavailable) @ http://localhost:3119/api/v1/system/health:0
[19876653ms] [ERROR] Failed to load resource: the server responded with a status of 501 (Not Implemented) @ http://localhost:3119/api/v1/admin/impersonate:0
[19876664ms] [ERROR] Failed to load resource: the server responded with a status of 501 (Not Implemented) @ http://localhost:3119/api/v1/admin/impersonate:0
[19882919ms] [ERROR] Failed to load resource: the server responded with a status of 503 (Service Unavailable) @ http://localhost:3119/api/v1/system/health:0
[19906674ms] [ERROR] Failed to load resource: the server responded with a status of 501 (Not Implemented) @ http://localhost:3119/api/v1/admin/impersonate:0
[19906684ms] [ERROR] Failed to load resource: the server responded with a status of 501 (Not Implemented) @ http://localhost:3119/api/v1/admin/impersonate:0
[19912943ms] [ERROR] Failed to load resource: the server responded with a status of 503 (Service Unavailable) @ http://localhost:3119/api/v1/system/health:0
[19936694ms] [ERROR] Failed to load resource: the server responded with a status of 501 (Not Implemented) @ http://localhost:3119/api/v1/admin/impersonate:0
[19936705ms] [ERROR] Failed to load resource: the server responded with a status of 501 (Not Implemented) @ http://localhost:3119/api/v1/admin/impersonate:0
[19942954ms] [ERROR] Failed to load resource: the server responded with a status of 503 (Service Unavailable) @ http://localhost:3119/api/v1/system/health:0
[19966717ms] [ERROR] Failed to load resource: the server responded with a status of 501 (Not Implemented) @ http://localhost:3119/api/v1/admin/impersonate:0
[19966726ms] [ERROR] Failed to load resource: the server responded with a status of 501 (Not Implemented) @ http://localhost:3119/api/v1/admin/impersonate:0
[19972968ms] [ERROR] Failed to load resource: the server responded with a status of 503 (Service Unavailable) @ http://localhost:3119/api/v1/system/health:0
[19996740ms] [ERROR] Failed to load resource: the server responded with a status of 501 (Not Implemented) @ http://localhost:3119/api/v1/admin/impersonate:0
[19996750ms] [ERROR] Failed to load resource: the server responded with a status of 501 (Not Implemented) @ http://localhost:3119/api/v1/admin/impersonate:0
[20002986ms] [ERROR] Failed to load resource: the server responded with a status of 503 (Service Unavailable) @ http://localhost:3119/api/v1/system/health:0
[20026764ms] [ERROR] Failed to load resource: the server responded with a status of 501 (Not Implemented) @ http://localhost:3119/api/v1/admin/impersonate:0
[20026774ms] [ERROR] Failed to load resource: the server responded with a status of 501 (Not Implemented) @ http://localhost:3119/api/v1/admin/impersonate:0
[20033002ms] [ERROR] Failed to load resource: the server responded with a status of 503 (Service Unavailable) @ http://localhost:3119/api/v1/system/health:0
[20056786ms] [ERROR] Failed to load resource: the server responded with a status of 501 (Not Implemented) @ http://localhost:3119/api/v1/admin/impersonate:0
[20056797ms] [ERROR] Failed to load resource: the server responded with a status of 501 (Not Implemented) @ http://localhost:3119/api/v1/admin/impersonate:0
[20063012ms] [ERROR] Failed to load resource: the server responded with a status of 503 (Service Unavailable) @ http://localhost:3119/api/v1/system/health:0
[20086806ms] [ERROR] Failed to load resource: the server responded with a status of 501 (Not Implemented) @ http://localhost:3119/api/v1/admin/impersonate:0
[20086814ms] [ERROR] Failed to load resource: the server responded with a status of 501 (Not Implemented) @ http://localhost:3119/api/v1/admin/impersonate:0
[20093031ms] [ERROR] Failed to load resource: the server responded with a status of 503 (Service Unavailable) @ http://localhost:3119/api/v1/system/health:0
[20116837ms] [ERROR] Failed to load resource: the server responded with a status of 501 (Not Implemented) @ http://localhost:3119/api/v1/admin/impersonate:0
[20116847ms] [ERROR] Failed to load resource: the server responded with a status of 501 (Not Implemented) @ http://localhost:3119/api/v1/admin/impersonate:0
[20123050ms] [ERROR] Failed to load resource: the server responded with a status of 503 (Service Unavailable) @ http://localhost:3119/api/v1/system/health:0
[20146871ms] [ERROR] Failed to load resource: the server responded with a status of 501 (Not Implemented) @ http://localhost:3119/api/v1/admin/impersonate:0
[20146881ms] [ERROR] Failed to load resource: the server responded with a status of 501 (Not Implemented) @ http://localhost:3119/api/v1/admin/impersonate:0
[20153069ms] [ERROR] Failed to load resource: the server responded with a status of 503 (Service Unavailable) @ http://localhost:3119/api/v1/system/health:0
[20176890ms] [ERROR] Failed to load resource: the server responded with a status of 501 (Not Implemented) @ http://localhost:3119/api/v1/admin/impersonate:0
[20176898ms] [ERROR] Failed to load resource: the server responded with a status of 501 (Not Implemented) @ http://localhost:3119/api/v1/admin/impersonate:0
[20183079ms] [ERROR] Failed to load resource: the server responded with a status of 503 (Service Unavailable) @ http://localhost:3119/api/v1/system/health:0
[20206907ms] [ERROR] Failed to load resource: the server responded with a status of 501 (Not Implemented) @ http://localhost:3119/api/v1/admin/impersonate:0
[20206915ms] [ERROR] Failed to load resource: the server responded with a status of 501 (Not Implemented) @ http://localhost:3119/api/v1/admin/impersonate:0
[20213096ms] [ERROR] Failed to load resource: the server responded with a status of 503 (Service Unavailable) @ http://localhost:3119/api/v1/system/health:0
[20236934ms] [ERROR] Failed to load resource: the server responded with a status of 501 (Not Implemented) @ http://localhost:3119/api/v1/admin/impersonate:0
[20236943ms] [ERROR] Failed to load resource: the server responded with a status of 501 (Not Implemented) @ http://localhost:3119/api/v1/admin/impersonate:0
[20243117ms] [ERROR] Failed to load resource: the server responded with a status of 503 (Service Unavailable) @ http://localhost:3119/api/v1/system/health:0
[20266963ms] [ERROR] Failed to load resource: the server responded with a status of 501 (Not Implemented) @ http://localhost:3119/api/v1/admin/impersonate:0
[20266976ms] [ERROR] Failed to load resource: the server responded with a status of 501 (Not Implemented) @ http://localhost:3119/api/v1/admin/impersonate:0
[20273126ms] [ERROR] Failed to load resource: the server responded with a status of 503 (Service Unavailable) @ http://localhost:3119/api/v1/system/health:0
[20297005ms] [ERROR] Failed to load resource: the server responded with a status of 501 (Not Implemented) @ http://localhost:3119/api/v1/admin/impersonate:0
[20297024ms] [ERROR] Failed to load resource: the server responded with a status of 501 (Not Implemented) @ http://localhost:3119/api/v1/admin/impersonate:0
[20303145ms] [ERROR] Failed to load resource: the server responded with a status of 503 (Service Unavailable) @ http://localhost:3119/api/v1/system/health:0
[20327042ms] [ERROR] Failed to load resource: the server responded with a status of 501 (Not Implemented) @ http://localhost:3119/api/v1/admin/impersonate:0
[20327050ms] [ERROR] Failed to load resource: the server responded with a status of 501 (Not Implemented) @ http://localhost:3119/api/v1/admin/impersonate:0
[20333165ms] [ERROR] Failed to load resource: the server responded with a status of 503 (Service Unavailable) @ http://localhost:3119/api/v1/system/health:0
[20357073ms] [ERROR] Failed to load resource: the server responded with a status of 501 (Not Implemented) @ http://localhost:3119/api/v1/admin/impersonate:0
[20357082ms] [ERROR] Failed to load resource: the server responded with a status of 501 (Not Implemented) @ http://localhost:3119/api/v1/admin/impersonate:0
[20363179ms] [ERROR] Failed to load resource: the server responded with a status of 503 (Service Unavailable) @ http://localhost:3119/api/v1/system/health:0
[20387101ms] [ERROR] Failed to load resource: the server responded with a status of 501 (Not Implemented) @ http://localhost:3119/api/v1/admin/impersonate:0
[20387112ms] [ERROR] Failed to load resource: the server responded with a status of 501 (Not Implemented) @ http://localhost:3119/api/v1/admin/impersonate:0
[20393203ms] [ERROR] Failed to load resource: the server responded with a status of 503 (Service Unavailable) @ http://localhost:3119/api/v1/system/health:0
[20417129ms] [ERROR] Failed to load resource: the server responded with a status of 501 (Not Implemented) @ http://localhost:3119/api/v1/admin/impersonate:0
[20417138ms] [ERROR] Failed to load resource: the server responded with a status of 501 (Not Implemented) @ http://localhost:3119/api/v1/admin/impersonate:0
[20423221ms] [ERROR] Failed to load resource: the server responded with a status of 503 (Service Unavailable) @ http://localhost:3119/api/v1/system/health:0
[20447159ms] [ERROR] Failed to load resource: the server responded with a status of 501 (Not Implemented) @ http://localhost:3119/api/v1/admin/impersonate:0
[20447169ms] [ERROR] Failed to load resource: the server responded with a status of 501 (Not Implemented) @ http://localhost:3119/api/v1/admin/impersonate:0
[20453244ms] [ERROR] Failed to load resource: the server responded with a status of 503 (Service Unavailable) @ http://localhost:3119/api/v1/system/health:0
[20477206ms] [ERROR] Failed to load resource: the server responded with a status of 501 (Not Implemented) @ http://localhost:3119/api/v1/admin/impersonate:0
[20477248ms] [ERROR] Failed to load resource: the server responded with a status of 501 (Not Implemented) @ http://localhost:3119/api/v1/admin/impersonate:0
[20483264ms] [ERROR] Failed to load resource: the server responded with a status of 503 (Service Unavailable) @ http://localhost:3119/api/v1/system/health:0
[20507260ms] [ERROR] Failed to load resource: the server responded with a status of 501 (Not Implemented) @ http://localhost:3119/api/v1/admin/impersonate:0
[20507269ms] [ERROR] Failed to load resource: the server responded with a status of 501 (Not Implemented) @ http://localhost:3119/api/v1/admin/impersonate:0
[20513281ms] [ERROR] Failed to load resource: the server responded with a status of 503 (Service Unavailable) @ http://localhost:3119/api/v1/system/health:0
[20537286ms] [ERROR] Failed to load resource: the server responded with a status of 501 (Not Implemented) @ http://localhost:3119/api/v1/admin/impersonate:0
[20537296ms] [ERROR] Failed to load resource: the server responded with a status of 501 (Not Implemented) @ http://localhost:3119/api/v1/admin/impersonate:0
[20543309ms] [ERROR] Failed to load resource: the server responded with a status of 503 (Service Unavailable) @ http://localhost:3119/api/v1/system/health:0
[20567311ms] [ERROR] Failed to load resource: the server responded with a status of 501 (Not Implemented) @ http://localhost:3119/api/v1/admin/impersonate:0
[20567323ms] [ERROR] Failed to load resource: the server responded with a status of 501 (Not Implemented) @ http://localhost:3119/api/v1/admin/impersonate:0
[20573331ms] [ERROR] Failed to load resource: the server responded with a status of 503 (Service Unavailable) @ http://localhost:3119/api/v1/system/health:0
[20597342ms] [ERROR] Failed to load resource: the server responded with a status of 501 (Not Implemented) @ http://localhost:3119/api/v1/admin/impersonate:0
[20597352ms] [ERROR] Failed to load resource: the server responded with a status of 501 (Not Implemented) @ http://localhost:3119/api/v1/admin/impersonate:0
[20603350ms] [ERROR] Failed to load resource: the server responded with a status of 503 (Service Unavailable) @ http://localhost:3119/api/v1/system/health:0
[20627371ms] [ERROR] Failed to load resource: the server responded with a status of 501 (Not Implemented) @ http://localhost:3119/api/v1/admin/impersonate:0
[20627382ms] [ERROR] Failed to load resource: the server responded with a status of 501 (Not Implemented) @ http://localhost:3119/api/v1/admin/impersonate:0
[20633371ms] [ERROR] Failed to load resource: the server responded with a status of 503 (Service Unavailable) @ http://localhost:3119/api/v1/system/health:0
[20657402ms] [ERROR] Failed to load resource: the server responded with a status of 501 (Not Implemented) @ http://localhost:3119/api/v1/admin/impersonate:0
[20657413ms] [ERROR] Failed to load resource: the server responded with a status of 501 (Not Implemented) @ http://localhost:3119/api/v1/admin/impersonate:0
[20663396ms] [ERROR] Failed to load resource: the server responded with a status of 503 (Service Unavailable) @ http://localhost:3119/api/v1/system/health:0
[20687436ms] [ERROR] Failed to load resource: the server responded with a status of 501 (Not Implemented) @ http://localhost:3119/api/v1/admin/impersonate:0
[20687447ms] [ERROR] Failed to load resource: the server responded with a status of 501 (Not Implemented) @ http://localhost:3119/api/v1/admin/impersonate:0
[20693415ms] [ERROR] Failed to load resource: the server responded with a status of 503 (Service Unavailable) @ http://localhost:3119/api/v1/system/health:0
[20717457ms] [ERROR] Failed to load resource: the server responded with a status of 501 (Not Implemented) @ http://localhost:3119/api/v1/admin/impersonate:0
[20717468ms] [ERROR] Failed to load resource: the server responded with a status of 501 (Not Implemented) @ http://localhost:3119/api/v1/admin/impersonate:0
[20723434ms] [ERROR] Failed to load resource: the server responded with a status of 503 (Service Unavailable) @ http://localhost:3119/api/v1/system/health:0
[20747480ms] [ERROR] Failed to load resource: the server responded with a status of 501 (Not Implemented) @ http://localhost:3119/api/v1/admin/impersonate:0
[20747490ms] [ERROR] Failed to load resource: the server responded with a status of 501 (Not Implemented) @ http://localhost:3119/api/v1/admin/impersonate:0
[20753455ms] [ERROR] Failed to load resource: the server responded with a status of 503 (Service Unavailable) @ http://localhost:3119/api/v1/system/health:0
[20777508ms] [ERROR] Failed to load resource: the server responded with a status of 501 (Not Implemented) @ http://localhost:3119/api/v1/admin/impersonate:0
[20777517ms] [ERROR] Failed to load resource: the server responded with a status of 501 (Not Implemented) @ http://localhost:3119/api/v1/admin/impersonate:0
[20783466ms] [ERROR] Failed to load resource: the server responded with a status of 503 (Service Unavailable) @ http://localhost:3119/api/v1/system/health:0
[20807534ms] [ERROR] Failed to load resource: the server responded with a status of 501 (Not Implemented) @ http://localhost:3119/api/v1/admin/impersonate:0
[20807542ms] [ERROR] Failed to load resource: the server responded with a status of 501 (Not Implemented) @ http://localhost:3119/api/v1/admin/impersonate:0
[20813490ms] [ERROR] Failed to load resource: the server responded with a status of 503 (Service Unavailable) @ http://localhost:3119/api/v1/system/health:0
[20837555ms] [ERROR] Failed to load resource: the server responded with a status of 501 (Not Implemented) @ http://localhost:3119/api/v1/admin/impersonate:0
[20837565ms] [ERROR] Failed to load resource: the server responded with a status of 501 (Not Implemented) @ http://localhost:3119/api/v1/admin/impersonate:0
[20843514ms] [ERROR] Failed to load resource: the server responded with a status of 503 (Service Unavailable) @ http://localhost:3119/api/v1/system/health:0
[20867581ms] [ERROR] Failed to load resource: the server responded with a status of 501 (Not Implemented) @ http://localhost:3119/api/v1/admin/impersonate:0
[20867590ms] [ERROR] Failed to load resource: the server responded with a status of 501 (Not Implemented) @ http://localhost:3119/api/v1/admin/impersonate:0
[20873526ms] [ERROR] Failed to load resource: the server responded with a status of 503 (Service Unavailable) @ http://localhost:3119/api/v1/system/health:0
[20897617ms] [ERROR] Failed to load resource: the server responded with a status of 501 (Not Implemented) @ http://localhost:3119/api/v1/admin/impersonate:0
[20897631ms] [ERROR] Failed to load resource: the server responded with a status of 501 (Not Implemented) @ http://localhost:3119/api/v1/admin/impersonate:0
[20903546ms] [ERROR] Failed to load resource: the server responded with a status of 503 (Service Unavailable) @ http://localhost:3119/api/v1/system/health:0
[20927866ms] [ERROR] Failed to load resource: the server responded with a status of 501 (Not Implemented) @ http://localhost:3119/api/v1/admin/impersonate:0
[20927962ms] [ERROR] Failed to load resource: the server responded with a status of 501 (Not Implemented) @ http://localhost:3119/api/v1/admin/impersonate:0
[20933561ms] [ERROR] Failed to load resource: the server responded with a status of 503 (Service Unavailable) @ http://localhost:3119/api/v1/system/health:0
[20957984ms] [ERROR] Failed to load resource: the server responded with a status of 501 (Not Implemented) @ http://localhost:3119/api/v1/admin/impersonate:0
[20957994ms] [ERROR] Failed to load resource: the server responded with a status of 501 (Not Implemented) @ http://localhost:3119/api/v1/admin/impersonate:0
[20963574ms] [ERROR] Failed to load resource: the server responded with a status of 503 (Service Unavailable) @ http://localhost:3119/api/v1/system/health:0
[20988016ms] [ERROR] Failed to load resource: the server responded with a status of 501 (Not Implemented) @ http://localhost:3119/api/v1/admin/impersonate:0
[20988027ms] [ERROR] Failed to load resource: the server responded with a status of 501 (Not Implemented) @ http://localhost:3119/api/v1/admin/impersonate:0
[20993586ms] [ERROR] Failed to load resource: the server responded with a status of 503 (Service Unavailable) @ http://localhost:3119/api/v1/system/health:0
[21018043ms] [ERROR] Failed to load resource: the server responded with a status of 501 (Not Implemented) @ http://localhost:3119/api/v1/admin/impersonate:0
[21018053ms] [ERROR] Failed to load resource: the server responded with a status of 429 (Too Many Requests) @ http://localhost:3119/api/v1/admin/impersonate:0
[21020083ms] [ERROR] Failed to load resource: the server responded with a status of 501 (Not Implemented) @ http://localhost:3119/api/v1/admin/impersonate:0
[21023613ms] [ERROR] Failed to load resource: the server responded with a status of 503 (Service Unavailable) @ http://localhost:3119/api/v1/system/health:0
[21050117ms] [ERROR] Failed to load resource: the server responded with a status of 501 (Not Implemented) @ http://localhost:3119/api/v1/admin/impersonate:0
[21052138ms] [ERROR] Failed to load resource: the server responded with a status of 501 (Not Implemented) @ http://localhost:3119/api/v1/admin/impersonate:0
[21053638ms] [ERROR] Failed to load resource: the server responded with a status of 503 (Service Unavailable) @ http://localhost:3119/api/v1/system/health:0
[21082162ms] [ERROR] Failed to load resource: the server responded with a status of 501 (Not Implemented) @ http://localhost:3119/api/v1/admin/impersonate:0
[21082173ms] [ERROR] Failed to load resource: the server responded with a status of 501 (Not Implemented) @ http://localhost:3119/api/v1/admin/impersonate:0
[21083659ms] [ERROR] Failed to load resource: the server responded with a status of 503 (Service Unavailable) @ http://localhost:3119/api/v1/system/health:0
[21112197ms] [ERROR] Failed to load resource: the server responded with a status of 501 (Not Implemented) @ http://localhost:3119/api/v1/admin/impersonate:0
[21112207ms] [ERROR] Failed to load resource: the server responded with a status of 501 (Not Implemented) @ http://localhost:3119/api/v1/admin/impersonate:0
[21113680ms] [ERROR] Failed to load resource: the server responded with a status of 503 (Service Unavailable) @ http://localhost:3119/api/v1/system/health:0
[21142222ms] [ERROR] Failed to load resource: the server responded with a status of 501 (Not Implemented) @ http://localhost:3119/api/v1/admin/impersonate:0
[21142232ms] [ERROR] Failed to load resource: the server responded with a status of 501 (Not Implemented) @ http://localhost:3119/api/v1/admin/impersonate:0
[21143706ms] [ERROR] Failed to load resource: the server responded with a status of 503 (Service Unavailable) @ http://localhost:3119/api/v1/system/health:0
[21172246ms] [ERROR] Failed to load resource: the server responded with a status of 501 (Not Implemented) @ http://localhost:3119/api/v1/admin/impersonate:0
[21172255ms] [ERROR] Failed to load resource: the server responded with a status of 501 (Not Implemented) @ http://localhost:3119/api/v1/admin/impersonate:0
[21173728ms] [ERROR] Failed to load resource: the server responded with a status of 503 (Service Unavailable) @ http://localhost:3119/api/v1/system/health:0
[21202263ms] [ERROR] Failed to load resource: the server responded with a status of 501 (Not Implemented) @ http://localhost:3119/api/v1/admin/impersonate:0
[21202273ms] [ERROR] Failed to load resource: the server responded with a status of 501 (Not Implemented) @ http://localhost:3119/api/v1/admin/impersonate:0
[21203740ms] [ERROR] Failed to load resource: the server responded with a status of 503 (Service Unavailable) @ http://localhost:3119/api/v1/system/health:0
[21232293ms] [ERROR] Failed to load resource: the server responded with a status of 501 (Not Implemented) @ http://localhost:3119/api/v1/admin/impersonate:0
[21232308ms] [ERROR] Failed to load resource: the server responded with a status of 501 (Not Implemented) @ http://localhost:3119/api/v1/admin/impersonate:0
[21233762ms] [ERROR] Failed to load resource: the server responded with a status of 503 (Service Unavailable) @ http://localhost:3119/api/v1/system/health:0
[21262321ms] [ERROR] Failed to load resource: the server responded with a status of 501 (Not Implemented) @ http://localhost:3119/api/v1/admin/impersonate:0
[21262330ms] [ERROR] Failed to load resource: the server responded with a status of 501 (Not Implemented) @ http://localhost:3119/api/v1/admin/impersonate:0
[21263775ms] [ERROR] Failed to load resource: the server responded with a status of 503 (Service Unavailable) @ http://localhost:3119/api/v1/system/health:0
[21292348ms] [ERROR] Failed to load resource: the server responded with a status of 501 (Not Implemented) @ http://localhost:3119/api/v1/admin/impersonate:0
[21292361ms] [ERROR] Failed to load resource: the server responded with a status of 501 (Not Implemented) @ http://localhost:3119/api/v1/admin/impersonate:0
[21293792ms] [ERROR] Failed to load resource: the server responded with a status of 503 (Service Unavailable) @ http://localhost:3119/api/v1/system/health:0
[21322385ms] [ERROR] Failed to load resource: the server responded with a status of 501 (Not Implemented) @ http://localhost:3119/api/v1/admin/impersonate:0
[21322396ms] [ERROR] Failed to load resource: the server responded with a status of 501 (Not Implemented) @ http://localhost:3119/api/v1/admin/impersonate:0
[21323810ms] [ERROR] Failed to load resource: the server responded with a status of 503 (Service Unavailable) @ http://localhost:3119/api/v1/system/health:0
[21352419ms] [ERROR] Failed to load resource: the server responded with a status of 501 (Not Implemented) @ http://localhost:3119/api/v1/admin/impersonate:0
[21352430ms] [ERROR] Failed to load resource: the server responded with a status of 501 (Not Implemented) @ http://localhost:3119/api/v1/admin/impersonate:0
[21353827ms] [ERROR] Failed to load resource: the server responded with a status of 503 (Service Unavailable) @ http://localhost:3119/api/v1/system/health:0
[21382450ms] [ERROR] Failed to load resource: the server responded with a status of 501 (Not Implemented) @ http://localhost:3119/api/v1/admin/impersonate:0
[21382463ms] [ERROR] Failed to load resource: the server responded with a status of 501 (Not Implemented) @ http://localhost:3119/api/v1/admin/impersonate:0
[21383841ms] [ERROR] Failed to load resource: the server responded with a status of 503 (Service Unavailable) @ http://localhost:3119/api/v1/system/health:0
[21412489ms] [ERROR] Failed to load resource: the server responded with a status of 501 (Not Implemented) @ http://localhost:3119/api/v1/admin/impersonate:0
[21412500ms] [ERROR] Failed to load resource: the server responded with a status of 501 (Not Implemented) @ http://localhost:3119/api/v1/admin/impersonate:0
[21413855ms] [ERROR] Failed to load resource: the server responded with a status of 503 (Service Unavailable) @ http://localhost:3119/api/v1/system/health:0
[21442521ms] [ERROR] Failed to load resource: the server responded with a status of 501 (Not Implemented) @ http://localhost:3119/api/v1/admin/impersonate:0
[21442531ms] [ERROR] Failed to load resource: the server responded with a status of 501 (Not Implemented) @ http://localhost:3119/api/v1/admin/impersonate:0
[21443873ms] [ERROR] Failed to load resource: the server responded with a status of 503 (Service Unavailable) @ http://localhost:3119/api/v1/system/health:0
[21472547ms] [ERROR] Failed to load resource: the server responded with a status of 501 (Not Implemented) @ http://localhost:3119/api/v1/admin/impersonate:0
[21472557ms] [ERROR] Failed to load resource: the server responded with a status of 501 (Not Implemented) @ http://localhost:3119/api/v1/admin/impersonate:0
[21473940ms] [ERROR] Failed to load resource: the server responded with a status of 503 (Service Unavailable) @ http://localhost:3119/api/v1/system/health:0
[21502568ms] [ERROR] Failed to load resource: the server responded with a status of 501 (Not Implemented) @ http://localhost:3119/api/v1/admin/impersonate:0
[21502579ms] [ERROR] Failed to load resource: the server responded with a status of 501 (Not Implemented) @ http://localhost:3119/api/v1/admin/impersonate:0
[21504033ms] [ERROR] Failed to load resource: the server responded with a status of 503 (Service Unavailable) @ http://localhost:3119/api/v1/system/health:0
[21532599ms] [ERROR] Failed to load resource: the server responded with a status of 501 (Not Implemented) @ http://localhost:3119/api/v1/admin/impersonate:0
[21532611ms] [ERROR] Failed to load resource: the server responded with a status of 501 (Not Implemented) @ http://localhost:3119/api/v1/admin/impersonate:0
[21534153ms] [ERROR] Failed to load resource: the server responded with a status of 503 (Service Unavailable) @ http://localhost:3119/api/v1/system/health:0
[21562625ms] [ERROR] Failed to load resource: the server responded with a status of 501 (Not Implemented) @ http://localhost:3119/api/v1/admin/impersonate:0
[21562635ms] [ERROR] Failed to load resource: the server responded with a status of 501 (Not Implemented) @ http://localhost:3119/api/v1/admin/impersonate:0
[21564228ms] [ERROR] Failed to load resource: the server responded with a status of 503 (Service Unavailable) @ http://localhost:3119/api/v1/system/health:0
[21592674ms] [ERROR] Failed to load resource: the server responded with a status of 501 (Not Implemented) @ http://localhost:3119/api/v1/admin/impersonate:0
[21592688ms] [ERROR] Failed to load resource: the server responded with a status of 501 (Not Implemented) @ http://localhost:3119/api/v1/admin/impersonate:0
[21594406ms] [ERROR] Failed to load resource: the server responded with a status of 503 (Service Unavailable) @ http://localhost:3119/api/v1/system/health:0
[21622755ms] [ERROR] Failed to load resource: the server responded with a status of 501 (Not Implemented) @ http://localhost:3119/api/v1/admin/impersonate:0
[21622776ms] [ERROR] Failed to load resource: the server responded with a status of 501 (Not Implemented) @ http://localhost:3119/api/v1/admin/impersonate:0
[21624436ms] [ERROR] Failed to load resource: the server responded with a status of 503 (Service Unavailable) @ http://localhost:3119/api/v1/system/health:0
[21652811ms] [ERROR] Failed to load resource: the server responded with a status of 501 (Not Implemented) @ http://localhost:3119/api/v1/admin/impersonate:0
[21652838ms] [ERROR] Failed to load resource: the server responded with a status of 501 (Not Implemented) @ http://localhost:3119/api/v1/admin/impersonate:0
[21654461ms] [ERROR] Failed to load resource: the server responded with a status of 503 (Service Unavailable) @ http://localhost:3119/api/v1/system/health:0
[21682876ms] [ERROR] Failed to load resource: the server responded with a status of 501 (Not Implemented) @ http://localhost:3119/api/v1/admin/impersonate:0
[21682893ms] [ERROR] Failed to load resource: the server responded with a status of 501 (Not Implemented) @ http://localhost:3119/api/v1/admin/impersonate:0
[21684554ms] [ERROR] Failed to load resource: the server responded with a status of 503 (Service Unavailable) @ http://localhost:3119/api/v1/system/health:0
[21712920ms] [ERROR] Failed to load resource: the server responded with a status of 501 (Not Implemented) @ http://localhost:3119/api/v1/admin/impersonate:0
[21712931ms] [ERROR] Failed to load resource: the server responded with a status of 501 (Not Implemented) @ http://localhost:3119/api/v1/admin/impersonate:0
[21714659ms] [ERROR] Failed to load resource: the server responded with a status of 503 (Service Unavailable) @ http://localhost:3119/api/v1/system/health:0
[21742956ms] [ERROR] Failed to load resource: the server responded with a status of 501 (Not Implemented) @ http://localhost:3119/api/v1/admin/impersonate:0
[21742966ms] [ERROR] Failed to load resource: the server responded with a status of 501 (Not Implemented) @ http://localhost:3119/api/v1/admin/impersonate:0
[21744763ms] [ERROR] Failed to load resource: the server responded with a status of 503 (Service Unavailable) @ http://localhost:3119/api/v1/system/health:0
[21772999ms] [ERROR] Failed to load resource: the server responded with a status of 501 (Not Implemented) @ http://localhost:3119/api/v1/admin/impersonate:0
[21773027ms] [ERROR] Failed to load resource: the server responded with a status of 501 (Not Implemented) @ http://localhost:3119/api/v1/admin/impersonate:0
[21774842ms] [ERROR] Failed to load resource: the server responded with a status of 503 (Service Unavailable) @ http://localhost:3119/api/v1/system/health:0
[21803056ms] [ERROR] Failed to load resource: the server responded with a status of 501 (Not Implemented) @ http://localhost:3119/api/v1/admin/impersonate:0
[21803071ms] [ERROR] Failed to load resource: the server responded with a status of 501 (Not Implemented) @ http://localhost:3119/api/v1/admin/impersonate:0
[21805098ms] [ERROR] Failed to load resource: the server responded with a status of 503 (Service Unavailable) @ http://localhost:3119/api/v1/system/health:0
[21833117ms] [ERROR] Failed to load resource: the server responded with a status of 501 (Not Implemented) @ http://localhost:3119/api/v1/admin/impersonate:0
[21833142ms] [ERROR] Failed to load resource: the server responded with a status of 501 (Not Implemented) @ http://localhost:3119/api/v1/admin/impersonate:0
[21835690ms] [ERROR] Failed to load resource: the server responded with a status of 503 (Service Unavailable) @ http://localhost:3119/api/v1/system/health:0
[21863162ms] [ERROR] Failed to load resource: the server responded with a status of 501 (Not Implemented) @ http://localhost:3119/api/v1/admin/impersonate:0
[21863177ms] [ERROR] Failed to load resource: the server responded with a status of 501 (Not Implemented) @ http://localhost:3119/api/v1/admin/impersonate:0
[21867637ms] [ERROR] Failed to load resource: the server responded with a status of 503 (Service Unavailable) @ http://localhost:3119/api/v1/system/health:0
[21893197ms] [ERROR] Failed to load resource: the server responded with a status of 501 (Not Implemented) @ http://localhost:3119/api/v1/admin/impersonate:0
[21893207ms] [ERROR] Failed to load resource: the server responded with a status of 501 (Not Implemented) @ http://localhost:3119/api/v1/admin/impersonate:0
[21897781ms] [ERROR] Failed to load resource: the server responded with a status of 503 (Service Unavailable) @ http://localhost:3119/api/v1/system/health:0
[21923233ms] [ERROR] Failed to load resource: the server responded with a status of 501 (Not Implemented) @ http://localhost:3119/api/v1/admin/impersonate:0
[21923262ms] [ERROR] Failed to load resource: the server responded with a status of 501 (Not Implemented) @ http://localhost:3119/api/v1/admin/impersonate:0
[21927908ms] [ERROR] Failed to load resource: the server responded with a status of 503 (Service Unavailable) @ http://localhost:3119/api/v1/system/health:0
[21953316ms] [ERROR] Failed to load resource: the server responded with a status of 501 (Not Implemented) @ http://localhost:3119/api/v1/admin/impersonate:0
[21953332ms] [ERROR] Failed to load resource: the server responded with a status of 501 (Not Implemented) @ http://localhost:3119/api/v1/admin/impersonate:0
[21957927ms] [ERROR] Failed to load resource: the server responded with a status of 503 (Service Unavailable) @ http://localhost:3119/api/v1/system/health:0
[21983349ms] [ERROR] Failed to load resource: the server responded with a status of 501 (Not Implemented) @ http://localhost:3119/api/v1/admin/impersonate:0
[21983359ms] [ERROR] Failed to load resource: the server responded with a status of 501 (Not Implemented) @ http://localhost:3119/api/v1/admin/impersonate:0
[21987944ms] [ERROR] Failed to load resource: the server responded with a status of 503 (Service Unavailable) @ http://localhost:3119/api/v1/system/health:0
[22013401ms] [ERROR] Failed to load resource: the server responded with a status of 501 (Not Implemented) @ http://localhost:3119/api/v1/admin/impersonate:0
[22013448ms] [ERROR] Failed to load resource: the server responded with a status of 501 (Not Implemented) @ http://localhost:3119/api/v1/admin/impersonate:0
[22017969ms] [ERROR] Failed to load resource: the server responded with a status of 503 (Service Unavailable) @ http://localhost:3119/api/v1/system/health:0
[22043613ms] [ERROR] Failed to load resource: the server responded with a status of 501 (Not Implemented) @ http://localhost:3119/api/v1/admin/impersonate:0
[22043863ms] [ERROR] Failed to load resource: the server responded with a status of 501 (Not Implemented) @ http://localhost:3119/api/v1/admin/impersonate:0
[22048008ms] [ERROR] Failed to load resource: the server responded with a status of 503 (Service Unavailable) @ http://localhost:3119/api/v1/system/health:0
[22073932ms] [ERROR] Failed to load resource: the server responded with a status of 501 (Not Implemented) @ http://localhost:3119/api/v1/admin/impersonate:0
[22074020ms] [ERROR] Failed to load resource: the server responded with a status of 501 (Not Implemented) @ http://localhost:3119/api/v1/admin/impersonate:0
[22078076ms] [ERROR] Failed to load resource: the server responded with a status of 503 (Service Unavailable) @ http://localhost:3119/api/v1/system/health:0
[22104047ms] [ERROR] Failed to load resource: the server responded with a status of 501 (Not Implemented) @ http://localhost:3119/api/v1/admin/impersonate:0
[22104063ms] [ERROR] Failed to load resource: the server responded with a status of 501 (Not Implemented) @ http://localhost:3119/api/v1/admin/impersonate:0
[22109544ms] [ERROR] Failed to load resource: the server responded with a status of 503 (Service Unavailable) @ http://localhost:3119/api/v1/system/health:0
[22134316ms] [ERROR] Failed to load resource: the server responded with a status of 501 (Not Implemented) @ http://localhost:3119/api/v1/admin/impersonate:0
[22134614ms] [ERROR] Failed to load resource: the server responded with a status of 501 (Not Implemented) @ http://localhost:3119/api/v1/admin/impersonate:0
[22139951ms] [ERROR] Failed to load resource: the server responded with a status of 503 (Service Unavailable) @ http://localhost:3119/api/v1/system/health:0
[22164628ms] [ERROR] Failed to load resource: the server responded with a status of 501 (Not Implemented) @ http://localhost:3119/api/v1/admin/impersonate:0
[22164638ms] [ERROR] Failed to load resource: the server responded with a status of 501 (Not Implemented) @ http://localhost:3119/api/v1/admin/impersonate:0
[22170245ms] [ERROR] Failed to load resource: the server responded with a status of 503 (Service Unavailable) @ http://localhost:3119/api/v1/system/health:0
[22194658ms] [ERROR] Failed to load resource: the server responded with a status of 501 (Not Implemented) @ http://localhost:3119/api/v1/admin/impersonate:0
[22194670ms] [ERROR] Failed to load resource: the server responded with a status of 501 (Not Implemented) @ http://localhost:3119/api/v1/admin/impersonate:0
[22200280ms] [ERROR] Failed to load resource: the server responded with a status of 503 (Service Unavailable) @ http://localhost:3119/api/v1/system/health:0
[22224692ms] [ERROR] Failed to load resource: the server responded with a status of 501 (Not Implemented) @ http://localhost:3119/api/v1/admin/impersonate:0
[22224706ms] [ERROR] Failed to load resource: the server responded with a status of 501 (Not Implemented) @ http://localhost:3119/api/v1/admin/impersonate:0
[22230355ms] [ERROR] Failed to load resource: the server responded with a status of 503 (Service Unavailable) @ http://localhost:3119/api/v1/system/health:0
[22254724ms] [ERROR] Failed to load resource: the server responded with a status of 501 (Not Implemented) @ http://localhost:3119/api/v1/admin/impersonate:0
[22254733ms] [ERROR] Failed to load resource: the server responded with a status of 501 (Not Implemented) @ http://localhost:3119/api/v1/admin/impersonate:0
[22260380ms] [ERROR] Failed to load resource: the server responded with a status of 503 (Service Unavailable) @ http://localhost:3119/api/v1/system/health:0
[22284751ms] [ERROR] Failed to load resource: the server responded with a status of 501 (Not Implemented) @ http://localhost:3119/api/v1/admin/impersonate:0
[22284760ms] [ERROR] Failed to load resource: the server responded with a status of 501 (Not Implemented) @ http://localhost:3119/api/v1/admin/impersonate:0
[22290395ms] [ERROR] Failed to load resource: the server responded with a status of 503 (Service Unavailable) @ http://localhost:3119/api/v1/system/health:0
[22314780ms] [ERROR] Failed to load resource: the server responded with a status of 501 (Not Implemented) @ http://localhost:3119/api/v1/admin/impersonate:0
[22314790ms] [ERROR] Failed to load resource: the server responded with a status of 501 (Not Implemented) @ http://localhost:3119/api/v1/admin/impersonate:0
[22320412ms] [ERROR] Failed to load resource: the server responded with a status of 503 (Service Unavailable) @ http://localhost:3119/api/v1/system/health:0
[22344806ms] [ERROR] Failed to load resource: the server responded with a status of 501 (Not Implemented) @ http://localhost:3119/api/v1/admin/impersonate:0
[22344817ms] [ERROR] Failed to load resource: the server responded with a status of 501 (Not Implemented) @ http://localhost:3119/api/v1/admin/impersonate:0
[22350429ms] [ERROR] Failed to load resource: the server responded with a status of 503 (Service Unavailable) @ http://localhost:3119/api/v1/system/health:0
[22374873ms] [ERROR] Failed to load resource: the server responded with a status of 501 (Not Implemented) @ http://localhost:3119/api/v1/admin/impersonate:0
[22375143ms] [ERROR] Failed to load resource: the server responded with a status of 501 (Not Implemented) @ http://localhost:3119/api/v1/admin/impersonate:0
[22380917ms] [ERROR] Failed to load resource: the server responded with a status of 503 (Service Unavailable) @ http://localhost:3119/api/v1/system/health:0
[22405241ms] [ERROR] Failed to load resource: the server responded with a status of 501 (Not Implemented) @ http://localhost:3119/api/v1/admin/impersonate:0
[22405281ms] [ERROR] Failed to load resource: the server responded with a status of 501 (Not Implemented) @ http://localhost:3119/api/v1/admin/impersonate:0
[22411430ms] [ERROR] Failed to load resource: the server responded with a status of 503 (Service Unavailable) @ http://localhost:3119/api/v1/system/health:0
[22435315ms] [ERROR] Failed to load resource: the server responded with a status of 501 (Not Implemented) @ http://localhost:3119/api/v1/admin/impersonate:0
[22435335ms] [ERROR] Failed to load resource: the server responded with a status of 501 (Not Implemented) @ http://localhost:3119/api/v1/admin/impersonate:0
[22441579ms] [ERROR] Failed to load resource: the server responded with a status of 503 (Service Unavailable) @ http://localhost:3119/api/v1/system/health:0
[22465355ms] [ERROR] Failed to load resource: the server responded with a status of 501 (Not Implemented) @ http://localhost:3119/api/v1/admin/impersonate:0
[22465367ms] [ERROR] Failed to load resource: the server responded with a status of 501 (Not Implemented) @ http://localhost:3119/api/v1/admin/impersonate:0
[22471690ms] [ERROR] Failed to load resource: the server responded with a status of 503 (Service Unavailable) @ http://localhost:3119/api/v1/system/health:0
[22495385ms] [ERROR] Failed to load resource: the server responded with a status of 501 (Not Implemented) @ http://localhost:3119/api/v1/admin/impersonate:0
[22495398ms] [ERROR] Failed to load resource: the server responded with a status of 501 (Not Implemented) @ http://localhost:3119/api/v1/admin/impersonate:0
[22501750ms] [ERROR] Failed to load resource: the server responded with a status of 503 (Service Unavailable) @ http://localhost:3119/api/v1/system/health:0
[22525422ms] [ERROR] Failed to load resource: the server responded with a status of 501 (Not Implemented) @ http://localhost:3119/api/v1/admin/impersonate:0
[22525432ms] [ERROR] Failed to load resource: the server responded with a status of 501 (Not Implemented) @ http://localhost:3119/api/v1/admin/impersonate:0
[22531787ms] [ERROR] Failed to load resource: the server responded with a status of 503 (Service Unavailable) @ http://localhost:3119/api/v1/system/health:0
[22555453ms] [ERROR] Failed to load resource: the server responded with a status of 501 (Not Implemented) @ http://localhost:3119/api/v1/admin/impersonate:0
[22555471ms] [ERROR] Failed to load resource: the server responded with a status of 501 (Not Implemented) @ http://localhost:3119/api/v1/admin/impersonate:0
[22564883ms] [ERROR] Failed to load resource: the server responded with a status of 503 (Service Unavailable) @ http://localhost:3119/api/v1/system/health:0
[22585482ms] [ERROR] Failed to load resource: the server responded with a status of 501 (Not Implemented) @ http://localhost:3119/api/v1/admin/impersonate:0
[22585492ms] [ERROR] Failed to load resource: the server responded with a status of 501 (Not Implemented) @ http://localhost:3119/api/v1/admin/impersonate:0
[22594942ms] [ERROR] Failed to load resource: the server responded with a status of 503 (Service Unavailable) @ http://localhost:3119/api/v1/system/health:0
[22615516ms] [ERROR] Failed to load resource: the server responded with a status of 501 (Not Implemented) @ http://localhost:3119/api/v1/admin/impersonate:0
[22615524ms] [ERROR] Failed to load resource: the server responded with a status of 501 (Not Implemented) @ http://localhost:3119/api/v1/admin/impersonate:0
[22624958ms] [ERROR] Failed to load resource: the server responded with a status of 503 (Service Unavailable) @ http://localhost:3119/api/v1/system/health:0
[22645613ms] [ERROR] Failed to load resource: the server responded with a status of 501 (Not Implemented) @ http://localhost:3119/api/v1/admin/impersonate:0
[22645666ms] [ERROR] Failed to load resource: the server responded with a status of 501 (Not Implemented) @ http://localhost:3119/api/v1/admin/impersonate:0
[22654986ms] [ERROR] Failed to load resource: the server responded with a status of 503 (Service Unavailable) @ http://localhost:3119/api/v1/system/health:0
[22675687ms] [ERROR] Failed to load resource: the server responded with a status of 501 (Not Implemented) @ http://localhost:3119/api/v1/admin/impersonate:0
[22675698ms] [ERROR] Failed to load resource: the server responded with a status of 501 (Not Implemented) @ http://localhost:3119/api/v1/admin/impersonate:0
[22685018ms] [ERROR] Failed to load resource: the server responded with a status of 503 (Service Unavailable) @ http://localhost:3119/api/v1/system/health:0
[22705714ms] [ERROR] Failed to load resource: the server responded with a status of 501 (Not Implemented) @ http://localhost:3119/api/v1/admin/impersonate:0
[22705727ms] [ERROR] Failed to load resource: the server responded with a status of 501 (Not Implemented) @ http://localhost:3119/api/v1/admin/impersonate:0
[22715048ms] [ERROR] Failed to load resource: the server responded with a status of 503 (Service Unavailable) @ http://localhost:3119/api/v1/system/health:0
[22735743ms] [ERROR] Failed to load resource: the server responded with a status of 501 (Not Implemented) @ http://localhost:3119/api/v1/admin/impersonate:0
[22735753ms] [ERROR] Failed to load resource: the server responded with a status of 501 (Not Implemented) @ http://localhost:3119/api/v1/admin/impersonate:0
[22745070ms] [ERROR] Failed to load resource: the server responded with a status of 503 (Service Unavailable) @ http://localhost:3119/api/v1/system/health:0
[22765771ms] [ERROR] Failed to load resource: the server responded with a status of 501 (Not Implemented) @ http://localhost:3119/api/v1/admin/impersonate:0
[22765782ms] [ERROR] Failed to load resource: the server responded with a status of 501 (Not Implemented) @ http://localhost:3119/api/v1/admin/impersonate:0
[22775091ms] [ERROR] Failed to load resource: the server responded with a status of 503 (Service Unavailable) @ http://localhost:3119/api/v1/system/health:0
[22795806ms] [ERROR] Failed to load resource: the server responded with a status of 501 (Not Implemented) @ http://localhost:3119/api/v1/admin/impersonate:0
[22795817ms] [ERROR] Failed to load resource: the server responded with a status of 501 (Not Implemented) @ http://localhost:3119/api/v1/admin/impersonate:0
[22805187ms] [ERROR] Failed to load resource: the server responded with a status of 503 (Service Unavailable) @ http://localhost:3119/api/v1/system/health:0
[22825841ms] [ERROR] Failed to load resource: the server responded with a status of 501 (Not Implemented) @ http://localhost:3119/api/v1/admin/impersonate:0
[22825858ms] [ERROR] Failed to load resource: the server responded with a status of 501 (Not Implemented) @ http://localhost:3119/api/v1/admin/impersonate:0
[22835230ms] [ERROR] Failed to load resource: the server responded with a status of 503 (Service Unavailable) @ http://localhost:3119/api/v1/system/health:0
[22855874ms] [ERROR] Failed to load resource: the server responded with a status of 501 (Not Implemented) @ http://localhost:3119/api/v1/admin/impersonate:0
[22855885ms] [ERROR] Failed to load resource: the server responded with a status of 501 (Not Implemented) @ http://localhost:3119/api/v1/admin/impersonate:0
[22865246ms] [ERROR] Failed to load resource: the server responded with a status of 503 (Service Unavailable) @ http://localhost:3119/api/v1/system/health:0
[22885909ms] [ERROR] Failed to load resource: the server responded with a status of 501 (Not Implemented) @ http://localhost:3119/api/v1/admin/impersonate:0
[22885918ms] [ERROR] Failed to load resource: the server responded with a status of 501 (Not Implemented) @ http://localhost:3119/api/v1/admin/impersonate:0
[22895264ms] [ERROR] Failed to load resource: the server responded with a status of 503 (Service Unavailable) @ http://localhost:3119/api/v1/system/health:0
[22915944ms] [ERROR] Failed to load resource: the server responded with a status of 501 (Not Implemented) @ http://localhost:3119/api/v1/admin/impersonate:0
[22915962ms] [ERROR] Failed to load resource: the server responded with a status of 501 (Not Implemented) @ http://localhost:3119/api/v1/admin/impersonate:0
[22925387ms] [ERROR] Failed to load resource: the server responded with a status of 503 (Service Unavailable) @ http://localhost:3119/api/v1/system/health:0
[22945983ms] [ERROR] Failed to load resource: the server responded with a status of 501 (Not Implemented) @ http://localhost:3119/api/v1/admin/impersonate:0
[22946005ms] [ERROR] Failed to load resource: the server responded with a status of 501 (Not Implemented) @ http://localhost:3119/api/v1/admin/impersonate:0
[22956226ms] [ERROR] Failed to load resource: the server responded with a status of 503 (Service Unavailable) @ http://localhost:3119/api/v1/system/health:0
[22977602ms] [ERROR] Failed to load resource: the server responded with a status of 501 (Not Implemented) @ http://localhost:3119/api/v1/admin/impersonate:0
[22977744ms] [ERROR] Failed to load resource: the server responded with a status of 501 (Not Implemented) @ http://localhost:3119/api/v1/admin/impersonate:0
[22987627ms] [ERROR] Failed to load resource: the server responded with a status of 503 (Service Unavailable) @ http://localhost:3119/api/v1/system/health:0
[23010382ms] [ERROR] Failed to load resource: the server responded with a status of 501 (Not Implemented) @ http://localhost:3119/api/v1/admin/impersonate:0
[23011830ms] [ERROR] Failed to load resource: the server responded with a status of 501 (Not Implemented) @ http://localhost:3119/api/v1/admin/impersonate:0
[23027088ms] [ERROR] Failed to load resource: the server responded with a status of 503 (Service Unavailable) @ http://localhost:3119/api/v1/system/health:0
[23042003ms] [ERROR] Failed to load resource: the server responded with a status of 501 (Not Implemented) @ http://localhost:3119/api/v1/admin/impersonate:0
[23042396ms] [ERROR] Failed to load resource: the server responded with a status of 501 (Not Implemented) @ http://localhost:3119/api/v1/admin/impersonate:0
[23057479ms] [ERROR] Failed to load resource: the server responded with a status of 503 (Service Unavailable) @ http://localhost:3119/api/v1/system/health:0
[23072552ms] [ERROR] Failed to load resource: the server responded with a status of 501 (Not Implemented) @ http://localhost:3119/api/v1/admin/impersonate:0
[23072636ms] [ERROR] Failed to load resource: the server responded with a status of 501 (Not Implemented) @ http://localhost:3119/api/v1/admin/impersonate:0
[23087493ms] [ERROR] Failed to load resource: the server responded with a status of 503 (Service Unavailable) @ http://localhost:3119/api/v1/system/health:0
[23102674ms] [ERROR] Failed to load resource: the server responded with a status of 501 (Not Implemented) @ http://localhost:3119/api/v1/admin/impersonate:0
[23102695ms] [ERROR] Failed to load resource: the server responded with a status of 501 (Not Implemented) @ http://localhost:3119/api/v1/admin/impersonate:0
[23117531ms] [ERROR] Failed to load resource: the server responded with a status of 503 (Service Unavailable) @ http://localhost:3119/api/v1/system/health:0
[23132716ms] [ERROR] Failed to load resource: the server responded with a status of 501 (Not Implemented) @ http://localhost:3119/api/v1/admin/impersonate:0
[23132730ms] [ERROR] Failed to load resource: the server responded with a status of 501 (Not Implemented) @ http://localhost:3119/api/v1/admin/impersonate:0
[23147567ms] [ERROR] Failed to load resource: the server responded with a status of 503 (Service Unavailable) @ http://localhost:3119/api/v1/system/health:0
[23162742ms] [ERROR] Failed to load resource: the server responded with a status of 501 (Not Implemented) @ http://localhost:3119/api/v1/admin/impersonate:0
[23162751ms] [ERROR] Failed to load resource: the server responded with a status of 501 (Not Implemented) @ http://localhost:3119/api/v1/admin/impersonate:0
[23177603ms] [ERROR] Failed to load resource: the server responded with a status of 503 (Service Unavailable) @ http://localhost:3119/api/v1/system/health:0
[23192760ms] [ERROR] Failed to load resource: the server responded with a status of 501 (Not Implemented) @ http://localhost:3119/api/v1/admin/impersonate:0
[23192770ms] [ERROR] Failed to load resource: the server responded with a status of 501 (Not Implemented) @ http://localhost:3119/api/v1/admin/impersonate:0
[23207642ms] [ERROR] Failed to load resource: the server responded with a status of 503 (Service Unavailable) @ http://localhost:3119/api/v1/system/health:0
[23222805ms] [ERROR] Failed to load resource: the server responded with a status of 501 (Not Implemented) @ http://localhost:3119/api/v1/admin/impersonate:0
[23222827ms] [ERROR] Failed to load resource: the server responded with a status of 501 (Not Implemented) @ http://localhost:3119/api/v1/admin/impersonate:0
[23237656ms] [ERROR] Failed to load resource: the server responded with a status of 503 (Service Unavailable) @ http://localhost:3119/api/v1/system/health:0
[23252846ms] [ERROR] Failed to load resource: the server responded with a status of 501 (Not Implemented) @ http://localhost:3119/api/v1/admin/impersonate:0
[23252859ms] [ERROR] Failed to load resource: the server responded with a status of 501 (Not Implemented) @ http://localhost:3119/api/v1/admin/impersonate:0
[23267667ms] [ERROR] Failed to load resource: the server responded with a status of 503 (Service Unavailable) @ http://localhost:3119/api/v1/system/health:0
[23282873ms] [ERROR] Failed to load resource: the server responded with a status of 501 (Not Implemented) @ http://localhost:3119/api/v1/admin/impersonate:0
[23282884ms] [ERROR] Failed to load resource: the server responded with a status of 501 (Not Implemented) @ http://localhost:3119/api/v1/admin/impersonate:0
[23297679ms] [ERROR] Failed to load resource: the server responded with a status of 503 (Service Unavailable) @ http://localhost:3119/api/v1/system/health:0
[23312899ms] [ERROR] Failed to load resource: the server responded with a status of 501 (Not Implemented) @ http://localhost:3119/api/v1/admin/impersonate:0
[23312909ms] [ERROR] Failed to load resource: the server responded with a status of 501 (Not Implemented) @ http://localhost:3119/api/v1/admin/impersonate:0
[23327691ms] [ERROR] Failed to load resource: the server responded with a status of 503 (Service Unavailable) @ http://localhost:3119/api/v1/system/health:0
[23342919ms] [ERROR] Failed to load resource: the server responded with a status of 501 (Not Implemented) @ http://localhost:3119/api/v1/admin/impersonate:0
[23342930ms] [ERROR] Failed to load resource: the server responded with a status of 501 (Not Implemented) @ http://localhost:3119/api/v1/admin/impersonate:0
[23357709ms] [ERROR] Failed to load resource: the server responded with a status of 503 (Service Unavailable) @ http://localhost:3119/api/v1/system/health:0
[23372939ms] [ERROR] Failed to load resource: the server responded with a status of 501 (Not Implemented) @ http://localhost:3119/api/v1/admin/impersonate:0
[23372948ms] [ERROR] Failed to load resource: the server responded with a status of 501 (Not Implemented) @ http://localhost:3119/api/v1/admin/impersonate:0
[23387724ms] [ERROR] Failed to load resource: the server responded with a status of 503 (Service Unavailable) @ http://localhost:3119/api/v1/system/health:0
[23402960ms] [ERROR] Failed to load resource: the server responded with a status of 501 (Not Implemented) @ http://localhost:3119/api/v1/admin/impersonate:0
[23402974ms] [ERROR] Failed to load resource: the server responded with a status of 501 (Not Implemented) @ http://localhost:3119/api/v1/admin/impersonate:0
[23417749ms] [ERROR] Failed to load resource: the server responded with a status of 503 (Service Unavailable) @ http://localhost:3119/api/v1/system/health:0
[23432990ms] [ERROR] Failed to load resource: the server responded with a status of 501 (Not Implemented) @ http://localhost:3119/api/v1/admin/impersonate:0
[23432999ms] [ERROR] Failed to load resource: the server responded with a status of 501 (Not Implemented) @ http://localhost:3119/api/v1/admin/impersonate:0
[23447765ms] [ERROR] Failed to load resource: the server responded with a status of 503 (Service Unavailable) @ http://localhost:3119/api/v1/system/health:0
[23463020ms] [ERROR] Failed to load resource: the server responded with a status of 501 (Not Implemented) @ http://localhost:3119/api/v1/admin/impersonate:0
[23463029ms] [ERROR] Failed to load resource: the server responded with a status of 501 (Not Implemented) @ http://localhost:3119/api/v1/admin/impersonate:0
[23477777ms] [ERROR] Failed to load resource: the server responded with a status of 503 (Service Unavailable) @ http://localhost:3119/api/v1/system/health:0
[23493051ms] [ERROR] Failed to load resource: the server responded with a status of 501 (Not Implemented) @ http://localhost:3119/api/v1/admin/impersonate:0
[23493061ms] [ERROR] Failed to load resource: the server responded with a status of 501 (Not Implemented) @ http://localhost:3119/api/v1/admin/impersonate:0
[23507796ms] [ERROR] Failed to load resource: the server responded with a status of 503 (Service Unavailable) @ http://localhost:3119/api/v1/system/health:0
[23523075ms] [ERROR] Failed to load resource: the server responded with a status of 501 (Not Implemented) @ http://localhost:3119/api/v1/admin/impersonate:0
[23523085ms] [ERROR] Failed to load resource: the server responded with a status of 501 (Not Implemented) @ http://localhost:3119/api/v1/admin/impersonate:0
[23537811ms] [ERROR] Failed to load resource: the server responded with a status of 503 (Service Unavailable) @ http://localhost:3119/api/v1/system/health:0
[23553099ms] [ERROR] Failed to load resource: the server responded with a status of 501 (Not Implemented) @ http://localhost:3119/api/v1/admin/impersonate:0
[23553109ms] [ERROR] Failed to load resource: the server responded with a status of 501 (Not Implemented) @ http://localhost:3119/api/v1/admin/impersonate:0
[23567838ms] [ERROR] Failed to load resource: the server responded with a status of 503 (Service Unavailable) @ http://localhost:3119/api/v1/system/health:0
[23583128ms] [ERROR] Failed to load resource: the server responded with a status of 501 (Not Implemented) @ http://localhost:3119/api/v1/admin/impersonate:0
[23583137ms] [ERROR] Failed to load resource: the server responded with a status of 501 (Not Implemented) @ http://localhost:3119/api/v1/admin/impersonate:0
[23597857ms] [ERROR] Failed to load resource: the server responded with a status of 503 (Service Unavailable) @ http://localhost:3119/api/v1/system/health:0
[23613158ms] [ERROR] Failed to load resource: the server responded with a status of 501 (Not Implemented) @ http://localhost:3119/api/v1/admin/impersonate:0
[23613168ms] [ERROR] Failed to load resource: the server responded with a status of 501 (Not Implemented) @ http://localhost:3119/api/v1/admin/impersonate:0
[23627875ms] [ERROR] Failed to load resource: the server responded with a status of 503 (Service Unavailable) @ http://localhost:3119/api/v1/system/health:0
[23643193ms] [ERROR] Failed to load resource: the server responded with a status of 501 (Not Implemented) @ http://localhost:3119/api/v1/admin/impersonate:0
[23643204ms] [ERROR] Failed to load resource: the server responded with a status of 501 (Not Implemented) @ http://localhost:3119/api/v1/admin/impersonate:0
[23657886ms] [ERROR] Failed to load resource: the server responded with a status of 503 (Service Unavailable) @ http://localhost:3119/api/v1/system/health:0
[23673216ms] [ERROR] Failed to load resource: the server responded with a status of 501 (Not Implemented) @ http://localhost:3119/api/v1/admin/impersonate:0
[23673227ms] [ERROR] Failed to load resource: the server responded with a status of 501 (Not Implemented) @ http://localhost:3119/api/v1/admin/impersonate:0
[23687900ms] [ERROR] Failed to load resource: the server responded with a status of 503 (Service Unavailable) @ http://localhost:3119/api/v1/system/health:0
[23703241ms] [ERROR] Failed to load resource: the server responded with a status of 501 (Not Implemented) @ http://localhost:3119/api/v1/admin/impersonate:0
[23703248ms] [ERROR] Failed to load resource: the server responded with a status of 501 (Not Implemented) @ http://localhost:3119/api/v1/admin/impersonate:0
[23717927ms] [ERROR] Failed to load resource: the server responded with a status of 503 (Service Unavailable) @ http://localhost:3119/api/v1/system/health:0
[23733259ms] [ERROR] Failed to load resource: the server responded with a status of 501 (Not Implemented) @ http://localhost:3119/api/v1/admin/impersonate:0
[23733271ms] [ERROR] Failed to load resource: the server responded with a status of 501 (Not Implemented) @ http://localhost:3119/api/v1/admin/impersonate:0
[23747942ms] [ERROR] Failed to load resource: the server responded with a status of 503 (Service Unavailable) @ http://localhost:3119/api/v1/system/health:0
[23763284ms] [ERROR] Failed to load resource: the server responded with a status of 501 (Not Implemented) @ http://localhost:3119/api/v1/admin/impersonate:0
[23763305ms] [ERROR] Failed to load resource: the server responded with a status of 501 (Not Implemented) @ http://localhost:3119/api/v1/admin/impersonate:0
[23777963ms] [ERROR] Failed to load resource: the server responded with a status of 503 (Service Unavailable) @ http://localhost:3119/api/v1/system/health:0
[23797200ms] [ERROR] Failed to load resource: the server responded with a status of 501 (Not Implemented) @ http://localhost:3119/api/v1/admin/impersonate:0
[23797213ms] [ERROR] Failed to load resource: the server responded with a status of 501 (Not Implemented) @ http://localhost:3119/api/v1/admin/impersonate:0
[23807986ms] [ERROR] Failed to load resource: the server responded with a status of 503 (Service Unavailable) @ http://localhost:3119/api/v1/system/health:0
[23827226ms] [ERROR] Failed to load resource: the server responded with a status of 501 (Not Implemented) @ http://localhost:3119/api/v1/admin/impersonate:0
[23827247ms] [ERROR] Failed to load resource: the server responded with a status of 501 (Not Implemented) @ http://localhost:3119/api/v1/admin/impersonate:0
[23837998ms] [ERROR] Failed to load resource: the server responded with a status of 503 (Service Unavailable) @ http://localhost:3119/api/v1/system/health:0
[23857257ms] [ERROR] Failed to load resource: the server responded with a status of 501 (Not Implemented) @ http://localhost:3119/api/v1/admin/impersonate:0
[23857276ms] [ERROR] Failed to load resource: the server responded with a status of 501 (Not Implemented) @ http://localhost:3119/api/v1/admin/impersonate:0
[23868015ms] [ERROR] Failed to load resource: the server responded with a status of 503 (Service Unavailable) @ http://localhost:3119/api/v1/system/health:0
[23887287ms] [ERROR] Failed to load resource: the server responded with a status of 501 (Not Implemented) @ http://localhost:3119/api/v1/admin/impersonate:0
[23887298ms] [ERROR] Failed to load resource: the server responded with a status of 501 (Not Implemented) @ http://localhost:3119/api/v1/admin/impersonate:0
[23898030ms] [ERROR] Failed to load resource: the server responded with a status of 503 (Service Unavailable) @ http://localhost:3119/api/v1/system/health:0
[23917341ms] [ERROR] Failed to load resource: the server responded with a status of 501 (Not Implemented) @ http://localhost:3119/api/v1/admin/impersonate:0
[23917415ms] [ERROR] Failed to load resource: the server responded with a status of 501 (Not Implemented) @ http://localhost:3119/api/v1/admin/impersonate:0
[23928077ms] [ERROR] Failed to load resource: the server responded with a status of 503 (Service Unavailable) @ http://localhost:3119/api/v1/system/health:0
[23947437ms] [ERROR] Failed to load resource: the server responded with a status of 501 (Not Implemented) @ http://localhost:3119/api/v1/admin/impersonate:0
[23947448ms] [ERROR] Failed to load resource: the server responded with a status of 501 (Not Implemented) @ http://localhost:3119/api/v1/admin/impersonate:0
[23958105ms] [ERROR] Failed to load resource: the server responded with a status of 503 (Service Unavailable) @ http://localhost:3119/api/v1/system/health:0
[23977675ms] [ERROR] Failed to load resource: the server responded with a status of 501 (Not Implemented) @ http://localhost:3119/api/v1/admin/impersonate:0
[23977701ms] [ERROR] Failed to load resource: the server responded with a status of 501 (Not Implemented) @ http://localhost:3119/api/v1/admin/impersonate:0
[23988139ms] [ERROR] Failed to load resource: the server responded with a status of 503 (Service Unavailable) @ http://localhost:3119/api/v1/system/health:0
[24007713ms] [ERROR] Failed to load resource: the server responded with a status of 501 (Not Implemented) @ http://localhost:3119/api/v1/admin/impersonate:0
[24007723ms] [ERROR] Failed to load resource: the server responded with a status of 501 (Not Implemented) @ http://localhost:3119/api/v1/admin/impersonate:0
[24018159ms] [ERROR] Failed to load resource: the server responded with a status of 503 (Service Unavailable) @ http://localhost:3119/api/v1/system/health:0
[24037736ms] [ERROR] Failed to load resource: the server responded with a status of 501 (Not Implemented) @ http://localhost:3119/api/v1/admin/impersonate:0
[24037746ms] [ERROR] Failed to load resource: the server responded with a status of 501 (Not Implemented) @ http://localhost:3119/api/v1/admin/impersonate:0
[24048179ms] [ERROR] Failed to load resource: the server responded with a status of 503 (Service Unavailable) @ http://localhost:3119/api/v1/system/health:0
[24067758ms] [ERROR] Failed to load resource: the server responded with a status of 501 (Not Implemented) @ http://localhost:3119/api/v1/admin/impersonate:0
[24067768ms] [ERROR] Failed to load resource: the server responded with a status of 501 (Not Implemented) @ http://localhost:3119/api/v1/admin/impersonate:0
[24078200ms] [ERROR] Failed to load resource: the server responded with a status of 503 (Service Unavailable) @ http://localhost:3119/api/v1/system/health:0
[24097782ms] [ERROR] Failed to load resource: the server responded with a status of 501 (Not Implemented) @ http://localhost:3119/api/v1/admin/impersonate:0
[24097791ms] [ERROR] Failed to load resource: the server responded with a status of 501 (Not Implemented) @ http://localhost:3119/api/v1/admin/impersonate:0
[24108215ms] [ERROR] Failed to load resource: the server responded with a status of 503 (Service Unavailable) @ http://localhost:3119/api/v1/system/health:0
[24127813ms] [ERROR] Failed to load resource: the server responded with a status of 501 (Not Implemented) @ http://localhost:3119/api/v1/admin/impersonate:0
[24127823ms] [ERROR] Failed to load resource: the server responded with a status of 501 (Not Implemented) @ http://localhost:3119/api/v1/admin/impersonate:0
[24138236ms] [ERROR] Failed to load resource: the server responded with a status of 503 (Service Unavailable) @ http://localhost:3119/api/v1/system/health:0
[24157835ms] [ERROR] Failed to load resource: the server responded with a status of 501 (Not Implemented) @ http://localhost:3119/api/v1/admin/impersonate:0
[24157859ms] [ERROR] Failed to load resource: the server responded with a status of 501 (Not Implemented) @ http://localhost:3119/api/v1/admin/impersonate:0
[24168263ms] [ERROR] Failed to load resource: the server responded with a status of 503 (Service Unavailable) @ http://localhost:3119/api/v1/system/health:0
[24187871ms] [ERROR] Failed to load resource: the server responded with a status of 501 (Not Implemented) @ http://localhost:3119/api/v1/admin/impersonate:0
[24187898ms] [ERROR] Failed to load resource: the server responded with a status of 501 (Not Implemented) @ http://localhost:3119/api/v1/admin/impersonate:0
[24198289ms] [ERROR] Failed to load resource: the server responded with a status of 503 (Service Unavailable) @ http://localhost:3119/api/v1/system/health:0
[24217990ms] [ERROR] Failed to load resource: the server responded with a status of 501 (Not Implemented) @ http://localhost:3119/api/v1/admin/impersonate:0
[24218008ms] [ERROR] Failed to load resource: the server responded with a status of 501 (Not Implemented) @ http://localhost:3119/api/v1/admin/impersonate:0
[24228312ms] [ERROR] Failed to load resource: the server responded with a status of 503 (Service Unavailable) @ http://localhost:3119/api/v1/system/health:0
[24248034ms] [ERROR] Failed to load resource: the server responded with a status of 501 (Not Implemented) @ http://localhost:3119/api/v1/admin/impersonate:0
[24248045ms] [ERROR] Failed to load resource: the server responded with a status of 501 (Not Implemented) @ http://localhost:3119/api/v1/admin/impersonate:0
[24258377ms] [ERROR] Failed to load resource: the server responded with a status of 503 (Service Unavailable) @ http://localhost:3119/api/v1/system/health:0
[24278067ms] [ERROR] Failed to load resource: the server responded with a status of 501 (Not Implemented) @ http://localhost:3119/api/v1/admin/impersonate:0
[24278079ms] [ERROR] Failed to load resource: the server responded with a status of 501 (Not Implemented) @ http://localhost:3119/api/v1/admin/impersonate:0
[24288393ms] [ERROR] Failed to load resource: the server responded with a status of 503 (Service Unavailable) @ http://localhost:3119/api/v1/system/health:0
[24308100ms] [ERROR] Failed to load resource: the server responded with a status of 501 (Not Implemented) @ http://localhost:3119/api/v1/admin/impersonate:0
[24308111ms] [ERROR] Failed to load resource: the server responded with a status of 501 (Not Implemented) @ http://localhost:3119/api/v1/admin/impersonate:0
[24318418ms] [ERROR] Failed to load resource: the server responded with a status of 503 (Service Unavailable) @ http://localhost:3119/api/v1/system/health:0
[24338123ms] [ERROR] Failed to load resource: the server responded with a status of 501 (Not Implemented) @ http://localhost:3119/api/v1/admin/impersonate:0
[24338132ms] [ERROR] Failed to load resource: the server responded with a status of 501 (Not Implemented) @ http://localhost:3119/api/v1/admin/impersonate:0
[24348447ms] [ERROR] Failed to load resource: the server responded with a status of 503 (Service Unavailable) @ http://localhost:3119/api/v1/system/health:0
[24368145ms] [ERROR] Failed to load resource: the server responded with a status of 501 (Not Implemented) @ http://localhost:3119/api/v1/admin/impersonate:0
[24368153ms] [ERROR] Failed to load resource: the server responded with a status of 501 (Not Implemented) @ http://localhost:3119/api/v1/admin/impersonate:0
[24378462ms] [ERROR] Failed to load resource: the server responded with a status of 503 (Service Unavailable) @ http://localhost:3119/api/v1/system/health:0
[24398164ms] [ERROR] Failed to load resource: the server responded with a status of 501 (Not Implemented) @ http://localhost:3119/api/v1/admin/impersonate:0
[24398173ms] [ERROR] Failed to load resource: the server responded with a status of 501 (Not Implemented) @ http://localhost:3119/api/v1/admin/impersonate:0
[24408484ms] [ERROR] Failed to load resource: the server responded with a status of 503 (Service Unavailable) @ http://localhost:3119/api/v1/system/health:0
[24428192ms] [ERROR] Failed to load resource: the server responded with a status of 501 (Not Implemented) @ http://localhost:3119/api/v1/admin/impersonate:0
[24428202ms] [ERROR] Failed to load resource: the server responded with a status of 501 (Not Implemented) @ http://localhost:3119/api/v1/admin/impersonate:0
[24438505ms] [ERROR] Failed to load resource: the server responded with a status of 503 (Service Unavailable) @ http://localhost:3119/api/v1/system/health:0
[24458221ms] [ERROR] Failed to load resource: the server responded with a status of 501 (Not Implemented) @ http://localhost:3119/api/v1/admin/impersonate:0
[24458231ms] [ERROR] Failed to load resource: the server responded with a status of 501 (Not Implemented) @ http://localhost:3119/api/v1/admin/impersonate:0
[24468535ms] [ERROR] Failed to load resource: the server responded with a status of 503 (Service Unavailable) @ http://localhost:3119/api/v1/system/health:0
[24488251ms] [ERROR] Failed to load resource: the server responded with a status of 501 (Not Implemented) @ http://localhost:3119/api/v1/admin/impersonate:0
[24488265ms] [ERROR] Failed to load resource: the server responded with a status of 501 (Not Implemented) @ http://localhost:3119/api/v1/admin/impersonate:0
[24498553ms] [ERROR] Failed to load resource: the server responded with a status of 503 (Service Unavailable) @ http://localhost:3119/api/v1/system/health:0
[24518281ms] [ERROR] Failed to load resource: the server responded with a status of 501 (Not Implemented) @ http://localhost:3119/api/v1/admin/impersonate:0
[24518291ms] [ERROR] Failed to load resource: the server responded with a status of 501 (Not Implemented) @ http://localhost:3119/api/v1/admin/impersonate:0
[24528568ms] [ERROR] Failed to load resource: the server responded with a status of 503 (Service Unavailable) @ http://localhost:3119/api/v1/system/health:0
[24548311ms] [ERROR] Failed to load resource: the server responded with a status of 501 (Not Implemented) @ http://localhost:3119/api/v1/admin/impersonate:0
[24548324ms] [ERROR] Failed to load resource: the server responded with a status of 501 (Not Implemented) @ http://localhost:3119/api/v1/admin/impersonate:0
[24558589ms] [ERROR] Failed to load resource: the server responded with a status of 503 (Service Unavailable) @ http://localhost:3119/api/v1/system/health:0
[24578357ms] [ERROR] Failed to load resource: the server responded with a status of 501 (Not Implemented) @ http://localhost:3119/api/v1/admin/impersonate:0
[24578366ms] [ERROR] Failed to load resource: the server responded with a status of 501 (Not Implemented) @ http://localhost:3119/api/v1/admin/impersonate:0
[24588612ms] [ERROR] Failed to load resource: the server responded with a status of 503 (Service Unavailable) @ http://localhost:3119/api/v1/system/health:0
[24608386ms] [ERROR] Failed to load resource: the server responded with a status of 501 (Not Implemented) @ http://localhost:3119/api/v1/admin/impersonate:0
[24608396ms] [ERROR] Failed to load resource: the server responded with a status of 501 (Not Implemented) @ http://localhost:3119/api/v1/admin/impersonate:0
[24618639ms] [ERROR] Failed to load resource: the server responded with a status of 503 (Service Unavailable) @ http://localhost:3119/api/v1/system/health:0
[24638465ms] [ERROR] Failed to load resource: the server responded with a status of 501 (Not Implemented) @ http://localhost:3119/api/v1/admin/impersonate:0
[24638481ms] [ERROR] Failed to load resource: the server responded with a status of 501 (Not Implemented) @ http://localhost:3119/api/v1/admin/impersonate:0
[24648653ms] [ERROR] Failed to load resource: the server responded with a status of 503 (Service Unavailable) @ http://localhost:3119/api/v1/system/health:0
[24668499ms] [ERROR] Failed to load resource: the server responded with a status of 501 (Not Implemented) @ http://localhost:3119/api/v1/admin/impersonate:0
[24668511ms] [ERROR] Failed to load resource: the server responded with a status of 501 (Not Implemented) @ http://localhost:3119/api/v1/admin/impersonate:0
[24678680ms] [ERROR] Failed to load resource: the server responded with a status of 503 (Service Unavailable) @ http://localhost:3119/api/v1/system/health:0
[24698523ms] [ERROR] Failed to load resource: the server responded with a status of 501 (Not Implemented) @ http://localhost:3119/api/v1/admin/impersonate:0
[24698533ms] [ERROR] Failed to load resource: the server responded with a status of 501 (Not Implemented) @ http://localhost:3119/api/v1/admin/impersonate:0
[24708701ms] [ERROR] Failed to load resource: the server responded with a status of 503 (Service Unavailable) @ http://localhost:3119/api/v1/system/health:0
[24728557ms] [ERROR] Failed to load resource: the server responded with a status of 501 (Not Implemented) @ http://localhost:3119/api/v1/admin/impersonate:0
[24728567ms] [ERROR] Failed to load resource: the server responded with a status of 501 (Not Implemented) @ http://localhost:3119/api/v1/admin/impersonate:0
[24738713ms] [ERROR] Failed to load resource: the server responded with a status of 503 (Service Unavailable) @ http://localhost:3119/api/v1/system/health:0
[24758590ms] [ERROR] Failed to load resource: the server responded with a status of 501 (Not Implemented) @ http://localhost:3119/api/v1/admin/impersonate:0
[24758598ms] [ERROR] Failed to load resource: the server responded with a status of 501 (Not Implemented) @ http://localhost:3119/api/v1/admin/impersonate:0
[24768747ms] [ERROR] Failed to load resource: the server responded with a status of 503 (Service Unavailable) @ http://localhost:3119/api/v1/system/health:0
[24788621ms] [ERROR] Failed to load resource: the server responded with a status of 501 (Not Implemented) @ http://localhost:3119/api/v1/admin/impersonate:0
[24788631ms] [ERROR] Failed to load resource: the server responded with a status of 501 (Not Implemented) @ http://localhost:3119/api/v1/admin/impersonate:0
[24798774ms] [ERROR] Failed to load resource: the server responded with a status of 503 (Service Unavailable) @ http://localhost:3119/api/v1/system/health:0
[24818659ms] [ERROR] Failed to load resource: the server responded with a status of 501 (Not Implemented) @ http://localhost:3119/api/v1/admin/impersonate:0
[24818690ms] [ERROR] Failed to load resource: the server responded with a status of 501 (Not Implemented) @ http://localhost:3119/api/v1/admin/impersonate:0
[24828790ms] [ERROR] Failed to load resource: the server responded with a status of 503 (Service Unavailable) @ http://localhost:3119/api/v1/system/health:0
[24848712ms] [ERROR] Failed to load resource: the server responded with a status of 501 (Not Implemented) @ http://localhost:3119/api/v1/admin/impersonate:0
[24848722ms] [ERROR] Failed to load resource: the server responded with a status of 501 (Not Implemented) @ http://localhost:3119/api/v1/admin/impersonate:0
[24858846ms] [ERROR] Failed to load resource: the server responded with a status of 503 (Service Unavailable) @ http://localhost:3119/api/v1/system/health:0
[24878743ms] [ERROR] Failed to load resource: the server responded with a status of 501 (Not Implemented) @ http://localhost:3119/api/v1/admin/impersonate:0
[24878758ms] [ERROR] Failed to load resource: the server responded with a status of 501 (Not Implemented) @ http://localhost:3119/api/v1/admin/impersonate:0
[24888869ms] [ERROR] Failed to load resource: the server responded with a status of 503 (Service Unavailable) @ http://localhost:3119/api/v1/system/health:0
[24908775ms] [ERROR] Failed to load resource: the server responded with a status of 501 (Not Implemented) @ http://localhost:3119/api/v1/admin/impersonate:0
[24908786ms] [ERROR] Failed to load resource: the server responded with a status of 501 (Not Implemented) @ http://localhost:3119/api/v1/admin/impersonate:0
[24918884ms] [ERROR] Failed to load resource: the server responded with a status of 503 (Service Unavailable) @ http://localhost:3119/api/v1/system/health:0
[24938813ms] [ERROR] Failed to load resource: the server responded with a status of 501 (Not Implemented) @ http://localhost:3119/api/v1/admin/impersonate:0
[24938857ms] [ERROR] Failed to load resource: the server responded with a status of 501 (Not Implemented) @ http://localhost:3119/api/v1/admin/impersonate:0
[24948953ms] [ERROR] Failed to load resource: the server responded with a status of 503 (Service Unavailable) @ http://localhost:3119/api/v1/system/health:0
[24968871ms] [ERROR] Failed to load resource: the server responded with a status of 501 (Not Implemented) @ http://localhost:3119/api/v1/admin/impersonate:0
[24968881ms] [ERROR] Failed to load resource: the server responded with a status of 501 (Not Implemented) @ http://localhost:3119/api/v1/admin/impersonate:0
[24978983ms] [ERROR] Failed to load resource: the server responded with a status of 503 (Service Unavailable) @ http://localhost:3119/api/v1/system/health:0
[24998890ms] [ERROR] Failed to load resource: the server responded with a status of 501 (Not Implemented) @ http://localhost:3119/api/v1/admin/impersonate:0
[24998899ms] [ERROR] Failed to load resource: the server responded with a status of 501 (Not Implemented) @ http://localhost:3119/api/v1/admin/impersonate:0
[25008997ms] [ERROR] Failed to load resource: the server responded with a status of 503 (Service Unavailable) @ http://localhost:3119/api/v1/system/health:0
[25028921ms] [ERROR] Failed to load resource: the server responded with a status of 429 (Too Many Requests) @ http://localhost:3119/api/v1/admin/impersonate:0
[25028928ms] [ERROR] Failed to load resource: the server responded with a status of 429 (Too Many Requests) @ http://localhost:3119/api/v1/admin/impersonate:0
[25030951ms] [ERROR] Failed to load resource: the server responded with a status of 429 (Too Many Requests) @ http://localhost:3119/api/v1/admin/impersonate:0
[25039014ms] [ERROR] Failed to load resource: the server responded with a status of 503 (Service Unavailable) @ http://localhost:3119/api/v1/system/health:0
[25052735ms] [ERROR] Failed to load resource: the server responded with a status of 429 (Too Many Requests) @ http://localhost:3119/api/v1/data-repair/cases/stats:0
[25052751ms] [ERROR] Failed to load resource: the server responded with a status of 429 (Too Many Requests) @ http://localhost:3119/api/v1/data-repair/cases/stats:0
[25058721ms] [ERROR] Failed to load resource: the server responded with a status of 429 (Too Many Requests) @ http://localhost:3119/api/v1/pinned?type=navigation:0
[25058739ms] [ERROR] Failed to load resource: the server responded with a status of 429 (Too Many Requests) @ http://localhost:3119/api/v1/pinned?type=navigation:0
[25060766ms] [ERROR] Failed to load resource: the server responded with a status of 429 (Too Many Requests) @ http://localhost:3119/api/v1/pinned?type=navigation:0
[25060975ms] [ERROR] Failed to load resource: the server responded with a status of 429 (Too Many Requests) @ http://localhost:3119/api/v1/admin/impersonate:0
[25062992ms] [ERROR] Failed to load resource: the server responded with a status of 429 (Too Many Requests) @ http://localhost:3119/api/v1/admin/impersonate:0
[25069042ms] [ERROR] Failed to load resource: the server responded with a status of 503 (Service Unavailable) @ http://localhost:3119/api/v1/system/health:0
[25090817ms] [ERROR] Failed to load resource: the server responded with a status of 429 (Too Many Requests) @ http://localhost:3119/api/v1/pinned?type=navigation:0
[25092842ms] [ERROR] Failed to load resource: the server responded with a status of 429 (Too Many Requests) @ http://localhost:3119/api/v1/pinned?type=navigation:0
[25093035ms] [ERROR] Failed to load resource: the server responded with a status of 429 (Too Many Requests) @ http://localhost:3119/api/v1/admin/impersonate:0
[25093064ms] [ERROR] Failed to load resource: the server responded with a status of 429 (Too Many Requests) @ http://localhost:3119/api/v1/admin/impersonate:0
[25095091ms] [ERROR] Failed to load resource: the server responded with a status of 429 (Too Many Requests) @ http://localhost:3119/api/v1/admin/impersonate:0
[25099064ms] [ERROR] Failed to load resource: the server responded with a status of 503 (Service Unavailable) @ http://localhost:3119/api/v1/system/health:0
[25125114ms] [ERROR] Failed to load resource: the server responded with a status of 501 (Not Implemented) @ http://localhost:3119/api/v1/admin/impersonate:0
[25127150ms] [ERROR] Failed to load resource: the server responded with a status of 429 (Too Many Requests) @ http://localhost:3119/api/v1/admin/impersonate:0
[25129088ms] [ERROR] Failed to load resource: the server responded with a status of 503 (Service Unavailable) @ http://localhost:3119/api/v1/system/health:0
[25157186ms] [ERROR] Failed to load resource: the server responded with a status of 501 (Not Implemented) @ http://localhost:3119/api/v1/admin/impersonate:0
[25157207ms] [ERROR] Failed to load resource: the server responded with a status of 501 (Not Implemented) @ http://localhost:3119/api/v1/admin/impersonate:0
[25159114ms] [ERROR] Failed to load resource: the server responded with a status of 503 (Service Unavailable) @ http://localhost:3119/api/v1/system/health:0
[25187226ms] [ERROR] Failed to load resource: the server responded with a status of 501 (Not Implemented) @ http://localhost:3119/api/v1/admin/impersonate:0
[25187237ms] [ERROR] Failed to load resource: the server responded with a status of 501 (Not Implemented) @ http://localhost:3119/api/v1/admin/impersonate:0
[25189136ms] [ERROR] Failed to load resource: the server responded with a status of 503 (Service Unavailable) @ http://localhost:3119/api/v1/system/health:0
[25217268ms] [ERROR] Failed to load resource: the server responded with a status of 501 (Not Implemented) @ http://localhost:3119/api/v1/admin/impersonate:0
[25217284ms] [ERROR] Failed to load resource: the server responded with a status of 501 (Not Implemented) @ http://localhost:3119/api/v1/admin/impersonate:0
[25219166ms] [ERROR] Failed to load resource: the server responded with a status of 503 (Service Unavailable) @ http://localhost:3119/api/v1/system/health:0
[25247303ms] [ERROR] Failed to load resource: the server responded with a status of 501 (Not Implemented) @ http://localhost:3119/api/v1/admin/impersonate:0
[25247314ms] [ERROR] Failed to load resource: the server responded with a status of 501 (Not Implemented) @ http://localhost:3119/api/v1/admin/impersonate:0
[25249185ms] [ERROR] Failed to load resource: the server responded with a status of 503 (Service Unavailable) @ http://localhost:3119/api/v1/system/health:0
[25277330ms] [ERROR] Failed to load resource: the server responded with a status of 501 (Not Implemented) @ http://localhost:3119/api/v1/admin/impersonate:0
[25277340ms] [ERROR] Failed to load resource: the server responded with a status of 501 (Not Implemented) @ http://localhost:3119/api/v1/admin/impersonate:0
[25279206ms] [ERROR] Failed to load resource: the server responded with a status of 503 (Service Unavailable) @ http://localhost:3119/api/v1/system/health:0
[25307359ms] [ERROR] Failed to load resource: the server responded with a status of 501 (Not Implemented) @ http://localhost:3119/api/v1/admin/impersonate:0
[25307370ms] [ERROR] Failed to load resource: the server responded with a status of 501 (Not Implemented) @ http://localhost:3119/api/v1/admin/impersonate:0
[25309231ms] [ERROR] Failed to load resource: the server responded with a status of 503 (Service Unavailable) @ http://localhost:3119/api/v1/system/health:0
[25337385ms] [ERROR] Failed to load resource: the server responded with a status of 501 (Not Implemented) @ http://localhost:3119/api/v1/admin/impersonate:0
[25337394ms] [ERROR] Failed to load resource: the server responded with a status of 501 (Not Implemented) @ http://localhost:3119/api/v1/admin/impersonate:0
[25339253ms] [ERROR] Failed to load resource: the server responded with a status of 503 (Service Unavailable) @ http://localhost:3119/api/v1/system/health:0
[25367413ms] [ERROR] Failed to load resource: the server responded with a status of 501 (Not Implemented) @ http://localhost:3119/api/v1/admin/impersonate:0
[25367422ms] [ERROR] Failed to load resource: the server responded with a status of 501 (Not Implemented) @ http://localhost:3119/api/v1/admin/impersonate:0
[25369274ms] [ERROR] Failed to load resource: the server responded with a status of 503 (Service Unavailable) @ http://localhost:3119/api/v1/system/health:0
[25397442ms] [ERROR] Failed to load resource: the server responded with a status of 501 (Not Implemented) @ http://localhost:3119/api/v1/admin/impersonate:0
[25397452ms] [ERROR] Failed to load resource: the server responded with a status of 501 (Not Implemented) @ http://localhost:3119/api/v1/admin/impersonate:0
[25399291ms] [ERROR] Failed to load resource: the server responded with a status of 503 (Service Unavailable) @ http://localhost:3119/api/v1/system/health:0
[25427470ms] [ERROR] Failed to load resource: the server responded with a status of 501 (Not Implemented) @ http://localhost:3119/api/v1/admin/impersonate:0
[25427483ms] [ERROR] Failed to load resource: the server responded with a status of 501 (Not Implemented) @ http://localhost:3119/api/v1/admin/impersonate:0
[25429312ms] [ERROR] Failed to load resource: the server responded with a status of 503 (Service Unavailable) @ http://localhost:3119/api/v1/system/health:0
[25457501ms] [ERROR] Failed to load resource: the server responded with a status of 501 (Not Implemented) @ http://localhost:3119/api/v1/admin/impersonate:0
[25457511ms] [ERROR] Failed to load resource: the server responded with a status of 501 (Not Implemented) @ http://localhost:3119/api/v1/admin/impersonate:0
[25459331ms] [ERROR] Failed to load resource: the server responded with a status of 503 (Service Unavailable) @ http://localhost:3119/api/v1/system/health:0
[25487529ms] [ERROR] Failed to load resource: the server responded with a status of 501 (Not Implemented) @ http://localhost:3119/api/v1/admin/impersonate:0
[25487538ms] [ERROR] Failed to load resource: the server responded with a status of 501 (Not Implemented) @ http://localhost:3119/api/v1/admin/impersonate:0
[25489353ms] [ERROR] Failed to load resource: the server responded with a status of 503 (Service Unavailable) @ http://localhost:3119/api/v1/system/health:0
[25517558ms] [ERROR] Failed to load resource: the server responded with a status of 501 (Not Implemented) @ http://localhost:3119/api/v1/admin/impersonate:0
[25517573ms] [ERROR] Failed to load resource: the server responded with a status of 501 (Not Implemented) @ http://localhost:3119/api/v1/admin/impersonate:0
[25519377ms] [ERROR] Failed to load resource: the server responded with a status of 503 (Service Unavailable) @ http://localhost:3119/api/v1/system/health:0
[25547594ms] [ERROR] Failed to load resource: the server responded with a status of 501 (Not Implemented) @ http://localhost:3119/api/v1/admin/impersonate:0
[25547604ms] [ERROR] Failed to load resource: the server responded with a status of 501 (Not Implemented) @ http://localhost:3119/api/v1/admin/impersonate:0
[25549398ms] [ERROR] Failed to load resource: the server responded with a status of 503 (Service Unavailable) @ http://localhost:3119/api/v1/system/health:0
[25577624ms] [ERROR] Failed to load resource: the server responded with a status of 501 (Not Implemented) @ http://localhost:3119/api/v1/admin/impersonate:0
[25577636ms] [ERROR] Failed to load resource: the server responded with a status of 501 (Not Implemented) @ http://localhost:3119/api/v1/admin/impersonate:0
[25579415ms] [ERROR] Failed to load resource: the server responded with a status of 503 (Service Unavailable) @ http://localhost:3119/api/v1/system/health:0
[25607658ms] [ERROR] Failed to load resource: the server responded with a status of 501 (Not Implemented) @ http://localhost:3119/api/v1/admin/impersonate:0
[25607667ms] [ERROR] Failed to load resource: the server responded with a status of 501 (Not Implemented) @ http://localhost:3119/api/v1/admin/impersonate:0
[25609434ms] [ERROR] Failed to load resource: the server responded with a status of 503 (Service Unavailable) @ http://localhost:3119/api/v1/system/health:0
[25637692ms] [ERROR] Failed to load resource: the server responded with a status of 501 (Not Implemented) @ http://localhost:3119/api/v1/admin/impersonate:0
[25637704ms] [ERROR] Failed to load resource: the server responded with a status of 501 (Not Implemented) @ http://localhost:3119/api/v1/admin/impersonate:0
[25639446ms] [ERROR] Failed to load resource: the server responded with a status of 503 (Service Unavailable) @ http://localhost:3119/api/v1/system/health:0
[25667725ms] [ERROR] Failed to load resource: the server responded with a status of 501 (Not Implemented) @ http://localhost:3119/api/v1/admin/impersonate:0
[25667736ms] [ERROR] Failed to load resource: the server responded with a status of 501 (Not Implemented) @ http://localhost:3119/api/v1/admin/impersonate:0
[25669464ms] [ERROR] Failed to load resource: the server responded with a status of 503 (Service Unavailable) @ http://localhost:3119/api/v1/system/health:0
[25697752ms] [ERROR] Failed to load resource: the server responded with a status of 501 (Not Implemented) @ http://localhost:3119/api/v1/admin/impersonate:0
[25697763ms] [ERROR] Failed to load resource: the server responded with a status of 501 (Not Implemented) @ http://localhost:3119/api/v1/admin/impersonate:0
[25699485ms] [ERROR] Failed to load resource: the server responded with a status of 503 (Service Unavailable) @ http://localhost:3119/api/v1/system/health:0
[25727781ms] [ERROR] Failed to load resource: the server responded with a status of 501 (Not Implemented) @ http://localhost:3119/api/v1/admin/impersonate:0
[25727792ms] [ERROR] Failed to load resource: the server responded with a status of 501 (Not Implemented) @ http://localhost:3119/api/v1/admin/impersonate:0
[25729503ms] [ERROR] Failed to load resource: the server responded with a status of 503 (Service Unavailable) @ http://localhost:3119/api/v1/system/health:0
[25757813ms] [ERROR] Failed to load resource: the server responded with a status of 501 (Not Implemented) @ http://localhost:3119/api/v1/admin/impersonate:0
[25757824ms] [ERROR] Failed to load resource: the server responded with a status of 501 (Not Implemented) @ http://localhost:3119/api/v1/admin/impersonate:0
[25759521ms] [ERROR] Failed to load resource: the server responded with a status of 503 (Service Unavailable) @ http://localhost:3119/api/v1/system/health:0
[25787861ms] [ERROR] Failed to load resource: the server responded with a status of 501 (Not Implemented) @ http://localhost:3119/api/v1/admin/impersonate:0
[25787907ms] [ERROR] Failed to load resource: the server responded with a status of 501 (Not Implemented) @ http://localhost:3119/api/v1/admin/impersonate:0
[25789551ms] [ERROR] Failed to load resource: the server responded with a status of 503 (Service Unavailable) @ http://localhost:3119/api/v1/system/health:0
[25817927ms] [ERROR] Failed to load resource: the server responded with a status of 501 (Not Implemented) @ http://localhost:3119/api/v1/admin/impersonate:0
[25817939ms] [ERROR] Failed to load resource: the server responded with a status of 501 (Not Implemented) @ http://localhost:3119/api/v1/admin/impersonate:0
[25819593ms] [ERROR] Failed to load resource: the server responded with a status of 503 (Service Unavailable) @ http://localhost:3119/api/v1/system/health:0
[25847986ms] [ERROR] Failed to load resource: the server responded with a status of 501 (Not Implemented) @ http://localhost:3119/api/v1/admin/impersonate:0
[25848008ms] [ERROR] Failed to load resource: the server responded with a status of 501 (Not Implemented) @ http://localhost:3119/api/v1/admin/impersonate:0
[25849620ms] [ERROR] Failed to load resource: the server responded with a status of 503 (Service Unavailable) @ http://localhost:3119/api/v1/system/health:0
[25878021ms] [ERROR] Failed to load resource: the server responded with a status of 501 (Not Implemented) @ http://localhost:3119/api/v1/admin/impersonate:0
[25878031ms] [ERROR] Failed to load resource: the server responded with a status of 501 (Not Implemented) @ http://localhost:3119/api/v1/admin/impersonate:0
[25879636ms] [ERROR] Failed to load resource: the server responded with a status of 503 (Service Unavailable) @ http://localhost:3119/api/v1/system/health:0
[25908040ms] [ERROR] Failed to load resource: the server responded with a status of 501 (Not Implemented) @ http://localhost:3119/api/v1/admin/impersonate:0
[25908048ms] [ERROR] Failed to load resource: the server responded with a status of 501 (Not Implemented) @ http://localhost:3119/api/v1/admin/impersonate:0
[25909649ms] [ERROR] Failed to load resource: the server responded with a status of 503 (Service Unavailable) @ http://localhost:3119/api/v1/system/health:0
[25938069ms] [ERROR] Failed to load resource: the server responded with a status of 501 (Not Implemented) @ http://localhost:3119/api/v1/admin/impersonate:0
[25938077ms] [ERROR] Failed to load resource: the server responded with a status of 501 (Not Implemented) @ http://localhost:3119/api/v1/admin/impersonate:0
[25939669ms] [ERROR] Failed to load resource: the server responded with a status of 503 (Service Unavailable) @ http://localhost:3119/api/v1/system/health:0
[25968099ms] [ERROR] Failed to load resource: the server responded with a status of 501 (Not Implemented) @ http://localhost:3119/api/v1/admin/impersonate:0
[25968106ms] [ERROR] Failed to load resource: the server responded with a status of 501 (Not Implemented) @ http://localhost:3119/api/v1/admin/impersonate:0
[25969685ms] [ERROR] Failed to load resource: the server responded with a status of 503 (Service Unavailable) @ http://localhost:3119/api/v1/system/health:0
[25998118ms] [ERROR] Failed to load resource: the server responded with a status of 501 (Not Implemented) @ http://localhost:3119/api/v1/admin/impersonate:0
[25998128ms] [ERROR] Failed to load resource: the server responded with a status of 501 (Not Implemented) @ http://localhost:3119/api/v1/admin/impersonate:0
[25999694ms] [ERROR] Failed to load resource: the server responded with a status of 503 (Service Unavailable) @ http://localhost:3119/api/v1/system/health:0
[26028149ms] [ERROR] Failed to load resource: the server responded with a status of 501 (Not Implemented) @ http://localhost:3119/api/v1/admin/impersonate:0
[26028157ms] [ERROR] Failed to load resource: the server responded with a status of 501 (Not Implemented) @ http://localhost:3119/api/v1/admin/impersonate:0
[26029715ms] [ERROR] Failed to load resource: the server responded with a status of 503 (Service Unavailable) @ http://localhost:3119/api/v1/system/health:0
[26058180ms] [ERROR] Failed to load resource: the server responded with a status of 501 (Not Implemented) @ http://localhost:3119/api/v1/admin/impersonate:0
[26058189ms] [ERROR] Failed to load resource: the server responded with a status of 501 (Not Implemented) @ http://localhost:3119/api/v1/admin/impersonate:0
[26059728ms] [ERROR] Failed to load resource: the server responded with a status of 503 (Service Unavailable) @ http://localhost:3119/api/v1/system/health:0
[26088203ms] [ERROR] Failed to load resource: the server responded with a status of 501 (Not Implemented) @ http://localhost:3119/api/v1/admin/impersonate:0
[26088210ms] [ERROR] Failed to load resource: the server responded with a status of 501 (Not Implemented) @ http://localhost:3119/api/v1/admin/impersonate:0
[26089751ms] [ERROR] Failed to load resource: the server responded with a status of 503 (Service Unavailable) @ http://localhost:3119/api/v1/system/health:0
[26118226ms] [ERROR] Failed to load resource: the server responded with a status of 501 (Not Implemented) @ http://localhost:3119/api/v1/admin/impersonate:0
[26118235ms] [ERROR] Failed to load resource: the server responded with a status of 501 (Not Implemented) @ http://localhost:3119/api/v1/admin/impersonate:0
[26119843ms] [ERROR] Failed to load resource: the server responded with a status of 503 (Service Unavailable) @ http://localhost:3119/api/v1/system/health:0
[26148250ms] [ERROR] Failed to load resource: the server responded with a status of 501 (Not Implemented) @ http://localhost:3119/api/v1/admin/impersonate:0
[26148258ms] [ERROR] Failed to load resource: the server responded with a status of 501 (Not Implemented) @ http://localhost:3119/api/v1/admin/impersonate:0
[26149866ms] [ERROR] Failed to load resource: the server responded with a status of 503 (Service Unavailable) @ http://localhost:3119/api/v1/system/health:0
[26178279ms] [ERROR] Failed to load resource: the server responded with a status of 501 (Not Implemented) @ http://localhost:3119/api/v1/admin/impersonate:0
[26178288ms] [ERROR] Failed to load resource: the server responded with a status of 501 (Not Implemented) @ http://localhost:3119/api/v1/admin/impersonate:0
[26179887ms] [ERROR] Failed to load resource: the server responded with a status of 503 (Service Unavailable) @ http://localhost:3119/api/v1/system/health:0
[26208318ms] [ERROR] Failed to load resource: the server responded with a status of 501 (Not Implemented) @ http://localhost:3119/api/v1/admin/impersonate:0
[26208338ms] [ERROR] Failed to load resource: the server responded with a status of 501 (Not Implemented) @ http://localhost:3119/api/v1/admin/impersonate:0
[26209900ms] [ERROR] Failed to load resource: the server responded with a status of 503 (Service Unavailable) @ http://localhost:3119/api/v1/system/health:0
[26238358ms] [ERROR] Failed to load resource: the server responded with a status of 501 (Not Implemented) @ http://localhost:3119/api/v1/admin/impersonate:0
[26238372ms] [ERROR] Failed to load resource: the server responded with a status of 501 (Not Implemented) @ http://localhost:3119/api/v1/admin/impersonate:0
[26239926ms] [ERROR] Failed to load resource: the server responded with a status of 503 (Service Unavailable) @ http://localhost:3119/api/v1/system/health:0
[26268397ms] [ERROR] Failed to load resource: the server responded with a status of 501 (Not Implemented) @ http://localhost:3119/api/v1/admin/impersonate:0
[26268409ms] [ERROR] Failed to load resource: the server responded with a status of 501 (Not Implemented) @ http://localhost:3119/api/v1/admin/impersonate:0
[26269949ms] [ERROR] Failed to load resource: the server responded with a status of 503 (Service Unavailable) @ http://localhost:3119/api/v1/system/health:0
[26298445ms] [ERROR] Failed to load resource: the server responded with a status of 501 (Not Implemented) @ http://localhost:3119/api/v1/admin/impersonate:0
[26298462ms] [ERROR] Failed to load resource: the server responded with a status of 501 (Not Implemented) @ http://localhost:3119/api/v1/admin/impersonate:0
[26299978ms] [ERROR] Failed to load resource: the server responded with a status of 503 (Service Unavailable) @ http://localhost:3119/api/v1/system/health:0
[26328548ms] [ERROR] Failed to load resource: the server responded with a status of 501 (Not Implemented) @ http://localhost:3119/api/v1/admin/impersonate:0
[26328593ms] [ERROR] Failed to load resource: the server responded with a status of 501 (Not Implemented) @ http://localhost:3119/api/v1/admin/impersonate:0
[26329993ms] [ERROR] Failed to load resource: the server responded with a status of 503 (Service Unavailable) @ http://localhost:3119/api/v1/system/health:0
[26358637ms] [ERROR] Failed to load resource: the server responded with a status of 501 (Not Implemented) @ http://localhost:3119/api/v1/admin/impersonate:0
[26358676ms] [ERROR] Failed to load resource: the server responded with a status of 501 (Not Implemented) @ http://localhost:3119/api/v1/admin/impersonate:0
[26360023ms] [ERROR] Failed to load resource: the server responded with a status of 503 (Service Unavailable) @ http://localhost:3119/api/v1/system/health:0
[26388701ms] [ERROR] Failed to load resource: the server responded with a status of 501 (Not Implemented) @ http://localhost:3119/api/v1/admin/impersonate:0
[26388712ms] [ERROR] Failed to load resource: the server responded with a status of 501 (Not Implemented) @ http://localhost:3119/api/v1/admin/impersonate:0
[26390049ms] [ERROR] Failed to load resource: the server responded with a status of 503 (Service Unavailable) @ http://localhost:3119/api/v1/system/health:0
[26418737ms] [ERROR] Failed to load resource: the server responded with a status of 501 (Not Implemented) @ http://localhost:3119/api/v1/admin/impersonate:0
[26418759ms] [ERROR] Failed to load resource: the server responded with a status of 501 (Not Implemented) @ http://localhost:3119/api/v1/admin/impersonate:0
[26420073ms] [ERROR] Failed to load resource: the server responded with a status of 503 (Service Unavailable) @ http://localhost:3119/api/v1/system/health:0
[26448782ms] [ERROR] Failed to load resource: the server responded with a status of 501 (Not Implemented) @ http://localhost:3119/api/v1/admin/impersonate:0
[26448794ms] [ERROR] Failed to load resource: the server responded with a status of 501 (Not Implemented) @ http://localhost:3119/api/v1/admin/impersonate:0
[26450088ms] [ERROR] Failed to load resource: the server responded with a status of 503 (Service Unavailable) @ http://localhost:3119/api/v1/system/health:0
[26478850ms] [ERROR] Failed to load resource: the server responded with a status of 501 (Not Implemented) @ http://localhost:3119/api/v1/admin/impersonate:0
[26478918ms] [ERROR] Failed to load resource: the server responded with a status of 501 (Not Implemented) @ http://localhost:3119/api/v1/admin/impersonate:0
[26480108ms] [ERROR] Failed to load resource: the server responded with a status of 503 (Service Unavailable) @ http://localhost:3119/api/v1/system/health:0
[26508944ms] [ERROR] Failed to load resource: the server responded with a status of 501 (Not Implemented) @ http://localhost:3119/api/v1/admin/impersonate:0
[26508960ms] [ERROR] Failed to load resource: the server responded with a status of 501 (Not Implemented) @ http://localhost:3119/api/v1/admin/impersonate:0
[26510119ms] [ERROR] Failed to load resource: the server responded with a status of 503 (Service Unavailable) @ http://localhost:3119/api/v1/system/health:0
[26538991ms] [ERROR] Failed to load resource: the server responded with a status of 501 (Not Implemented) @ http://localhost:3119/api/v1/admin/impersonate:0
[26539008ms] [ERROR] Failed to load resource: the server responded with a status of 501 (Not Implemented) @ http://localhost:3119/api/v1/admin/impersonate:0
[26540143ms] [ERROR] Failed to load resource: the server responded with a status of 503 (Service Unavailable) @ http://localhost:3119/api/v1/system/health:0
[26569612ms] [ERROR] Failed to load resource: the server responded with a status of 501 (Not Implemented) @ http://localhost:3119/api/v1/admin/impersonate:0
[26569704ms] [ERROR] Failed to load resource: the server responded with a status of 501 (Not Implemented) @ http://localhost:3119/api/v1/admin/impersonate:0
[26570285ms] [ERROR] Failed to load resource: the server responded with a status of 503 (Service Unavailable) @ http://localhost:3119/api/v1/system/health:0
[26600934ms] [ERROR] Failed to load resource: the server responded with a status of 501 (Not Implemented) @ http://localhost:3119/api/v1/admin/impersonate:0
[26600987ms] [ERROR] Failed to load resource: the server responded with a status of 503 (Service Unavailable) @ http://localhost:3119/api/v1/system/health:0
[26601652ms] [ERROR] Failed to load resource: the server responded with a status of 501 (Not Implemented) @ http://localhost:3119/api/v1/admin/impersonate:0
[26631704ms] [ERROR] Failed to load resource: the server responded with a status of 503 (Service Unavailable) @ http://localhost:3119/api/v1/system/health:0
[26638124ms] [ERROR] Failed to load resource: the server responded with a status of 501 (Not Implemented) @ http://localhost:3119/api/v1/admin/impersonate:0
[26640416ms] [ERROR] Failed to load resource: the server responded with a status of 501 (Not Implemented) @ http://localhost:3119/api/v1/admin/impersonate:0
[26662949ms] [ERROR] Failed to load resource: the server responded with a status of 503 (Service Unavailable) @ http://localhost:3119/api/v1/system/health:0
[26671426ms] [ERROR] Failed to load resource: the server responded with a status of 501 (Not Implemented) @ http://localhost:3119/api/v1/admin/impersonate:0
[26675439ms] [ERROR] Failed to load resource: the server responded with a status of 501 (Not Implemented) @ http://localhost:3119/api/v1/admin/impersonate:0
[26693251ms] [ERROR] Failed to load resource: the server responded with a status of 503 (Service Unavailable) @ http://localhost:3119/api/v1/system/health:0
[26705479ms] [ERROR] Failed to load resource: the server responded with a status of 501 (Not Implemented) @ http://localhost:3119/api/v1/admin/impersonate:0
[26705493ms] [ERROR] Failed to load resource: the server responded with a status of 501 (Not Implemented) @ http://localhost:3119/api/v1/admin/impersonate:0
[26723386ms] [ERROR] Failed to load resource: the server responded with a status of 503 (Service Unavailable) @ http://localhost:3119/api/v1/system/health:0
[26735506ms] [ERROR] Failed to load resource: the server responded with a status of 501 (Not Implemented) @ http://localhost:3119/api/v1/admin/impersonate:0
[26735518ms] [ERROR] Failed to load resource: the server responded with a status of 501 (Not Implemented) @ http://localhost:3119/api/v1/admin/impersonate:0
[26753492ms] [ERROR] Failed to load resource: the server responded with a status of 503 (Service Unavailable) @ http://localhost:3119/api/v1/system/health:0
[26765533ms] [ERROR] Failed to load resource: the server responded with a status of 501 (Not Implemented) @ http://localhost:3119/api/v1/admin/impersonate:0
[26765545ms] [ERROR] Failed to load resource: the server responded with a status of 501 (Not Implemented) @ http://localhost:3119/api/v1/admin/impersonate:0
[26783584ms] [ERROR] Failed to load resource: the server responded with a status of 503 (Service Unavailable) @ http://localhost:3119/api/v1/system/health:0
[26795560ms] [ERROR] Failed to load resource: the server responded with a status of 501 (Not Implemented) @ http://localhost:3119/api/v1/admin/impersonate:0
[26795570ms] [ERROR] Failed to load resource: the server responded with a status of 501 (Not Implemented) @ http://localhost:3119/api/v1/admin/impersonate:0
[26813672ms] [ERROR] Failed to load resource: the server responded with a status of 503 (Service Unavailable) @ http://localhost:3119/api/v1/system/health:0
[26825584ms] [ERROR] Failed to load resource: the server responded with a status of 501 (Not Implemented) @ http://localhost:3119/api/v1/admin/impersonate:0
[26825594ms] [ERROR] Failed to load resource: the server responded with a status of 501 (Not Implemented) @ http://localhost:3119/api/v1/admin/impersonate:0
[26843763ms] [ERROR] Failed to load resource: the server responded with a status of 503 (Service Unavailable) @ http://localhost:3119/api/v1/system/health:0
[26855615ms] [ERROR] Failed to load resource: the server responded with a status of 501 (Not Implemented) @ http://localhost:3119/api/v1/admin/impersonate:0
[26855624ms] [ERROR] Failed to load resource: the server responded with a status of 501 (Not Implemented) @ http://localhost:3119/api/v1/admin/impersonate:0
[26873879ms] [ERROR] Failed to load resource: the server responded with a status of 503 (Service Unavailable) @ http://localhost:3119/api/v1/system/health:0
[26885643ms] [ERROR] Failed to load resource: the server responded with a status of 501 (Not Implemented) @ http://localhost:3119/api/v1/admin/impersonate:0
[26885654ms] [ERROR] Failed to load resource: the server responded with a status of 501 (Not Implemented) @ http://localhost:3119/api/v1/admin/impersonate:0
[26905161ms] [ERROR] Failed to load resource: the server responded with a status of 503 (Service Unavailable) @ http://localhost:3119/api/v1/system/health:0
[26915670ms] [ERROR] Failed to load resource: the server responded with a status of 501 (Not Implemented) @ http://localhost:3119/api/v1/admin/impersonate:0
[26915687ms] [ERROR] Failed to load resource: the server responded with a status of 501 (Not Implemented) @ http://localhost:3119/api/v1/admin/impersonate:0
[26935260ms] [ERROR] Failed to load resource: the server responded with a status of 503 (Service Unavailable) @ http://localhost:3119/api/v1/system/health:0
[26945707ms] [ERROR] Failed to load resource: the server responded with a status of 501 (Not Implemented) @ http://localhost:3119/api/v1/admin/impersonate:0
[26945717ms] [ERROR] Failed to load resource: the server responded with a status of 501 (Not Implemented) @ http://localhost:3119/api/v1/admin/impersonate:0
[26965669ms] [ERROR] Failed to load resource: the server responded with a status of 503 (Service Unavailable) @ http://localhost:3119/api/v1/system/health:0
[26975732ms] [ERROR] Failed to load resource: the server responded with a status of 501 (Not Implemented) @ http://localhost:3119/api/v1/admin/impersonate:0
[26975741ms] [ERROR] Failed to load resource: the server responded with a status of 501 (Not Implemented) @ http://localhost:3119/api/v1/admin/impersonate:0
[26995689ms] [ERROR] Failed to load resource: the server responded with a status of 503 (Service Unavailable) @ http://localhost:3119/api/v1/system/health:0
[27005762ms] [ERROR] Failed to load resource: the server responded with a status of 501 (Not Implemented) @ http://localhost:3119/api/v1/admin/impersonate:0
[27005785ms] [ERROR] Failed to load resource: the server responded with a status of 501 (Not Implemented) @ http://localhost:3119/api/v1/admin/impersonate:0
[27025721ms] [ERROR] Failed to load resource: the server responded with a status of 503 (Service Unavailable) @ http://localhost:3119/api/v1/system/health:0
[27035810ms] [ERROR] Failed to load resource: the server responded with a status of 501 (Not Implemented) @ http://localhost:3119/api/v1/admin/impersonate:0
[27035820ms] [ERROR] Failed to load resource: the server responded with a status of 501 (Not Implemented) @ http://localhost:3119/api/v1/admin/impersonate:0
[27052223ms] [ERROR] Failed to load resource: net::ERR_EMPTY_RESPONSE @ http://localhost:3119/api/v1/events:0
[27052944ms] [ERROR] Failed to load resource: net::ERR_CONNECTION_REFUSED @ http://localhost:3119/healthz:0
[27054228ms] [ERROR] Failed to load resource: net::ERR_CONNECTION_REFUSED @ http://localhost:3119/api/v1/events:0
[27055313ms] [ERROR] Failed to load resource: net::ERR_CONNECTION_REFUSED @ http://localhost:3119/api/v1/alerts:0
[27055315ms] [ERROR] Failed to load resource: net::ERR_CONNECTION_REFUSED @ http://localhost:3119/api/v1/alerts?severity=critical&read=false&archived=false&limit=51:0
[27055316ms] [ERROR] Failed to load resource: net::ERR_CONNECTION_REFUSED @ http://localhost:3119/api/v1/alerts?severity=warn&read=false&archived=false&limit=51:0
[27055316ms] [ERROR] Failed to load resource: net::ERR_CONNECTION_REFUSED @ http://localhost:3119/api/v1/alerts:0
[27055319ms] [ERROR] Failed to load resource: net::ERR_CONNECTION_REFUSED @ http://localhost:3119/api/v1/alerts?severity=critical&read=false&archived=false&limit=51:0
[27055320ms] [ERROR] Failed to load resource: net::ERR_CONNECTION_REFUSED @ http://localhost:3119/api/v1/alerts?severity=warn&read=false&archived=false&limit=51:0
[27055321ms] [ERROR] Failed to load resource: net::ERR_CONNECTION_REFUSED @ http://localhost:3119/api/v1/system/version:0
[27055353ms] [ERROR] Failed to load resource: net::ERR_CONNECTION_REFUSED @ http://localhost:3119/api/v1/system/version:0
[27055353ms] [ERROR] Failed to load resource: net::ERR_CONNECTION_REFUSED @ http://localhost:3119/api/v1/system/version:0
[27055726ms] [ERROR] Failed to load resource: net::ERR_CONNECTION_REFUSED @ http://localhost:3119/api/v1/status/:0
[27055730ms] [ERROR] Failed to load resource: net::ERR_CONNECTION_REFUSED @ http://localhost:3119/api/v1/status/:0
[27055732ms] [ERROR] Failed to load resource: net::ERR_CONNECTION_REFUSED @ http://localhost:3119/api/v1/system/version:0
[27055760ms] [ERROR] Failed to load resource: net::ERR_CONNECTION_REFUSED @ http://localhost:3119/api/v1/system/health:0
[27055762ms] [ERROR] Failed to load resource: net::ERR_CONNECTION_REFUSED @ http://localhost:3119/api/v1/onboarding/status:0
[27055765ms] [ERROR] Failed to load resource: net::ERR_CONNECTION_REFUSED @ http://localhost:3119/api/v1/system/health:0
[27055767ms] [ERROR] Failed to load resource: net::ERR_CONNECTION_REFUSED @ http://localhost:3119/api/v1/onboarding/status:0
[27055769ms] [ERROR] Failed to load resource: net::ERR_CONNECTION_REFUSED @ http://localhost:3119/api/v1/system/version:0
[27055770ms] [ERROR] Failed to load resource: net::ERR_CONNECTION_REFUSED @ http://localhost:3119/api/v1/system/version:0
[27056192ms] [ERROR] Failed to load resource: net::ERR_CONNECTION_REFUSED @ http://localhost:3119/api/v1/alerts?severity=warn&read=false&archived=false&limit=51:0
[27056238ms] [ERROR] Failed to load resource: net::ERR_CONNECTION_REFUSED @ http://localhost:3119/api/v1/system/version:0
[27056512ms] [ERROR] Failed to load resource: net::ERR_CONNECTION_REFUSED @ http://localhost:3119/api/v1/status/:0
[27056515ms] [ERROR] Failed to load resource: net::ERR_CONNECTION_REFUSED @ http://localhost:3119/api/v1/system/version:0
[27056559ms] [ERROR] Failed to load resource: net::ERR_CONNECTION_REFUSED @ http://localhost:3119/api/v1/alerts?severity=critical&read=false&archived=false&limit=51:0
[27056561ms] [ERROR] Failed to load resource: net::ERR_CONNECTION_REFUSED @ http://localhost:3119/api/v1/system/version:0
[27056574ms] [ERROR] Failed to load resource: net::ERR_CONNECTION_REFUSED @ http://localhost:3119/api/v1/alerts:0
[27056577ms] [ERROR] Failed to load resource: net::ERR_CONNECTION_REFUSED @ http://localhost:3119/api/v1/system/version:0
[27056605ms] [ERROR] Failed to load resource: net::ERR_CONNECTION_REFUSED @ http://localhost:3119/api/v1/onboarding/status:0
[27056607ms] [ERROR] Failed to load resource: net::ERR_CONNECTION_REFUSED @ http://localhost:3119/api/v1/system/version:0
[27056880ms] [ERROR] Failed to load resource: net::ERR_CONNECTION_REFUSED @ http://localhost:3119/api/v1/system/health:0
[27056882ms] [ERROR] Failed to load resource: net::ERR_CONNECTION_REFUSED @ http://localhost:3119/api/v1/system/version:0
[27058231ms] [ERROR] Failed to load resource: net::ERR_CONNECTION_REFUSED @ http://localhost:3119/api/v1/events:0
[27058249ms] [ERROR] Failed to load resource: net::ERR_CONNECTION_REFUSED @ http://localhost:3119/api/v1/alerts?severity=critical&read=false&archived=false&limit=51:0
[27058250ms] [ERROR] Failed to load resource: net::ERR_CONNECTION_REFUSED @ http://localhost:3119/api/v1/alerts?severity=warn&read=false&archived=false&limit=51:0
[27058253ms] [ERROR] Failed to load resource: net::ERR_CONNECTION_REFUSED @ http://localhost:3119/api/v1/alerts?severity=critical&read=false&archived=false&limit=51:0
[27058255ms] [ERROR] Failed to load resource: net::ERR_CONNECTION_REFUSED @ http://localhost:3119/api/v1/alerts?severity=warn&read=false&archived=false&limit=51:0
[27058258ms] [ERROR] Failed to load resource: net::ERR_CONNECTION_REFUSED @ http://localhost:3119/api/v1/system/version:0
[27058259ms] [ERROR] Failed to load resource: net::ERR_CONNECTION_REFUSED @ http://localhost:3119/api/v1/system/version:0
[27058526ms] [ERROR] Failed to load resource: net::ERR_CONNECTION_REFUSED @ http://localhost:3119/api/v1/status/:0
[27058530ms] [ERROR] Failed to load resource: net::ERR_CONNECTION_REFUSED @ http://localhost:3119/api/v1/status/:0
[27058533ms] [ERROR] Failed to load resource: net::ERR_CONNECTION_REFUSED @ http://localhost:3119/api/v1/system/version:0
[27058585ms] [ERROR] Failed to load resource: net::ERR_CONNECTION_REFUSED @ http://localhost:3119/api/v1/alerts:0
[27058588ms] [ERROR] Failed to load resource: net::ERR_CONNECTION_REFUSED @ http://localhost:3119/api/v1/alerts:0
[27058591ms] [ERROR] Failed to load resource: net::ERR_CONNECTION_REFUSED @ http://localhost:3119/api/v1/system/version:0
[27058616ms] [ERROR] Failed to load resource: net::ERR_CONNECTION_REFUSED @ http://localhost:3119/api/v1/onboarding/status:0
[27058619ms] [ERROR] Failed to load resource: net::ERR_CONNECTION_REFUSED @ http://localhost:3119/api/v1/onboarding/status:0
[27058622ms] [ERROR] Failed to load resource: net::ERR_CONNECTION_REFUSED @ http://localhost:3119/api/v1/system/version:0
[27058892ms] [ERROR] Failed to load resource: net::ERR_CONNECTION_REFUSED @ http://localhost:3119/api/v1/system/health:0
[27058895ms] [ERROR] Failed to load resource: net::ERR_CONNECTION_REFUSED @ http://localhost:3119/api/v1/system/health:0
[27058898ms] [ERROR] Failed to load resource: net::ERR_CONNECTION_REFUSED @ http://localhost:3119/api/v1/system/version:0
[27059390ms] [ERROR] Failed to load resource: net::ERR_EMPTY_RESPONSE @ http://localhost:3119/api/v1/alerts?severity=critical&read=false&archived=false&limit=51:0
[27059397ms] [ERROR] Failed to load resource: net::ERR_EMPTY_RESPONSE @ http://localhost:3119/api/v1/system/version:0
[27059406ms] [ERROR] Failed to load resource: net::ERR_EMPTY_RESPONSE @ http://localhost:3119/api/v1/web-errors:0
[27059465ms] [ERROR] Failed to load resource: net::ERR_EMPTY_RESPONSE @ http://localhost:3119/api/v1/status/:0
[27059466ms] [ERROR] Failed to load resource: net::ERR_EMPTY_RESPONSE @ http://localhost:3119/api/v1/onboarding/status:0
[27059474ms] [ERROR] Failed to load resource: net::ERR_EMPTY_RESPONSE @ http://localhost:3119/api/v1/system/version:0
[27059479ms] [ERROR] Failed to load resource: net::ERR_EMPTY_RESPONSE @ http://localhost:3119/api/v1/system/version:0
[27059598ms] [ERROR] Failed to load resource: net::ERR_EMPTY_RESPONSE @ http://localhost:3119/api/v1/alerts:0
[27059604ms] [ERROR] Failed to load resource: net::ERR_EMPTY_RESPONSE @ http://localhost:3119/api/v1/system/version:0
[27059748ms] [ERROR] Failed to load resource: net::ERR_EMPTY_RESPONSE @ http://localhost:3119/api/v1/system/health:0
[27059755ms] [ERROR] Failed to load resource: net::ERR_EMPTY_RESPONSE @ http://localhost:3119/api/v1/system/version:0
[27065839ms] [ERROR] Failed to load resource: the server responded with a status of 501 (Not Implemented) @ http://localhost:3119/api/v1/admin/impersonate:0
[27065849ms] [ERROR] Failed to load resource: the server responded with a status of 501 (Not Implemented) @ http://localhost:3119/api/v1/admin/impersonate:0
[27095880ms] [ERROR] Failed to load resource: the server responded with a status of 501 (Not Implemented) @ http://localhost:3119/api/v1/admin/impersonate:0
[27095893ms] [ERROR] Failed to load resource: the server responded with a status of 501 (Not Implemented) @ http://localhost:3119/api/v1/admin/impersonate:0
[27125910ms] [ERROR] Failed to load resource: the server responded with a status of 501 (Not Implemented) @ http://localhost:3119/api/v1/admin/impersonate:0
[27125919ms] [ERROR] Failed to load resource: the server responded with a status of 501 (Not Implemented) @ http://localhost:3119/api/v1/admin/impersonate:0
[27155928ms] [ERROR] Failed to load resource: the server responded with a status of 501 (Not Implemented) @ http://localhost:3119/api/v1/admin/impersonate:0
[27155937ms] [ERROR] Failed to load resource: the server responded with a status of 501 (Not Implemented) @ http://localhost:3119/api/v1/admin/impersonate:0
[27185952ms] [ERROR] Failed to load resource: the server responded with a status of 501 (Not Implemented) @ http://localhost:3119/api/v1/admin/impersonate:0
[27185960ms] [ERROR] Failed to load resource: the server responded with a status of 501 (Not Implemented) @ http://localhost:3119/api/v1/admin/impersonate:0
[27215975ms] [ERROR] Failed to load resource: the server responded with a status of 501 (Not Implemented) @ http://localhost:3119/api/v1/admin/impersonate:0
[27215984ms] [ERROR] Failed to load resource: the server responded with a status of 501 (Not Implemented) @ http://localhost:3119/api/v1/admin/impersonate:0
[27239857ms] [ERROR] Failed to load resource: the server responded with a status of 503 (Service Unavailable) @ http://localhost:3119/api/v1/system/health:0
[27246006ms] [ERROR] Failed to load resource: the server responded with a status of 501 (Not Implemented) @ http://localhost:3119/api/v1/admin/impersonate:0
[27246014ms] [ERROR] Failed to load resource: the server responded with a status of 501 (Not Implemented) @ http://localhost:3119/api/v1/admin/impersonate:0
[27269880ms] [ERROR] Failed to load resource: the server responded with a status of 503 (Service Unavailable) @ http://localhost:3119/api/v1/system/health:0
[27276026ms] [ERROR] Failed to load resource: the server responded with a status of 501 (Not Implemented) @ http://localhost:3119/api/v1/admin/impersonate:0
[27276033ms] [ERROR] Failed to load resource: the server responded with a status of 501 (Not Implemented) @ http://localhost:3119/api/v1/admin/impersonate:0
[27299898ms] [ERROR] Failed to load resource: the server responded with a status of 503 (Service Unavailable) @ http://localhost:3119/api/v1/system/health:0
[27306056ms] [ERROR] Failed to load resource: the server responded with a status of 501 (Not Implemented) @ http://localhost:3119/api/v1/admin/impersonate:0
[27306064ms] [ERROR] Failed to load resource: the server responded with a status of 501 (Not Implemented) @ http://localhost:3119/api/v1/admin/impersonate:0
[27329916ms] [ERROR] Failed to load resource: the server responded with a status of 503 (Service Unavailable) @ http://localhost:3119/api/v1/system/health:0
[27336088ms] [ERROR] Failed to load resource: the server responded with a status of 501 (Not Implemented) @ http://localhost:3119/api/v1/admin/impersonate:0
[27336095ms] [ERROR] Failed to load resource: the server responded with a status of 501 (Not Implemented) @ http://localhost:3119/api/v1/admin/impersonate:0
[27359934ms] [ERROR] Failed to load resource: the server responded with a status of 503 (Service Unavailable) @ http://localhost:3119/api/v1/system/health:0
[27366105ms] [ERROR] Failed to load resource: the server responded with a status of 501 (Not Implemented) @ http://localhost:3119/api/v1/admin/impersonate:0
[27366114ms] [ERROR] Failed to load resource: the server responded with a status of 501 (Not Implemented) @ http://localhost:3119/api/v1/admin/impersonate:0
[27389945ms] [ERROR] Failed to load resource: the server responded with a status of 503 (Service Unavailable) @ http://localhost:3119/api/v1/system/health:0
[27396131ms] [ERROR] Failed to load resource: the server responded with a status of 501 (Not Implemented) @ http://localhost:3119/api/v1/admin/impersonate:0
[27396138ms] [ERROR] Failed to load resource: the server responded with a status of 501 (Not Implemented) @ http://localhost:3119/api/v1/admin/impersonate:0
[27419956ms] [ERROR] Failed to load resource: the server responded with a status of 503 (Service Unavailable) @ http://localhost:3119/api/v1/system/health:0
[27426160ms] [ERROR] Failed to load resource: the server responded with a status of 501 (Not Implemented) @ http://localhost:3119/api/v1/admin/impersonate:0
[27426168ms] [ERROR] Failed to load resource: the server responded with a status of 501 (Not Implemented) @ http://localhost:3119/api/v1/admin/impersonate:0
[27449970ms] [ERROR] Failed to load resource: the server responded with a status of 503 (Service Unavailable) @ http://localhost:3119/api/v1/system/health:0
[27456181ms] [ERROR] Failed to load resource: the server responded with a status of 501 (Not Implemented) @ http://localhost:3119/api/v1/admin/impersonate:0
[27456189ms] [ERROR] Failed to load resource: the server responded with a status of 501 (Not Implemented) @ http://localhost:3119/api/v1/admin/impersonate:0
[27479982ms] [ERROR] Failed to load resource: the server responded with a status of 503 (Service Unavailable) @ http://localhost:3119/api/v1/system/health:0
[27486210ms] [ERROR] Failed to load resource: the server responded with a status of 501 (Not Implemented) @ http://localhost:3119/api/v1/admin/impersonate:0
[27486218ms] [ERROR] Failed to load resource: the server responded with a status of 501 (Not Implemented) @ http://localhost:3119/api/v1/admin/impersonate:0
[27509991ms] [ERROR] Failed to load resource: the server responded with a status of 503 (Service Unavailable) @ http://localhost:3119/api/v1/system/health:0
[27516239ms] [ERROR] Failed to load resource: the server responded with a status of 501 (Not Implemented) @ http://localhost:3119/api/v1/admin/impersonate:0
[27516246ms] [ERROR] Failed to load resource: the server responded with a status of 501 (Not Implemented) @ http://localhost:3119/api/v1/admin/impersonate:0
[27540010ms] [ERROR] Failed to load resource: the server responded with a status of 503 (Service Unavailable) @ http://localhost:3119/api/v1/system/health:0
[27546266ms] [ERROR] Failed to load resource: the server responded with a status of 501 (Not Implemented) @ http://localhost:3119/api/v1/admin/impersonate:0
[27546273ms] [ERROR] Failed to load resource: the server responded with a status of 501 (Not Implemented) @ http://localhost:3119/api/v1/admin/impersonate:0
[27570026ms] [ERROR] Failed to load resource: the server responded with a status of 503 (Service Unavailable) @ http://localhost:3119/api/v1/system/health:0
[27576297ms] [ERROR] Failed to load resource: the server responded with a status of 501 (Not Implemented) @ http://localhost:3119/api/v1/admin/impersonate:0
[27576305ms] [ERROR] Failed to load resource: the server responded with a status of 501 (Not Implemented) @ http://localhost:3119/api/v1/admin/impersonate:0
[27600045ms] [ERROR] Failed to load resource: the server responded with a status of 503 (Service Unavailable) @ http://localhost:3119/api/v1/system/health:0
[27606322ms] [ERROR] Failed to load resource: the server responded with a status of 501 (Not Implemented) @ http://localhost:3119/api/v1/admin/impersonate:0
[27606330ms] [ERROR] Failed to load resource: the server responded with a status of 501 (Not Implemented) @ http://localhost:3119/api/v1/admin/impersonate:0
[27630066ms] [ERROR] Failed to load resource: the server responded with a status of 503 (Service Unavailable) @ http://localhost:3119/api/v1/system/health:0
[27636340ms] [ERROR] Failed to load resource: the server responded with a status of 501 (Not Implemented) @ http://localhost:3119/api/v1/admin/impersonate:0
[27636348ms] [ERROR] Failed to load resource: the server responded with a status of 501 (Not Implemented) @ http://localhost:3119/api/v1/admin/impersonate:0
[27660086ms] [ERROR] Failed to load resource: the server responded with a status of 503 (Service Unavailable) @ http://localhost:3119/api/v1/system/health:0
[27666372ms] [ERROR] Failed to load resource: the server responded with a status of 501 (Not Implemented) @ http://localhost:3119/api/v1/admin/impersonate:0
[27666380ms] [ERROR] Failed to load resource: the server responded with a status of 501 (Not Implemented) @ http://localhost:3119/api/v1/admin/impersonate:0
[27690109ms] [ERROR] Failed to load resource: the server responded with a status of 503 (Service Unavailable) @ http://localhost:3119/api/v1/system/health:0
[27696397ms] [ERROR] Failed to load resource: the server responded with a status of 501 (Not Implemented) @ http://localhost:3119/api/v1/admin/impersonate:0
[27696405ms] [ERROR] Failed to load resource: the server responded with a status of 501 (Not Implemented) @ http://localhost:3119/api/v1/admin/impersonate:0
[27720120ms] [ERROR] Failed to load resource: the server responded with a status of 503 (Service Unavailable) @ http://localhost:3119/api/v1/system/health:0
[27726427ms] [ERROR] Failed to load resource: the server responded with a status of 501 (Not Implemented) @ http://localhost:3119/api/v1/admin/impersonate:0
[27726435ms] [ERROR] Failed to load resource: the server responded with a status of 501 (Not Implemented) @ http://localhost:3119/api/v1/admin/impersonate:0
[27750141ms] [ERROR] Failed to load resource: the server responded with a status of 503 (Service Unavailable) @ http://localhost:3119/api/v1/system/health:0
[27756449ms] [ERROR] Failed to load resource: the server responded with a status of 501 (Not Implemented) @ http://localhost:3119/api/v1/admin/impersonate:0
[27756457ms] [ERROR] Failed to load resource: the server responded with a status of 501 (Not Implemented) @ http://localhost:3119/api/v1/admin/impersonate:0
[27780150ms] [ERROR] Failed to load resource: the server responded with a status of 503 (Service Unavailable) @ http://localhost:3119/api/v1/system/health:0
[27786469ms] [ERROR] Failed to load resource: the server responded with a status of 501 (Not Implemented) @ http://localhost:3119/api/v1/admin/impersonate:0
[27786480ms] [ERROR] Failed to load resource: the server responded with a status of 501 (Not Implemented) @ http://localhost:3119/api/v1/admin/impersonate:0
[27810159ms] [ERROR] Failed to load resource: the server responded with a status of 503 (Service Unavailable) @ http://localhost:3119/api/v1/system/health:0
[27816499ms] [ERROR] Failed to load resource: the server responded with a status of 501 (Not Implemented) @ http://localhost:3119/api/v1/admin/impersonate:0
[27816507ms] [ERROR] Failed to load resource: the server responded with a status of 501 (Not Implemented) @ http://localhost:3119/api/v1/admin/impersonate:0
[27840177ms] [ERROR] Failed to load resource: the server responded with a status of 503 (Service Unavailable) @ http://localhost:3119/api/v1/system/health:0
[27846520ms] [ERROR] Failed to load resource: the server responded with a status of 501 (Not Implemented) @ http://localhost:3119/api/v1/admin/impersonate:0
[27846529ms] [ERROR] Failed to load resource: the server responded with a status of 501 (Not Implemented) @ http://localhost:3119/api/v1/admin/impersonate:0
[27870192ms] [ERROR] Failed to load resource: the server responded with a status of 503 (Service Unavailable) @ http://localhost:3119/api/v1/system/health:0
[27876538ms] [ERROR] Failed to load resource: the server responded with a status of 501 (Not Implemented) @ http://localhost:3119/api/v1/admin/impersonate:0
[27876546ms] [ERROR] Failed to load resource: the server responded with a status of 501 (Not Implemented) @ http://localhost:3119/api/v1/admin/impersonate:0
[27900207ms] [ERROR] Failed to load resource: the server responded with a status of 503 (Service Unavailable) @ http://localhost:3119/api/v1/system/health:0
[27906556ms] [ERROR] Failed to load resource: the server responded with a status of 501 (Not Implemented) @ http://localhost:3119/api/v1/admin/impersonate:0
[27906564ms] [ERROR] Failed to load resource: the server responded with a status of 501 (Not Implemented) @ http://localhost:3119/api/v1/admin/impersonate:0
[27930222ms] [ERROR] Failed to load resource: the server responded with a status of 503 (Service Unavailable) @ http://localhost:3119/api/v1/system/health:0
[27936585ms] [ERROR] Failed to load resource: the server responded with a status of 501 (Not Implemented) @ http://localhost:3119/api/v1/admin/impersonate:0
[27936594ms] [ERROR] Failed to load resource: the server responded with a status of 501 (Not Implemented) @ http://localhost:3119/api/v1/admin/impersonate:0
[27960244ms] [ERROR] Failed to load resource: the server responded with a status of 503 (Service Unavailable) @ http://localhost:3119/api/v1/system/health:0
[27966606ms] [ERROR] Failed to load resource: the server responded with a status of 501 (Not Implemented) @ http://localhost:3119/api/v1/admin/impersonate:0
[27966614ms] [ERROR] Failed to load resource: the server responded with a status of 501 (Not Implemented) @ http://localhost:3119/api/v1/admin/impersonate:0
[27990268ms] [ERROR] Failed to load resource: the server responded with a status of 503 (Service Unavailable) @ http://localhost:3119/api/v1/system/health:0
[27996628ms] [ERROR] Failed to load resource: the server responded with a status of 501 (Not Implemented) @ http://localhost:3119/api/v1/admin/impersonate:0
[27996638ms] [ERROR] Failed to load resource: the server responded with a status of 501 (Not Implemented) @ http://localhost:3119/api/v1/admin/impersonate:0
[28020281ms] [ERROR] Failed to load resource: the server responded with a status of 503 (Service Unavailable) @ http://localhost:3119/api/v1/system/health:0
[28026647ms] [ERROR] Failed to load resource: the server responded with a status of 501 (Not Implemented) @ http://localhost:3119/api/v1/admin/impersonate:0
[28026655ms] [ERROR] Failed to load resource: the server responded with a status of 501 (Not Implemented) @ http://localhost:3119/api/v1/admin/impersonate:0
[28050310ms] [ERROR] Failed to load resource: the server responded with a status of 503 (Service Unavailable) @ http://localhost:3119/api/v1/system/health:0
[28056666ms] [ERROR] Failed to load resource: the server responded with a status of 501 (Not Implemented) @ http://localhost:3119/api/v1/admin/impersonate:0
[28056674ms] [ERROR] Failed to load resource: the server responded with a status of 501 (Not Implemented) @ http://localhost:3119/api/v1/admin/impersonate:0
[28080320ms] [ERROR] Failed to load resource: the server responded with a status of 503 (Service Unavailable) @ http://localhost:3119/api/v1/system/health:0
[28086684ms] [ERROR] Failed to load resource: the server responded with a status of 501 (Not Implemented) @ http://localhost:3119/api/v1/admin/impersonate:0
[28086693ms] [ERROR] Failed to load resource: the server responded with a status of 501 (Not Implemented) @ http://localhost:3119/api/v1/admin/impersonate:0
[28110339ms] [ERROR] Failed to load resource: the server responded with a status of 503 (Service Unavailable) @ http://localhost:3119/api/v1/system/health:0
[28116716ms] [ERROR] Failed to load resource: the server responded with a status of 501 (Not Implemented) @ http://localhost:3119/api/v1/admin/impersonate:0
[28116724ms] [ERROR] Failed to load resource: the server responded with a status of 501 (Not Implemented) @ http://localhost:3119/api/v1/admin/impersonate:0
[28140359ms] [ERROR] Failed to load resource: the server responded with a status of 503 (Service Unavailable) @ http://localhost:3119/api/v1/system/health:0
[28146737ms] [ERROR] Failed to load resource: the server responded with a status of 501 (Not Implemented) @ http://localhost:3119/api/v1/admin/impersonate:0
[28146745ms] [ERROR] Failed to load resource: the server responded with a status of 501 (Not Implemented) @ http://localhost:3119/api/v1/admin/impersonate:0
[28170379ms] [ERROR] Failed to load resource: the server responded with a status of 503 (Service Unavailable) @ http://localhost:3119/api/v1/system/health:0
[28176761ms] [ERROR] Failed to load resource: the server responded with a status of 501 (Not Implemented) @ http://localhost:3119/api/v1/admin/impersonate:0
[28176772ms] [ERROR] Failed to load resource: the server responded with a status of 501 (Not Implemented) @ http://localhost:3119/api/v1/admin/impersonate:0
[28200388ms] [ERROR] Failed to load resource: the server responded with a status of 503 (Service Unavailable) @ http://localhost:3119/api/v1/system/health:0
[28206784ms] [ERROR] Failed to load resource: the server responded with a status of 501 (Not Implemented) @ http://localhost:3119/api/v1/admin/impersonate:0
[28206793ms] [ERROR] Failed to load resource: the server responded with a status of 501 (Not Implemented) @ http://localhost:3119/api/v1/admin/impersonate:0
[28230404ms] [ERROR] Failed to load resource: the server responded with a status of 503 (Service Unavailable) @ http://localhost:3119/api/v1/system/health:0
[28236810ms] [ERROR] Failed to load resource: the server responded with a status of 501 (Not Implemented) @ http://localhost:3119/api/v1/admin/impersonate:0
[28236819ms] [ERROR] Failed to load resource: the server responded with a status of 501 (Not Implemented) @ http://localhost:3119/api/v1/admin/impersonate:0
[28260425ms] [ERROR] Failed to load resource: the server responded with a status of 503 (Service Unavailable) @ http://localhost:3119/api/v1/system/health:0
[28266842ms] [ERROR] Failed to load resource: the server responded with a status of 501 (Not Implemented) @ http://localhost:3119/api/v1/admin/impersonate:0
[28266853ms] [ERROR] Failed to load resource: the server responded with a status of 501 (Not Implemented) @ http://localhost:3119/api/v1/admin/impersonate:0
[28290446ms] [ERROR] Failed to load resource: the server responded with a status of 503 (Service Unavailable) @ http://localhost:3119/api/v1/system/health:0
[28296874ms] [ERROR] Failed to load resource: the server responded with a status of 501 (Not Implemented) @ http://localhost:3119/api/v1/admin/impersonate:0
[28296882ms] [ERROR] Failed to load resource: the server responded with a status of 501 (Not Implemented) @ http://localhost:3119/api/v1/admin/impersonate:0
[28320468ms] [ERROR] Failed to load resource: the server responded with a status of 503 (Service Unavailable) @ http://localhost:3119/api/v1/system/health:0
[28326893ms] [ERROR] Failed to load resource: the server responded with a status of 501 (Not Implemented) @ http://localhost:3119/api/v1/admin/impersonate:0
[28326902ms] [ERROR] Failed to load resource: the server responded with a status of 501 (Not Implemented) @ http://localhost:3119/api/v1/admin/impersonate:0
[28350480ms] [ERROR] Failed to load resource: the server responded with a status of 503 (Service Unavailable) @ http://localhost:3119/api/v1/system/health:0
[28356923ms] [ERROR] Failed to load resource: the server responded with a status of 501 (Not Implemented) @ http://localhost:3119/api/v1/admin/impersonate:0
[28356932ms] [ERROR] Failed to load resource: the server responded with a status of 501 (Not Implemented) @ http://localhost:3119/api/v1/admin/impersonate:0
[28380497ms] [ERROR] Failed to load resource: the server responded with a status of 503 (Service Unavailable) @ http://localhost:3119/api/v1/system/health:0
[28386945ms] [ERROR] Failed to load resource: the server responded with a status of 501 (Not Implemented) @ http://localhost:3119/api/v1/admin/impersonate:0
[28386954ms] [ERROR] Failed to load resource: the server responded with a status of 501 (Not Implemented) @ http://localhost:3119/api/v1/admin/impersonate:0
[28410512ms] [ERROR] Failed to load resource: the server responded with a status of 503 (Service Unavailable) @ http://localhost:3119/api/v1/system/health:0
[28416970ms] [ERROR] Failed to load resource: the server responded with a status of 501 (Not Implemented) @ http://localhost:3119/api/v1/admin/impersonate:0
[28416979ms] [ERROR] Failed to load resource: the server responded with a status of 501 (Not Implemented) @ http://localhost:3119/api/v1/admin/impersonate:0
[28440535ms] [ERROR] Failed to load resource: the server responded with a status of 503 (Service Unavailable) @ http://localhost:3119/api/v1/system/health:0
[28446991ms] [ERROR] Failed to load resource: the server responded with a status of 501 (Not Implemented) @ http://localhost:3119/api/v1/admin/impersonate:0
[28447000ms] [ERROR] Failed to load resource: the server responded with a status of 501 (Not Implemented) @ http://localhost:3119/api/v1/admin/impersonate:0
[28470559ms] [ERROR] Failed to load resource: the server responded with a status of 503 (Service Unavailable) @ http://localhost:3119/api/v1/system/health:0
[28477015ms] [ERROR] Failed to load resource: the server responded with a status of 501 (Not Implemented) @ http://localhost:3119/api/v1/admin/impersonate:0
[28477023ms] [ERROR] Failed to load resource: the server responded with a status of 501 (Not Implemented) @ http://localhost:3119/api/v1/admin/impersonate:0
[28500584ms] [ERROR] Failed to load resource: the server responded with a status of 503 (Service Unavailable) @ http://localhost:3119/api/v1/system/health:0
[28507042ms] [ERROR] Failed to load resource: the server responded with a status of 501 (Not Implemented) @ http://localhost:3119/api/v1/admin/impersonate:0
[28507050ms] [ERROR] Failed to load resource: the server responded with a status of 501 (Not Implemented) @ http://localhost:3119/api/v1/admin/impersonate:0
[28530597ms] [ERROR] Failed to load resource: the server responded with a status of 503 (Service Unavailable) @ http://localhost:3119/api/v1/system/health:0
[28537064ms] [ERROR] Failed to load resource: the server responded with a status of 501 (Not Implemented) @ http://localhost:3119/api/v1/admin/impersonate:0
[28537073ms] [ERROR] Failed to load resource: the server responded with a status of 501 (Not Implemented) @ http://localhost:3119/api/v1/admin/impersonate:0
[28560619ms] [ERROR] Failed to load resource: the server responded with a status of 503 (Service Unavailable) @ http://localhost:3119/api/v1/system/health:0
[28567093ms] [ERROR] Failed to load resource: the server responded with a status of 501 (Not Implemented) @ http://localhost:3119/api/v1/admin/impersonate:0
[28567102ms] [ERROR] Failed to load resource: the server responded with a status of 501 (Not Implemented) @ http://localhost:3119/api/v1/admin/impersonate:0
[28590638ms] [ERROR] Failed to load resource: the server responded with a status of 503 (Service Unavailable) @ http://localhost:3119/api/v1/system/health:0
[28597122ms] [ERROR] Failed to load resource: the server responded with a status of 501 (Not Implemented) @ http://localhost:3119/api/v1/admin/impersonate:0
[28597129ms] [ERROR] Failed to load resource: the server responded with a status of 501 (Not Implemented) @ http://localhost:3119/api/v1/admin/impersonate:0
[28620662ms] [ERROR] Failed to load resource: the server responded with a status of 503 (Service Unavailable) @ http://localhost:3119/api/v1/system/health:0
[28627151ms] [ERROR] Failed to load resource: the server responded with a status of 501 (Not Implemented) @ http://localhost:3119/api/v1/admin/impersonate:0
[28627160ms] [ERROR] Failed to load resource: the server responded with a status of 501 (Not Implemented) @ http://localhost:3119/api/v1/admin/impersonate:0
[28650678ms] [ERROR] Failed to load resource: the server responded with a status of 503 (Service Unavailable) @ http://localhost:3119/api/v1/system/health:0
[28657171ms] [ERROR] Failed to load resource: the server responded with a status of 501 (Not Implemented) @ http://localhost:3119/api/v1/admin/impersonate:0
[28657180ms] [ERROR] Failed to load resource: the server responded with a status of 501 (Not Implemented) @ http://localhost:3119/api/v1/admin/impersonate:0
[28680696ms] [ERROR] Failed to load resource: the server responded with a status of 503 (Service Unavailable) @ http://localhost:3119/api/v1/system/health:0
[28687192ms] [ERROR] Failed to load resource: the server responded with a status of 501 (Not Implemented) @ http://localhost:3119/api/v1/admin/impersonate:0
[28687204ms] [ERROR] Failed to load resource: the server responded with a status of 501 (Not Implemented) @ http://localhost:3119/api/v1/admin/impersonate:0
[28710710ms] [ERROR] Failed to load resource: the server responded with a status of 503 (Service Unavailable) @ http://localhost:3119/api/v1/system/health:0
[28717216ms] [ERROR] Failed to load resource: the server responded with a status of 501 (Not Implemented) @ http://localhost:3119/api/v1/admin/impersonate:0
[28717225ms] [ERROR] Failed to load resource: the server responded with a status of 501 (Not Implemented) @ http://localhost:3119/api/v1/admin/impersonate:0
[28740721ms] [ERROR] Failed to load resource: the server responded with a status of 503 (Service Unavailable) @ http://localhost:3119/api/v1/system/health:0
[28747245ms] [ERROR] Failed to load resource: the server responded with a status of 501 (Not Implemented) @ http://localhost:3119/api/v1/admin/impersonate:0
[28747253ms] [ERROR] Failed to load resource: the server responded with a status of 501 (Not Implemented) @ http://localhost:3119/api/v1/admin/impersonate:0
[28770743ms] [ERROR] Failed to load resource: the server responded with a status of 503 (Service Unavailable) @ http://localhost:3119/api/v1/system/health:0
[28777272ms] [ERROR] Failed to load resource: the server responded with a status of 501 (Not Implemented) @ http://localhost:3119/api/v1/admin/impersonate:0
[28777281ms] [ERROR] Failed to load resource: the server responded with a status of 501 (Not Implemented) @ http://localhost:3119/api/v1/admin/impersonate:0
[28800755ms] [ERROR] Failed to load resource: the server responded with a status of 503 (Service Unavailable) @ http://localhost:3119/api/v1/system/health:0
[28807293ms] [ERROR] Failed to load resource: the server responded with a status of 501 (Not Implemented) @ http://localhost:3119/api/v1/admin/impersonate:0
[28807302ms] [ERROR] Failed to load resource: the server responded with a status of 501 (Not Implemented) @ http://localhost:3119/api/v1/admin/impersonate:0
[28830778ms] [ERROR] Failed to load resource: the server responded with a status of 503 (Service Unavailable) @ http://localhost:3119/api/v1/system/health:0
[28837316ms] [ERROR] Failed to load resource: the server responded with a status of 501 (Not Implemented) @ http://localhost:3119/api/v1/admin/impersonate:0
[28837325ms] [ERROR] Failed to load resource: the server responded with a status of 501 (Not Implemented) @ http://localhost:3119/api/v1/admin/impersonate:0
[28860799ms] [ERROR] Failed to load resource: the server responded with a status of 503 (Service Unavailable) @ http://localhost:3119/api/v1/system/health:0
[28867336ms] [ERROR] Failed to load resource: the server responded with a status of 501 (Not Implemented) @ http://localhost:3119/api/v1/admin/impersonate:0
[28867347ms] [ERROR] Failed to load resource: the server responded with a status of 501 (Not Implemented) @ http://localhost:3119/api/v1/admin/impersonate:0
[28890811ms] [ERROR] Failed to load resource: the server responded with a status of 503 (Service Unavailable) @ http://localhost:3119/api/v1/system/health:0
[28897361ms] [ERROR] Failed to load resource: the server responded with a status of 501 (Not Implemented) @ http://localhost:3119/api/v1/admin/impersonate:0
[28897370ms] [ERROR] Failed to load resource: the server responded with a status of 501 (Not Implemented) @ http://localhost:3119/api/v1/admin/impersonate:0
[28920832ms] [ERROR] Failed to load resource: the server responded with a status of 503 (Service Unavailable) @ http://localhost:3119/api/v1/system/health:0
[28927381ms] [ERROR] Failed to load resource: the server responded with a status of 501 (Not Implemented) @ http://localhost:3119/api/v1/admin/impersonate:0
[28927390ms] [ERROR] Failed to load resource: the server responded with a status of 501 (Not Implemented) @ http://localhost:3119/api/v1/admin/impersonate:0
[28950848ms] [ERROR] Failed to load resource: the server responded with a status of 503 (Service Unavailable) @ http://localhost:3119/api/v1/system/health:0
[28957402ms] [ERROR] Failed to load resource: the server responded with a status of 501 (Not Implemented) @ http://localhost:3119/api/v1/admin/impersonate:0
[28957424ms] [ERROR] Failed to load resource: the server responded with a status of 501 (Not Implemented) @ http://localhost:3119/api/v1/admin/impersonate:0
[28980860ms] [ERROR] Failed to load resource: the server responded with a status of 503 (Service Unavailable) @ http://localhost:3119/api/v1/system/health:0
[28987433ms] [ERROR] Failed to load resource: the server responded with a status of 501 (Not Implemented) @ http://localhost:3119/api/v1/admin/impersonate:0
[28987441ms] [ERROR] Failed to load resource: the server responded with a status of 501 (Not Implemented) @ http://localhost:3119/api/v1/admin/impersonate:0
[29010872ms] [ERROR] Failed to load resource: the server responded with a status of 503 (Service Unavailable) @ http://localhost:3119/api/v1/system/health:0
[29017461ms] [ERROR] Failed to load resource: the server responded with a status of 501 (Not Implemented) @ http://localhost:3119/api/v1/admin/impersonate:0
[29017470ms] [ERROR] Failed to load resource: the server responded with a status of 501 (Not Implemented) @ http://localhost:3119/api/v1/admin/impersonate:0
[29040891ms] [ERROR] Failed to load resource: the server responded with a status of 503 (Service Unavailable) @ http://localhost:3119/api/v1/system/health:0
[29047495ms] [ERROR] Failed to load resource: the server responded with a status of 501 (Not Implemented) @ http://localhost:3119/api/v1/admin/impersonate:0
[29047517ms] [ERROR] Failed to load resource: the server responded with a status of 501 (Not Implemented) @ http://localhost:3119/api/v1/admin/impersonate:0
[29070907ms] [ERROR] Failed to load resource: the server responded with a status of 503 (Service Unavailable) @ http://localhost:3119/api/v1/system/health:0
[29077541ms] [ERROR] Failed to load resource: the server responded with a status of 501 (Not Implemented) @ http://localhost:3119/api/v1/admin/impersonate:0
[29077558ms] [ERROR] Failed to load resource: the server responded with a status of 501 (Not Implemented) @ http://localhost:3119/api/v1/admin/impersonate:0
[29100929ms] [ERROR] Failed to load resource: the server responded with a status of 503 (Service Unavailable) @ http://localhost:3119/api/v1/system/health:0
[29107585ms] [ERROR] Failed to load resource: the server responded with a status of 501 (Not Implemented) @ http://localhost:3119/api/v1/admin/impersonate:0
[29107606ms] [ERROR] Failed to load resource: the server responded with a status of 501 (Not Implemented) @ http://localhost:3119/api/v1/admin/impersonate:0
[29130953ms] [ERROR] Failed to load resource: the server responded with a status of 503 (Service Unavailable) @ http://localhost:3119/api/v1/system/health:0
[29137619ms] [ERROR] Failed to load resource: the server responded with a status of 501 (Not Implemented) @ http://localhost:3119/api/v1/admin/impersonate:0
[29137629ms] [ERROR] Failed to load resource: the server responded with a status of 501 (Not Implemented) @ http://localhost:3119/api/v1/admin/impersonate:0
[29160968ms] [ERROR] Failed to load resource: the server responded with a status of 503 (Service Unavailable) @ http://localhost:3119/api/v1/system/health:0
[29167642ms] [ERROR] Failed to load resource: the server responded with a status of 501 (Not Implemented) @ http://localhost:3119/api/v1/admin/impersonate:0
[29167653ms] [ERROR] Failed to load resource: the server responded with a status of 501 (Not Implemented) @ http://localhost:3119/api/v1/admin/impersonate:0
[29190979ms] [ERROR] Failed to load resource: the server responded with a status of 503 (Service Unavailable) @ http://localhost:3119/api/v1/system/health:0
[29197663ms] [ERROR] Failed to load resource: the server responded with a status of 501 (Not Implemented) @ http://localhost:3119/api/v1/admin/impersonate:0
[29197673ms] [ERROR] Failed to load resource: the server responded with a status of 501 (Not Implemented) @ http://localhost:3119/api/v1/admin/impersonate:0
[29220996ms] [ERROR] Failed to load resource: the server responded with a status of 503 (Service Unavailable) @ http://localhost:3119/api/v1/system/health:0
[29227687ms] [ERROR] Failed to load resource: the server responded with a status of 501 (Not Implemented) @ http://localhost:3119/api/v1/admin/impersonate:0
[29227694ms] [ERROR] Failed to load resource: the server responded with a status of 501 (Not Implemented) @ http://localhost:3119/api/v1/admin/impersonate:0
[29251029ms] [ERROR] Failed to load resource: the server responded with a status of 503 (Service Unavailable) @ http://localhost:3119/api/v1/system/health:0
[29257715ms] [ERROR] Failed to load resource: the server responded with a status of 501 (Not Implemented) @ http://localhost:3119/api/v1/admin/impersonate:0
[29257726ms] [ERROR] Failed to load resource: the server responded with a status of 501 (Not Implemented) @ http://localhost:3119/api/v1/admin/impersonate:0
[29281050ms] [ERROR] Failed to load resource: the server responded with a status of 503 (Service Unavailable) @ http://localhost:3119/api/v1/system/health:0
[29287747ms] [ERROR] Failed to load resource: the server responded with a status of 501 (Not Implemented) @ http://localhost:3119/api/v1/admin/impersonate:0
[29287761ms] [ERROR] Failed to load resource: the server responded with a status of 501 (Not Implemented) @ http://localhost:3119/api/v1/admin/impersonate:0
[29311089ms] [ERROR] Failed to load resource: the server responded with a status of 503 (Service Unavailable) @ http://localhost:3119/api/v1/system/health:0
[29317787ms] [ERROR] Failed to load resource: the server responded with a status of 501 (Not Implemented) @ http://localhost:3119/api/v1/admin/impersonate:0
[29317816ms] [ERROR] Failed to load resource: the server responded with a status of 501 (Not Implemented) @ http://localhost:3119/api/v1/admin/impersonate:0
[29341150ms] [ERROR] Failed to load resource: the server responded with a status of 503 (Service Unavailable) @ http://localhost:3119/api/v1/system/health:0
[29348106ms] [ERROR] Failed to load resource: the server responded with a status of 501 (Not Implemented) @ http://localhost:3119/api/v1/admin/impersonate:0
[29348138ms] [ERROR] Failed to load resource: the server responded with a status of 501 (Not Implemented) @ http://localhost:3119/api/v1/admin/impersonate:0
[29371217ms] [ERROR] Failed to load resource: the server responded with a status of 503 (Service Unavailable) @ http://localhost:3119/api/v1/system/health:0
[29378164ms] [ERROR] Failed to load resource: the server responded with a status of 501 (Not Implemented) @ http://localhost:3119/api/v1/admin/impersonate:0
[29378190ms] [ERROR] Failed to load resource: the server responded with a status of 501 (Not Implemented) @ http://localhost:3119/api/v1/admin/impersonate:0
[29401238ms] [ERROR] Failed to load resource: the server responded with a status of 503 (Service Unavailable) @ http://localhost:3119/api/v1/system/health:0
[29408224ms] [ERROR] Failed to load resource: the server responded with a status of 501 (Not Implemented) @ http://localhost:3119/api/v1/admin/impersonate:0
[29408277ms] [ERROR] Failed to load resource: the server responded with a status of 501 (Not Implemented) @ http://localhost:3119/api/v1/admin/impersonate:0
[29432885ms] [ERROR] Failed to load resource: the server responded with a status of 503 (Service Unavailable) @ http://localhost:3119/api/v1/system/health:0
[29438302ms] [ERROR] Failed to load resource: the server responded with a status of 501 (Not Implemented) @ http://localhost:3119/api/v1/admin/impersonate:0
[29438386ms] [ERROR] Failed to load resource: the server responded with a status of 501 (Not Implemented) @ http://localhost:3119/api/v1/admin/impersonate:0
[29462909ms] [ERROR] Failed to load resource: the server responded with a status of 503 (Service Unavailable) @ http://localhost:3119/api/v1/system/health:0
[29468405ms] [ERROR] Failed to load resource: the server responded with a status of 501 (Not Implemented) @ http://localhost:3119/api/v1/admin/impersonate:0
[29468416ms] [ERROR] Failed to load resource: the server responded with a status of 501 (Not Implemented) @ http://localhost:3119/api/v1/admin/impersonate:0
[29492937ms] [ERROR] Failed to load resource: the server responded with a status of 503 (Service Unavailable) @ http://localhost:3119/api/v1/system/health:0
[29498516ms] [ERROR] Failed to load resource: the server responded with a status of 501 (Not Implemented) @ http://localhost:3119/api/v1/admin/impersonate:0
[29498542ms] [ERROR] Failed to load resource: the server responded with a status of 501 (Not Implemented) @ http://localhost:3119/api/v1/admin/impersonate:0
[29523180ms] [ERROR] Failed to load resource: the server responded with a status of 503 (Service Unavailable) @ http://localhost:3119/api/v1/system/health:0
[29528558ms] [ERROR] Failed to load resource: the server responded with a status of 501 (Not Implemented) @ http://localhost:3119/api/v1/admin/impersonate:0
[29528577ms] [ERROR] Failed to load resource: the server responded with a status of 501 (Not Implemented) @ http://localhost:3119/api/v1/admin/impersonate:0
[29553209ms] [ERROR] Failed to load resource: the server responded with a status of 503 (Service Unavailable) @ http://localhost:3119/api/v1/system/health:0
[29558591ms] [ERROR] Failed to load resource: the server responded with a status of 501 (Not Implemented) @ http://localhost:3119/api/v1/admin/impersonate:0
[29558605ms] [ERROR] Failed to load resource: the server responded with a status of 501 (Not Implemented) @ http://localhost:3119/api/v1/admin/impersonate:0
[29583222ms] [ERROR] Failed to load resource: the server responded with a status of 503 (Service Unavailable) @ http://localhost:3119/api/v1/system/health:0
[29588615ms] [ERROR] Failed to load resource: the server responded with a status of 501 (Not Implemented) @ http://localhost:3119/api/v1/admin/impersonate:0
[29588625ms] [ERROR] Failed to load resource: the server responded with a status of 501 (Not Implemented) @ http://localhost:3119/api/v1/admin/impersonate:0
[29613245ms] [ERROR] Failed to load resource: the server responded with a status of 503 (Service Unavailable) @ http://localhost:3119/api/v1/system/health:0
[29618647ms] [ERROR] Failed to load resource: the server responded with a status of 501 (Not Implemented) @ http://localhost:3119/api/v1/admin/impersonate:0
[29618655ms] [ERROR] Failed to load resource: the server responded with a status of 501 (Not Implemented) @ http://localhost:3119/api/v1/admin/impersonate:0
[29643261ms] [ERROR] Failed to load resource: the server responded with a status of 503 (Service Unavailable) @ http://localhost:3119/api/v1/system/health:0
[29648672ms] [ERROR] Failed to load resource: the server responded with a status of 501 (Not Implemented) @ http://localhost:3119/api/v1/admin/impersonate:0
[29648680ms] [ERROR] Failed to load resource: the server responded with a status of 501 (Not Implemented) @ http://localhost:3119/api/v1/admin/impersonate:0
[29673277ms] [ERROR] Failed to load resource: the server responded with a status of 503 (Service Unavailable) @ http://localhost:3119/api/v1/system/health:0
[29678689ms] [ERROR] Failed to load resource: the server responded with a status of 501 (Not Implemented) @ http://localhost:3119/api/v1/admin/impersonate:0
[29678698ms] [ERROR] Failed to load resource: the server responded with a status of 501 (Not Implemented) @ http://localhost:3119/api/v1/admin/impersonate:0
[29703723ms] [ERROR] Failed to load resource: the server responded with a status of 503 (Service Unavailable) @ http://localhost:3119/api/v1/system/health:0
[29708714ms] [ERROR] Failed to load resource: the server responded with a status of 501 (Not Implemented) @ http://localhost:3119/api/v1/admin/impersonate:0
[29708729ms] [ERROR] Failed to load resource: the server responded with a status of 501 (Not Implemented) @ http://localhost:3119/api/v1/admin/impersonate:0
[29733778ms] [ERROR] Failed to load resource: the server responded with a status of 503 (Service Unavailable) @ http://localhost:3119/api/v1/system/health:0
[29738739ms] [ERROR] Failed to load resource: the server responded with a status of 501 (Not Implemented) @ http://localhost:3119/api/v1/admin/impersonate:0
[29738747ms] [ERROR] Failed to load resource: the server responded with a status of 501 (Not Implemented) @ http://localhost:3119/api/v1/admin/impersonate:0
[29763799ms] [ERROR] Failed to load resource: the server responded with a status of 503 (Service Unavailable) @ http://localhost:3119/api/v1/system/health:0
[29768767ms] [ERROR] Failed to load resource: the server responded with a status of 501 (Not Implemented) @ http://localhost:3119/api/v1/admin/impersonate:0
[29768777ms] [ERROR] Failed to load resource: the server responded with a status of 501 (Not Implemented) @ http://localhost:3119/api/v1/admin/impersonate:0
[29793821ms] [ERROR] Failed to load resource: the server responded with a status of 503 (Service Unavailable) @ http://localhost:3119/api/v1/system/health:0
[29798794ms] [ERROR] Failed to load resource: the server responded with a status of 501 (Not Implemented) @ http://localhost:3119/api/v1/admin/impersonate:0
[29798809ms] [ERROR] Failed to load resource: the server responded with a status of 501 (Not Implemented) @ http://localhost:3119/api/v1/admin/impersonate:0
[29823843ms] [ERROR] Failed to load resource: the server responded with a status of 503 (Service Unavailable) @ http://localhost:3119/api/v1/system/health:0
[29828831ms] [ERROR] Failed to load resource: the server responded with a status of 501 (Not Implemented) @ http://localhost:3119/api/v1/admin/impersonate:0
[29828841ms] [ERROR] Failed to load resource: the server responded with a status of 501 (Not Implemented) @ http://localhost:3119/api/v1/admin/impersonate:0
[29853869ms] [ERROR] Failed to load resource: the server responded with a status of 503 (Service Unavailable) @ http://localhost:3119/api/v1/system/health:0
[29858859ms] [ERROR] Failed to load resource: the server responded with a status of 501 (Not Implemented) @ http://localhost:3119/api/v1/admin/impersonate:0
[29858869ms] [ERROR] Failed to load resource: the server responded with a status of 501 (Not Implemented) @ http://localhost:3119/api/v1/admin/impersonate:0
[29883894ms] [ERROR] Failed to load resource: the server responded with a status of 503 (Service Unavailable) @ http://localhost:3119/api/v1/system/health:0
[29888879ms] [ERROR] Failed to load resource: the server responded with a status of 501 (Not Implemented) @ http://localhost:3119/api/v1/admin/impersonate:0
[29888889ms] [ERROR] Failed to load resource: the server responded with a status of 501 (Not Implemented) @ http://localhost:3119/api/v1/admin/impersonate:0
[29913911ms] [ERROR] Failed to load resource: the server responded with a status of 503 (Service Unavailable) @ http://localhost:3119/api/v1/system/health:0
[29918899ms] [ERROR] Failed to load resource: the server responded with a status of 501 (Not Implemented) @ http://localhost:3119/api/v1/admin/impersonate:0
[29918908ms] [ERROR] Failed to load resource: the server responded with a status of 501 (Not Implemented) @ http://localhost:3119/api/v1/admin/impersonate:0
[29943934ms] [ERROR] Failed to load resource: the server responded with a status of 503 (Service Unavailable) @ http://localhost:3119/api/v1/system/health:0
[29948918ms] [ERROR] Failed to load resource: the server responded with a status of 501 (Not Implemented) @ http://localhost:3119/api/v1/admin/impersonate:0
[29948927ms] [ERROR] Failed to load resource: the server responded with a status of 501 (Not Implemented) @ http://localhost:3119/api/v1/admin/impersonate:0
[29973958ms] [ERROR] Failed to load resource: the server responded with a status of 503 (Service Unavailable) @ http://localhost:3119/api/v1/system/health:0
[29978936ms] [ERROR] Failed to load resource: the server responded with a status of 501 (Not Implemented) @ http://localhost:3119/api/v1/admin/impersonate:0
[29978945ms] [ERROR] Failed to load resource: the server responded with a status of 501 (Not Implemented) @ http://localhost:3119/api/v1/admin/impersonate:0
[30003975ms] [ERROR] Failed to load resource: the server responded with a status of 503 (Service Unavailable) @ http://localhost:3119/api/v1/system/health:0
[30008957ms] [ERROR] Failed to load resource: the server responded with a status of 501 (Not Implemented) @ http://localhost:3119/api/v1/admin/impersonate:0
[30008967ms] [ERROR] Failed to load resource: the server responded with a status of 501 (Not Implemented) @ http://localhost:3119/api/v1/admin/impersonate:0
[30034000ms] [ERROR] Failed to load resource: the server responded with a status of 503 (Service Unavailable) @ http://localhost:3119/api/v1/system/health:0
[30038976ms] [ERROR] Failed to load resource: the server responded with a status of 501 (Not Implemented) @ http://localhost:3119/api/v1/admin/impersonate:0
[30038985ms] [ERROR] Failed to load resource: the server responded with a status of 501 (Not Implemented) @ http://localhost:3119/api/v1/admin/impersonate:0
[30064021ms] [ERROR] Failed to load resource: the server responded with a status of 503 (Service Unavailable) @ http://localhost:3119/api/v1/system/health:0
[30068997ms] [ERROR] Failed to load resource: the server responded with a status of 501 (Not Implemented) @ http://localhost:3119/api/v1/admin/impersonate:0
[30069008ms] [ERROR] Failed to load resource: the server responded with a status of 501 (Not Implemented) @ http://localhost:3119/api/v1/admin/impersonate:0
[30094043ms] [ERROR] Failed to load resource: the server responded with a status of 503 (Service Unavailable) @ http://localhost:3119/api/v1/system/health:0
[30099017ms] [ERROR] Failed to load resource: the server responded with a status of 501 (Not Implemented) @ http://localhost:3119/api/v1/admin/impersonate:0
[30099025ms] [ERROR] Failed to load resource: the server responded with a status of 501 (Not Implemented) @ http://localhost:3119/api/v1/admin/impersonate:0
[30124065ms] [ERROR] Failed to load resource: the server responded with a status of 503 (Service Unavailable) @ http://localhost:3119/api/v1/system/health:0
[30129035ms] [ERROR] Failed to load resource: the server responded with a status of 501 (Not Implemented) @ http://localhost:3119/api/v1/admin/impersonate:0
[30129044ms] [ERROR] Failed to load resource: the server responded with a status of 501 (Not Implemented) @ http://localhost:3119/api/v1/admin/impersonate:0
[30154080ms] [ERROR] Failed to load resource: the server responded with a status of 503 (Service Unavailable) @ http://localhost:3119/api/v1/system/health:0
[30159111ms] [ERROR] Failed to load resource: the server responded with a status of 501 (Not Implemented) @ http://localhost:3119/api/v1/admin/impersonate:0
[30159187ms] [ERROR] Failed to load resource: the server responded with a status of 501 (Not Implemented) @ http://localhost:3119/api/v1/admin/impersonate:0
[30184097ms] [ERROR] Failed to load resource: the server responded with a status of 503 (Service Unavailable) @ http://localhost:3119/api/v1/system/health:0
[30189203ms] [ERROR] Failed to load resource: the server responded with a status of 501 (Not Implemented) @ http://localhost:3119/api/v1/admin/impersonate:0
[30189212ms] [ERROR] Failed to load resource: the server responded with a status of 501 (Not Implemented) @ http://localhost:3119/api/v1/admin/impersonate:0
[30214110ms] [ERROR] Failed to load resource: the server responded with a status of 503 (Service Unavailable) @ http://localhost:3119/api/v1/system/health:0
[30219222ms] [ERROR] Failed to load resource: the server responded with a status of 501 (Not Implemented) @ http://localhost:3119/api/v1/admin/impersonate:0
[30219230ms] [ERROR] Failed to load resource: the server responded with a status of 501 (Not Implemented) @ http://localhost:3119/api/v1/admin/impersonate:0
[30244124ms] [ERROR] Failed to load resource: the server responded with a status of 503 (Service Unavailable) @ http://localhost:3119/api/v1/system/health:0
[30249239ms] [ERROR] Failed to load resource: the server responded with a status of 501 (Not Implemented) @ http://localhost:3119/api/v1/admin/impersonate:0
[30249248ms] [ERROR] Failed to load resource: the server responded with a status of 501 (Not Implemented) @ http://localhost:3119/api/v1/admin/impersonate:0
[30274143ms] [ERROR] Failed to load resource: the server responded with a status of 503 (Service Unavailable) @ http://localhost:3119/api/v1/system/health:0
[30279265ms] [ERROR] Failed to load resource: the server responded with a status of 501 (Not Implemented) @ http://localhost:3119/api/v1/admin/impersonate:0
[30279276ms] [ERROR] Failed to load resource: the server responded with a status of 501 (Not Implemented) @ http://localhost:3119/api/v1/admin/impersonate:0
[30304163ms] [ERROR] Failed to load resource: the server responded with a status of 503 (Service Unavailable) @ http://localhost:3119/api/v1/system/health:0
[30309289ms] [ERROR] Failed to load resource: the server responded with a status of 501 (Not Implemented) @ http://localhost:3119/api/v1/admin/impersonate:0
[30309300ms] [ERROR] Failed to load resource: the server responded with a status of 501 (Not Implemented) @ http://localhost:3119/api/v1/admin/impersonate:0
[30334190ms] [ERROR] Failed to load resource: the server responded with a status of 503 (Service Unavailable) @ http://localhost:3119/api/v1/system/health:0
[30339321ms] [ERROR] Failed to load resource: the server responded with a status of 501 (Not Implemented) @ http://localhost:3119/api/v1/admin/impersonate:0
[30339330ms] [ERROR] Failed to load resource: the server responded with a status of 501 (Not Implemented) @ http://localhost:3119/api/v1/admin/impersonate:0
[30364217ms] [ERROR] Failed to load resource: the server responded with a status of 503 (Service Unavailable) @ http://localhost:3119/api/v1/system/health:0
[30369341ms] [ERROR] Failed to load resource: the server responded with a status of 501 (Not Implemented) @ http://localhost:3119/api/v1/admin/impersonate:0
[30369351ms] [ERROR] Failed to load resource: the server responded with a status of 501 (Not Implemented) @ http://localhost:3119/api/v1/admin/impersonate:0
[30394237ms] [ERROR] Failed to load resource: the server responded with a status of 503 (Service Unavailable) @ http://localhost:3119/api/v1/system/health:0
[30399375ms] [ERROR] Failed to load resource: the server responded with a status of 501 (Not Implemented) @ http://localhost:3119/api/v1/admin/impersonate:0
[30399385ms] [ERROR] Failed to load resource: the server responded with a status of 501 (Not Implemented) @ http://localhost:3119/api/v1/admin/impersonate:0
[30424250ms] [ERROR] Failed to load resource: the server responded with a status of 503 (Service Unavailable) @ http://localhost:3119/api/v1/system/health:0
[30429589ms] [ERROR] Failed to load resource: the server responded with a status of 501 (Not Implemented) @ http://localhost:3119/api/v1/admin/impersonate:0
[30430600ms] [ERROR] Failed to load resource: the server responded with a status of 501 (Not Implemented) @ http://localhost:3119/api/v1/admin/impersonate:0
[30454271ms] [ERROR] Failed to load resource: the server responded with a status of 503 (Service Unavailable) @ http://localhost:3119/api/v1/system/health:0
[30460648ms] [ERROR] Failed to load resource: the server responded with a status of 501 (Not Implemented) @ http://localhost:3119/api/v1/admin/impersonate:0
[30460683ms] [ERROR] Failed to load resource: the server responded with a status of 501 (Not Implemented) @ http://localhost:3119/api/v1/admin/impersonate:0
[30484297ms] [ERROR] Failed to load resource: the server responded with a status of 503 (Service Unavailable) @ http://localhost:3119/api/v1/system/health:0
[30490694ms] [ERROR] Failed to load resource: the server responded with a status of 501 (Not Implemented) @ http://localhost:3119/api/v1/admin/impersonate:0
[30490703ms] [ERROR] Failed to load resource: the server responded with a status of 501 (Not Implemented) @ http://localhost:3119/api/v1/admin/impersonate:0
[30514324ms] [ERROR] Failed to load resource: the server responded with a status of 503 (Service Unavailable) @ http://localhost:3119/api/v1/system/health:0
[30520713ms] [ERROR] Failed to load resource: the server responded with a status of 501 (Not Implemented) @ http://localhost:3119/api/v1/admin/impersonate:0
[30520723ms] [ERROR] Failed to load resource: the server responded with a status of 501 (Not Implemented) @ http://localhost:3119/api/v1/admin/impersonate:0
[30544348ms] [ERROR] Failed to load resource: the server responded with a status of 503 (Service Unavailable) @ http://localhost:3119/api/v1/system/health:0
[30550796ms] [ERROR] Failed to load resource: the server responded with a status of 501 (Not Implemented) @ http://localhost:3119/api/v1/admin/impersonate:0
[30550810ms] [ERROR] Failed to load resource: the server responded with a status of 429 (Too Many Requests) @ http://localhost:3119/api/v1/admin/impersonate:0
[30552853ms] [ERROR] Failed to load resource: the server responded with a status of 429 (Too Many Requests) @ http://localhost:3119/api/v1/admin/impersonate:0
[30555864ms] [ERROR] Failed to load resource: the server responded with a status of 429 (Too Many Requests) @ http://localhost:3119/api/v1/data-repair/cases/stats:0
[30555938ms] [ERROR] Failed to load resource: the server responded with a status of 429 (Too Many Requests) @ http://localhost:3119/api/v1/data-repair/cases/stats:0
[30557970ms] [ERROR] Failed to load resource: the server responded with a status of 429 (Too Many Requests) @ http://localhost:3119/api/v1/data-repair/cases/stats:0
[30574385ms] [ERROR] Failed to load resource: the server responded with a status of 503 (Service Unavailable) @ http://localhost:3119/api/v1/system/health:0
[30581229ms] [ERROR] Failed to load resource: the server responded with a status of 429 (Too Many Requests) @ http://localhost:3119/api/v1/pinned?type=navigation:0
[30581239ms] [ERROR] Failed to load resource: the server responded with a status of 429 (Too Many Requests) @ http://localhost:3119/api/v1/pinned?type=navigation:0
[30582882ms] [ERROR] Failed to load resource: the server responded with a status of 501 (Not Implemented) @ http://localhost:3119/api/v1/admin/impersonate:0
[30583278ms] [ERROR] Failed to load resource: the server responded with a status of 429 (Too Many Requests) @ http://localhost:3119/api/v1/pinned?type=navigation:0
[30584907ms] [ERROR] Failed to load resource: the server responded with a status of 429 (Too Many Requests) @ http://localhost:3119/api/v1/admin/impersonate:0
[30604421ms] [ERROR] Failed to load resource: the server responded with a status of 503 (Service Unavailable) @ http://localhost:3119/api/v1/system/health:0
[30614942ms] [ERROR] Failed to load resource: the server responded with a status of 501 (Not Implemented) @ http://localhost:3119/api/v1/admin/impersonate:0
[30614968ms] [ERROR] Failed to load resource: the server responded with a status of 501 (Not Implemented) @ http://localhost:3119/api/v1/admin/impersonate:0
[30634453ms] [ERROR] Failed to load resource: the server responded with a status of 503 (Service Unavailable) @ http://localhost:3119/api/v1/system/health:0
[30644987ms] [ERROR] Failed to load resource: the server responded with a status of 501 (Not Implemented) @ http://localhost:3119/api/v1/admin/impersonate:0
[30645000ms] [ERROR] Failed to load resource: the server responded with a status of 501 (Not Implemented) @ http://localhost:3119/api/v1/admin/impersonate:0
[30664610ms] [ERROR] Failed to load resource: the server responded with a status of 503 (Service Unavailable) @ http://localhost:3119/api/v1/system/health:0
[30675146ms] [ERROR] Failed to load resource: the server responded with a status of 501 (Not Implemented) @ http://localhost:3119/api/v1/admin/impersonate:0
[30675448ms] [ERROR] Failed to load resource: the server responded with a status of 501 (Not Implemented) @ http://localhost:3119/api/v1/admin/impersonate:0
[30694627ms] [ERROR] Failed to load resource: the server responded with a status of 503 (Service Unavailable) @ http://localhost:3119/api/v1/system/health:0
[30705477ms] [ERROR] Failed to load resource: the server responded with a status of 501 (Not Implemented) @ http://localhost:3119/api/v1/admin/impersonate:0
[30705496ms] [ERROR] Failed to load resource: the server responded with a status of 501 (Not Implemented) @ http://localhost:3119/api/v1/admin/impersonate:0
[30724648ms] [ERROR] Failed to load resource: the server responded with a status of 503 (Service Unavailable) @ http://localhost:3119/api/v1/system/health:0
[30735517ms] [ERROR] Failed to load resource: the server responded with a status of 501 (Not Implemented) @ http://localhost:3119/api/v1/admin/impersonate:0
[30735530ms] [ERROR] Failed to load resource: the server responded with a status of 501 (Not Implemented) @ http://localhost:3119/api/v1/admin/impersonate:0
[30754671ms] [ERROR] Failed to load resource: the server responded with a status of 503 (Service Unavailable) @ http://localhost:3119/api/v1/system/health:0
[30765540ms] [ERROR] Failed to load resource: the server responded with a status of 501 (Not Implemented) @ http://localhost:3119/api/v1/admin/impersonate:0
[30765550ms] [ERROR] Failed to load resource: the server responded with a status of 501 (Not Implemented) @ http://localhost:3119/api/v1/admin/impersonate:0
[30784692ms] [ERROR] Failed to load resource: the server responded with a status of 503 (Service Unavailable) @ http://localhost:3119/api/v1/system/health:0
[30795560ms] [ERROR] Failed to load resource: the server responded with a status of 501 (Not Implemented) @ http://localhost:3119/api/v1/admin/impersonate:0
[30795569ms] [ERROR] Failed to load resource: the server responded with a status of 501 (Not Implemented) @ http://localhost:3119/api/v1/admin/impersonate:0
[30814719ms] [ERROR] Failed to load resource: the server responded with a status of 503 (Service Unavailable) @ http://localhost:3119/api/v1/system/health:0
[30825577ms] [ERROR] Failed to load resource: the server responded with a status of 501 (Not Implemented) @ http://localhost:3119/api/v1/admin/impersonate:0
[30825586ms] [ERROR] Failed to load resource: the server responded with a status of 501 (Not Implemented) @ http://localhost:3119/api/v1/admin/impersonate:0
[30844766ms] [ERROR] Failed to load resource: the server responded with a status of 503 (Service Unavailable) @ http://localhost:3119/api/v1/system/health:0
[30855604ms] [ERROR] Failed to load resource: the server responded with a status of 501 (Not Implemented) @ http://localhost:3119/api/v1/admin/impersonate:0
[30855615ms] [ERROR] Failed to load resource: the server responded with a status of 501 (Not Implemented) @ http://localhost:3119/api/v1/admin/impersonate:0
[30874787ms] [ERROR] Failed to load resource: the server responded with a status of 503 (Service Unavailable) @ http://localhost:3119/api/v1/system/health:0
[30885631ms] [ERROR] Failed to load resource: the server responded with a status of 501 (Not Implemented) @ http://localhost:3119/api/v1/admin/impersonate:0
[30885640ms] [ERROR] Failed to load resource: the server responded with a status of 501 (Not Implemented) @ http://localhost:3119/api/v1/admin/impersonate:0
[30904802ms] [ERROR] Failed to load resource: the server responded with a status of 503 (Service Unavailable) @ http://localhost:3119/api/v1/system/health:0
[30915658ms] [ERROR] Failed to load resource: the server responded with a status of 501 (Not Implemented) @ http://localhost:3119/api/v1/admin/impersonate:0
[30915669ms] [ERROR] Failed to load resource: the server responded with a status of 501 (Not Implemented) @ http://localhost:3119/api/v1/admin/impersonate:0
[30934829ms] [ERROR] Failed to load resource: the server responded with a status of 503 (Service Unavailable) @ http://localhost:3119/api/v1/system/health:0
[30945690ms] [ERROR] Failed to load resource: the server responded with a status of 501 (Not Implemented) @ http://localhost:3119/api/v1/admin/impersonate:0
[30945701ms] [ERROR] Failed to load resource: the server responded with a status of 501 (Not Implemented) @ http://localhost:3119/api/v1/admin/impersonate:0
[30964858ms] [ERROR] Failed to load resource: the server responded with a status of 503 (Service Unavailable) @ http://localhost:3119/api/v1/system/health:0
[30975710ms] [ERROR] Failed to load resource: the server responded with a status of 501 (Not Implemented) @ http://localhost:3119/api/v1/admin/impersonate:0
[30975720ms] [ERROR] Failed to load resource: the server responded with a status of 501 (Not Implemented) @ http://localhost:3119/api/v1/admin/impersonate:0
[30994885ms] [ERROR] Failed to load resource: the server responded with a status of 503 (Service Unavailable) @ http://localhost:3119/api/v1/system/health:0
[31005729ms] [ERROR] Failed to load resource: the server responded with a status of 501 (Not Implemented) @ http://localhost:3119/api/v1/admin/impersonate:0
[31005738ms] [ERROR] Failed to load resource: the server responded with a status of 501 (Not Implemented) @ http://localhost:3119/api/v1/admin/impersonate:0
[31024912ms] [ERROR] Failed to load resource: the server responded with a status of 503 (Service Unavailable) @ http://localhost:3119/api/v1/system/health:0
[31035749ms] [ERROR] Failed to load resource: the server responded with a status of 501 (Not Implemented) @ http://localhost:3119/api/v1/admin/impersonate:0
[31035759ms] [ERROR] Failed to load resource: the server responded with a status of 501 (Not Implemented) @ http://localhost:3119/api/v1/admin/impersonate:0
[31054926ms] [ERROR] Failed to load resource: the server responded with a status of 503 (Service Unavailable) @ http://localhost:3119/api/v1/system/health:0
[31065782ms] [ERROR] Failed to load resource: the server responded with a status of 501 (Not Implemented) @ http://localhost:3119/api/v1/admin/impersonate:0
[31065795ms] [ERROR] Failed to load resource: the server responded with a status of 501 (Not Implemented) @ http://localhost:3119/api/v1/admin/impersonate:0
[31084951ms] [ERROR] Failed to load resource: the server responded with a status of 503 (Service Unavailable) @ http://localhost:3119/api/v1/system/health:0
[31095805ms] [ERROR] Failed to load resource: the server responded with a status of 501 (Not Implemented) @ http://localhost:3119/api/v1/admin/impersonate:0
[31095816ms] [ERROR] Failed to load resource: the server responded with a status of 501 (Not Implemented) @ http://localhost:3119/api/v1/admin/impersonate:0
[31114979ms] [ERROR] Failed to load resource: the server responded with a status of 503 (Service Unavailable) @ http://localhost:3119/api/v1/system/health:0
[31125831ms] [ERROR] Failed to load resource: the server responded with a status of 501 (Not Implemented) @ http://localhost:3119/api/v1/admin/impersonate:0
[31125843ms] [ERROR] Failed to load resource: the server responded with a status of 501 (Not Implemented) @ http://localhost:3119/api/v1/admin/impersonate:0
[31145006ms] [ERROR] Failed to load resource: the server responded with a status of 503 (Service Unavailable) @ http://localhost:3119/api/v1/system/health:0
[31155866ms] [ERROR] Failed to load resource: the server responded with a status of 501 (Not Implemented) @ http://localhost:3119/api/v1/admin/impersonate:0
[31155877ms] [ERROR] Failed to load resource: the server responded with a status of 501 (Not Implemented) @ http://localhost:3119/api/v1/admin/impersonate:0
[31175045ms] [ERROR] Failed to load resource: the server responded with a status of 503 (Service Unavailable) @ http://localhost:3119/api/v1/system/health:0
[31185892ms] [ERROR] Failed to load resource: the server responded with a status of 501 (Not Implemented) @ http://localhost:3119/api/v1/admin/impersonate:0
[31185902ms] [ERROR] Failed to load resource: the server responded with a status of 501 (Not Implemented) @ http://localhost:3119/api/v1/admin/impersonate:0
[31205059ms] [ERROR] Failed to load resource: the server responded with a status of 503 (Service Unavailable) @ http://localhost:3119/api/v1/system/health:0
[31215921ms] [ERROR] Failed to load resource: the server responded with a status of 501 (Not Implemented) @ http://localhost:3119/api/v1/admin/impersonate:0
[31215932ms] [ERROR] Failed to load resource: the server responded with a status of 501 (Not Implemented) @ http://localhost:3119/api/v1/admin/impersonate:0
[31235072ms] [ERROR] Failed to load resource: the server responded with a status of 503 (Service Unavailable) @ http://localhost:3119/api/v1/system/health:0
[31246098ms] [ERROR] Failed to load resource: the server responded with a status of 501 (Not Implemented) @ http://localhost:3119/api/v1/admin/impersonate:0
[31246187ms] [ERROR] Failed to load resource: the server responded with a status of 501 (Not Implemented) @ http://localhost:3119/api/v1/admin/impersonate:0
[31265088ms] [ERROR] Failed to load resource: the server responded with a status of 503 (Service Unavailable) @ http://localhost:3119/api/v1/system/health:0
[31276199ms] [ERROR] Failed to load resource: the server responded with a status of 501 (Not Implemented) @ http://localhost:3119/api/v1/admin/impersonate:0
[31276208ms] [ERROR] Failed to load resource: the server responded with a status of 501 (Not Implemented) @ http://localhost:3119/api/v1/admin/impersonate:0
[31295113ms] [ERROR] Failed to load resource: the server responded with a status of 503 (Service Unavailable) @ http://localhost:3119/api/v1/system/health:0
[31306221ms] [ERROR] Failed to load resource: the server responded with a status of 501 (Not Implemented) @ http://localhost:3119/api/v1/admin/impersonate:0
[31306235ms] [ERROR] Failed to load resource: the server responded with a status of 501 (Not Implemented) @ http://localhost:3119/api/v1/admin/impersonate:0
[31325143ms] [ERROR] Failed to load resource: the server responded with a status of 503 (Service Unavailable) @ http://localhost:3119/api/v1/system/health:0
[31336245ms] [ERROR] Failed to load resource: the server responded with a status of 501 (Not Implemented) @ http://localhost:3119/api/v1/admin/impersonate:0
[31336257ms] [ERROR] Failed to load resource: the server responded with a status of 501 (Not Implemented) @ http://localhost:3119/api/v1/admin/impersonate:0
[31355212ms] [ERROR] Failed to load resource: the server responded with a status of 503 (Service Unavailable) @ http://localhost:3119/api/v1/system/health:0
[31366267ms] [ERROR] Failed to load resource: the server responded with a status of 501 (Not Implemented) @ http://localhost:3119/api/v1/admin/impersonate:0
[31366278ms] [ERROR] Failed to load resource: the server responded with a status of 501 (Not Implemented) @ http://localhost:3119/api/v1/admin/impersonate:0
[31385233ms] [ERROR] Failed to load resource: the server responded with a status of 503 (Service Unavailable) @ http://localhost:3119/api/v1/system/health:0
[31396307ms] [ERROR] Failed to load resource: the server responded with a status of 501 (Not Implemented) @ http://localhost:3119/api/v1/admin/impersonate:0
[31396328ms] [ERROR] Failed to load resource: the server responded with a status of 501 (Not Implemented) @ http://localhost:3119/api/v1/admin/impersonate:0
[31415248ms] [ERROR] Failed to load resource: the server responded with a status of 503 (Service Unavailable) @ http://localhost:3119/api/v1/system/health:0
[31426337ms] [ERROR] Failed to load resource: the server responded with a status of 501 (Not Implemented) @ http://localhost:3119/api/v1/admin/impersonate:0
[31426347ms] [ERROR] Failed to load resource: the server responded with a status of 501 (Not Implemented) @ http://localhost:3119/api/v1/admin/impersonate:0
[31445289ms] [ERROR] Failed to load resource: the server responded with a status of 503 (Service Unavailable) @ http://localhost:3119/api/v1/system/health:0
[31456397ms] [ERROR] Failed to load resource: the server responded with a status of 501 (Not Implemented) @ http://localhost:3119/api/v1/admin/impersonate:0
[31456477ms] [ERROR] Failed to load resource: the server responded with a status of 501 (Not Implemented) @ http://localhost:3119/api/v1/admin/impersonate:0
[31475306ms] [ERROR] Failed to load resource: the server responded with a status of 503 (Service Unavailable) @ http://localhost:3119/api/v1/system/health:0
[31486492ms] [ERROR] Failed to load resource: the server responded with a status of 501 (Not Implemented) @ http://localhost:3119/api/v1/admin/impersonate:0
[31486549ms] [ERROR] Failed to load resource: the server responded with a status of 501 (Not Implemented) @ http://localhost:3119/api/v1/admin/impersonate:0
[31505326ms] [ERROR] Failed to load resource: the server responded with a status of 503 (Service Unavailable) @ http://localhost:3119/api/v1/system/health:0
[31516559ms] [ERROR] Failed to load resource: the server responded with a status of 501 (Not Implemented) @ http://localhost:3119/api/v1/admin/impersonate:0
[31516567ms] [ERROR] Failed to load resource: the server responded with a status of 501 (Not Implemented) @ http://localhost:3119/api/v1/admin/impersonate:0
[31535343ms] [ERROR] Failed to load resource: the server responded with a status of 503 (Service Unavailable) @ http://localhost:3119/api/v1/system/health:0
[31546577ms] [ERROR] Failed to load resource: the server responded with a status of 501 (Not Implemented) @ http://localhost:3119/api/v1/admin/impersonate:0
[31546586ms] [ERROR] Failed to load resource: the server responded with a status of 501 (Not Implemented) @ http://localhost:3119/api/v1/admin/impersonate:0
[31565358ms] [ERROR] Failed to load resource: the server responded with a status of 503 (Service Unavailable) @ http://localhost:3119/api/v1/system/health:0
[31576596ms] [ERROR] Failed to load resource: the server responded with a status of 501 (Not Implemented) @ http://localhost:3119/api/v1/admin/impersonate:0
[31576606ms] [ERROR] Failed to load resource: the server responded with a status of 501 (Not Implemented) @ http://localhost:3119/api/v1/admin/impersonate:0
[31595376ms] [ERROR] Failed to load resource: the server responded with a status of 503 (Service Unavailable) @ http://localhost:3119/api/v1/system/health:0
[31606623ms] [ERROR] Failed to load resource: the server responded with a status of 501 (Not Implemented) @ http://localhost:3119/api/v1/admin/impersonate:0
[31606640ms] [ERROR] Failed to load resource: the server responded with a status of 501 (Not Implemented) @ http://localhost:3119/api/v1/admin/impersonate:0
[31625391ms] [ERROR] Failed to load resource: the server responded with a status of 503 (Service Unavailable) @ http://localhost:3119/api/v1/system/health:0
[31636649ms] [ERROR] Failed to load resource: the server responded with a status of 501 (Not Implemented) @ http://localhost:3119/api/v1/admin/impersonate:0
[31636658ms] [ERROR] Failed to load resource: the server responded with a status of 501 (Not Implemented) @ http://localhost:3119/api/v1/admin/impersonate:0
[31655419ms] [ERROR] Failed to load resource: the server responded with a status of 503 (Service Unavailable) @ http://localhost:3119/api/v1/system/health:0
[31666677ms] [ERROR] Failed to load resource: the server responded with a status of 501 (Not Implemented) @ http://localhost:3119/api/v1/admin/impersonate:0
[31666687ms] [ERROR] Failed to load resource: the server responded with a status of 501 (Not Implemented) @ http://localhost:3119/api/v1/admin/impersonate:0
[31685434ms] [ERROR] Failed to load resource: the server responded with a status of 503 (Service Unavailable) @ http://localhost:3119/api/v1/system/health:0
[31696701ms] [ERROR] Failed to load resource: the server responded with a status of 501 (Not Implemented) @ http://localhost:3119/api/v1/admin/impersonate:0
[31696717ms] [ERROR] Failed to load resource: the server responded with a status of 501 (Not Implemented) @ http://localhost:3119/api/v1/admin/impersonate:0
[31715447ms] [ERROR] Failed to load resource: the server responded with a status of 503 (Service Unavailable) @ http://localhost:3119/api/v1/system/health:0
[31726743ms] [ERROR] Failed to load resource: the server responded with a status of 501 (Not Implemented) @ http://localhost:3119/api/v1/admin/impersonate:0
[31726755ms] [ERROR] Failed to load resource: the server responded with a status of 501 (Not Implemented) @ http://localhost:3119/api/v1/admin/impersonate:0
[31745459ms] [ERROR] Failed to load resource: the server responded with a status of 503 (Service Unavailable) @ http://localhost:3119/api/v1/system/health:0
[31756772ms] [ERROR] Failed to load resource: the server responded with a status of 501 (Not Implemented) @ http://localhost:3119/api/v1/admin/impersonate:0
[31756781ms] [ERROR] Failed to load resource: the server responded with a status of 501 (Not Implemented) @ http://localhost:3119/api/v1/admin/impersonate:0
[31775476ms] [ERROR] Failed to load resource: the server responded with a status of 503 (Service Unavailable) @ http://localhost:3119/api/v1/system/health:0
[31786805ms] [ERROR] Failed to load resource: the server responded with a status of 501 (Not Implemented) @ http://localhost:3119/api/v1/admin/impersonate:0
[31786814ms] [ERROR] Failed to load resource: the server responded with a status of 501 (Not Implemented) @ http://localhost:3119/api/v1/admin/impersonate:0
[31805491ms] [ERROR] Failed to load resource: the server responded with a status of 503 (Service Unavailable) @ http://localhost:3119/api/v1/system/health:0
[31816828ms] [ERROR] Failed to load resource: the server responded with a status of 501 (Not Implemented) @ http://localhost:3119/api/v1/admin/impersonate:0
[31816838ms] [ERROR] Failed to load resource: the server responded with a status of 501 (Not Implemented) @ http://localhost:3119/api/v1/admin/impersonate:0
[31835507ms] [ERROR] Failed to load resource: the server responded with a status of 503 (Service Unavailable) @ http://localhost:3119/api/v1/system/health:0
[31846856ms] [ERROR] Failed to load resource: the server responded with a status of 501 (Not Implemented) @ http://localhost:3119/api/v1/admin/impersonate:0
[31846865ms] [ERROR] Failed to load resource: the server responded with a status of 501 (Not Implemented) @ http://localhost:3119/api/v1/admin/impersonate:0
[31865525ms] [ERROR] Failed to load resource: the server responded with a status of 503 (Service Unavailable) @ http://localhost:3119/api/v1/system/health:0
[31876875ms] [ERROR] Failed to load resource: the server responded with a status of 501 (Not Implemented) @ http://localhost:3119/api/v1/admin/impersonate:0
[31876884ms] [ERROR] Failed to load resource: the server responded with a status of 501 (Not Implemented) @ http://localhost:3119/api/v1/admin/impersonate:0
[31895541ms] [ERROR] Failed to load resource: the server responded with a status of 503 (Service Unavailable) @ http://localhost:3119/api/v1/system/health:0
[31906905ms] [ERROR] Failed to load resource: the server responded with a status of 501 (Not Implemented) @ http://localhost:3119/api/v1/admin/impersonate:0
[31906926ms] [ERROR] Failed to load resource: the server responded with a status of 501 (Not Implemented) @ http://localhost:3119/api/v1/admin/impersonate:0
[31925568ms] [ERROR] Failed to load resource: the server responded with a status of 503 (Service Unavailable) @ http://localhost:3119/api/v1/system/health:0
[31936953ms] [ERROR] Failed to load resource: the server responded with a status of 501 (Not Implemented) @ http://localhost:3119/api/v1/admin/impersonate:0
[31936964ms] [ERROR] Failed to load resource: the server responded with a status of 501 (Not Implemented) @ http://localhost:3119/api/v1/admin/impersonate:0
[31955585ms] [ERROR] Failed to load resource: the server responded with a status of 503 (Service Unavailable) @ http://localhost:3119/api/v1/system/health:0
[31966999ms] [ERROR] Failed to load resource: the server responded with a status of 501 (Not Implemented) @ http://localhost:3119/api/v1/admin/impersonate:0
[31967013ms] [ERROR] Failed to load resource: the server responded with a status of 501 (Not Implemented) @ http://localhost:3119/api/v1/admin/impersonate:0
[31985602ms] [ERROR] Failed to load resource: the server responded with a status of 503 (Service Unavailable) @ http://localhost:3119/api/v1/system/health:0
[31997026ms] [ERROR] Failed to load resource: the server responded with a status of 501 (Not Implemented) @ http://localhost:3119/api/v1/admin/impersonate:0
[31997037ms] [ERROR] Failed to load resource: the server responded with a status of 501 (Not Implemented) @ http://localhost:3119/api/v1/admin/impersonate:0
[32015623ms] [ERROR] Failed to load resource: the server responded with a status of 503 (Service Unavailable) @ http://localhost:3119/api/v1/system/health:0
[32027061ms] [ERROR] Failed to load resource: the server responded with a status of 501 (Not Implemented) @ http://localhost:3119/api/v1/admin/impersonate:0
[32027070ms] [ERROR] Failed to load resource: the server responded with a status of 501 (Not Implemented) @ http://localhost:3119/api/v1/admin/impersonate:0
[32045635ms] [ERROR] Failed to load resource: the server responded with a status of 503 (Service Unavailable) @ http://localhost:3119/api/v1/system/health:0
[32057084ms] [ERROR] Failed to load resource: the server responded with a status of 501 (Not Implemented) @ http://localhost:3119/api/v1/admin/impersonate:0
[32057093ms] [ERROR] Failed to load resource: the server responded with a status of 501 (Not Implemented) @ http://localhost:3119/api/v1/admin/impersonate:0
[32075654ms] [ERROR] Failed to load resource: the server responded with a status of 503 (Service Unavailable) @ http://localhost:3119/api/v1/system/health:0
[32087115ms] [ERROR] Failed to load resource: the server responded with a status of 501 (Not Implemented) @ http://localhost:3119/api/v1/admin/impersonate:0
[32087124ms] [ERROR] Failed to load resource: the server responded with a status of 501 (Not Implemented) @ http://localhost:3119/api/v1/admin/impersonate:0
[32105679ms] [ERROR] Failed to load resource: the server responded with a status of 503 (Service Unavailable) @ http://localhost:3119/api/v1/system/health:0
[32117138ms] [ERROR] Failed to load resource: the server responded with a status of 501 (Not Implemented) @ http://localhost:3119/api/v1/admin/impersonate:0
[32117148ms] [ERROR] Failed to load resource: the server responded with a status of 501 (Not Implemented) @ http://localhost:3119/api/v1/admin/impersonate:0
[32135699ms] [ERROR] Failed to load resource: the server responded with a status of 503 (Service Unavailable) @ http://localhost:3119/api/v1/system/health:0
[32147161ms] [ERROR] Failed to load resource: the server responded with a status of 501 (Not Implemented) @ http://localhost:3119/api/v1/admin/impersonate:0
[32147170ms] [ERROR] Failed to load resource: the server responded with a status of 501 (Not Implemented) @ http://localhost:3119/api/v1/admin/impersonate:0
[32165724ms] [ERROR] Failed to load resource: the server responded with a status of 503 (Service Unavailable) @ http://localhost:3119/api/v1/system/health:0
[32177185ms] [ERROR] Failed to load resource: the server responded with a status of 501 (Not Implemented) @ http://localhost:3119/api/v1/admin/impersonate:0
[32177195ms] [ERROR] Failed to load resource: the server responded with a status of 501 (Not Implemented) @ http://localhost:3119/api/v1/admin/impersonate:0
[32195737ms] [ERROR] Failed to load resource: the server responded with a status of 503 (Service Unavailable) @ http://localhost:3119/api/v1/system/health:0
[32207206ms] [ERROR] Failed to load resource: the server responded with a status of 501 (Not Implemented) @ http://localhost:3119/api/v1/admin/impersonate:0
[32207215ms] [ERROR] Failed to load resource: the server responded with a status of 501 (Not Implemented) @ http://localhost:3119/api/v1/admin/impersonate:0
[32225752ms] [ERROR] Failed to load resource: the server responded with a status of 503 (Service Unavailable) @ http://localhost:3119/api/v1/system/health:0
[32237224ms] [ERROR] Failed to load resource: the server responded with a status of 501 (Not Implemented) @ http://localhost:3119/api/v1/admin/impersonate:0
[32237233ms] [ERROR] Failed to load resource: the server responded with a status of 501 (Not Implemented) @ http://localhost:3119/api/v1/admin/impersonate:0
[32255768ms] [ERROR] Failed to load resource: the server responded with a status of 503 (Service Unavailable) @ http://localhost:3119/api/v1/system/health:0
[32267247ms] [ERROR] Failed to load resource: the server responded with a status of 501 (Not Implemented) @ http://localhost:3119/api/v1/admin/impersonate:0
[32267255ms] [ERROR] Failed to load resource: the server responded with a status of 501 (Not Implemented) @ http://localhost:3119/api/v1/admin/impersonate:0
[32285787ms] [ERROR] Failed to load resource: the server responded with a status of 503 (Service Unavailable) @ http://localhost:3119/api/v1/system/health:0
[32297278ms] [ERROR] Failed to load resource: the server responded with a status of 501 (Not Implemented) @ http://localhost:3119/api/v1/admin/impersonate:0
[32297290ms] [ERROR] Failed to load resource: the server responded with a status of 501 (Not Implemented) @ http://localhost:3119/api/v1/admin/impersonate:0
[32315806ms] [ERROR] Failed to load resource: the server responded with a status of 503 (Service Unavailable) @ http://localhost:3119/api/v1/system/health:0
[32327299ms] [ERROR] Failed to load resource: the server responded with a status of 501 (Not Implemented) @ http://localhost:3119/api/v1/admin/impersonate:0
[32327309ms] [ERROR] Failed to load resource: the server responded with a status of 501 (Not Implemented) @ http://localhost:3119/api/v1/admin/impersonate:0
[32345828ms] [ERROR] Failed to load resource: the server responded with a status of 503 (Service Unavailable) @ http://localhost:3119/api/v1/system/health:0
[32357334ms] [ERROR] Failed to load resource: the server responded with a status of 501 (Not Implemented) @ http://localhost:3119/api/v1/admin/impersonate:0
[32357345ms] [ERROR] Failed to load resource: the server responded with a status of 501 (Not Implemented) @ http://localhost:3119/api/v1/admin/impersonate:0
[32375858ms] [ERROR] Failed to load resource: the server responded with a status of 503 (Service Unavailable) @ http://localhost:3119/api/v1/system/health:0
[32387361ms] [ERROR] Failed to load resource: the server responded with a status of 501 (Not Implemented) @ http://localhost:3119/api/v1/admin/impersonate:0
[32387371ms] [ERROR] Failed to load resource: the server responded with a status of 501 (Not Implemented) @ http://localhost:3119/api/v1/admin/impersonate:0
[32405890ms] [ERROR] Failed to load resource: the server responded with a status of 503 (Service Unavailable) @ http://localhost:3119/api/v1/system/health:0
[32417381ms] [ERROR] Failed to load resource: the server responded with a status of 501 (Not Implemented) @ http://localhost:3119/api/v1/admin/impersonate:0
[32417390ms] [ERROR] Failed to load resource: the server responded with a status of 501 (Not Implemented) @ http://localhost:3119/api/v1/admin/impersonate:0
[32435913ms] [ERROR] Failed to load resource: the server responded with a status of 503 (Service Unavailable) @ http://localhost:3119/api/v1/system/health:0
[32447411ms] [ERROR] Failed to load resource: the server responded with a status of 501 (Not Implemented) @ http://localhost:3119/api/v1/admin/impersonate:0
[32447420ms] [ERROR] Failed to load resource: the server responded with a status of 501 (Not Implemented) @ http://localhost:3119/api/v1/admin/impersonate:0
[32465932ms] [ERROR] Failed to load resource: the server responded with a status of 503 (Service Unavailable) @ http://localhost:3119/api/v1/system/health:0
[32477431ms] [ERROR] Failed to load resource: the server responded with a status of 501 (Not Implemented) @ http://localhost:3119/api/v1/admin/impersonate:0
[32477440ms] [ERROR] Failed to load resource: the server responded with a status of 501 (Not Implemented) @ http://localhost:3119/api/v1/admin/impersonate:0
[32495950ms] [ERROR] Failed to load resource: the server responded with a status of 503 (Service Unavailable) @ http://localhost:3119/api/v1/system/health:0
[32507455ms] [ERROR] Failed to load resource: the server responded with a status of 501 (Not Implemented) @ http://localhost:3119/api/v1/admin/impersonate:0
[32507463ms] [ERROR] Failed to load resource: the server responded with a status of 501 (Not Implemented) @ http://localhost:3119/api/v1/admin/impersonate:0
[32525961ms] [ERROR] Failed to load resource: the server responded with a status of 503 (Service Unavailable) @ http://localhost:3119/api/v1/system/health:0
[32537473ms] [ERROR] Failed to load resource: the server responded with a status of 501 (Not Implemented) @ http://localhost:3119/api/v1/admin/impersonate:0
[32537483ms] [ERROR] Failed to load resource: the server responded with a status of 501 (Not Implemented) @ http://localhost:3119/api/v1/admin/impersonate:0
[32555974ms] [ERROR] Failed to load resource: the server responded with a status of 503 (Service Unavailable) @ http://localhost:3119/api/v1/system/health:0
[32567493ms] [ERROR] Failed to load resource: the server responded with a status of 501 (Not Implemented) @ http://localhost:3119/api/v1/admin/impersonate:0
[32567502ms] [ERROR] Failed to load resource: the server responded with a status of 501 (Not Implemented) @ http://localhost:3119/api/v1/admin/impersonate:0
[32585984ms] [ERROR] Failed to load resource: the server responded with a status of 503 (Service Unavailable) @ http://localhost:3119/api/v1/system/health:0
[32597519ms] [ERROR] Failed to load resource: the server responded with a status of 501 (Not Implemented) @ http://localhost:3119/api/v1/admin/impersonate:0
[32597529ms] [ERROR] Failed to load resource: the server responded with a status of 501 (Not Implemented) @ http://localhost:3119/api/v1/admin/impersonate:0
[32616004ms] [ERROR] Failed to load resource: the server responded with a status of 503 (Service Unavailable) @ http://localhost:3119/api/v1/system/health:0
[32627549ms] [ERROR] Failed to load resource: the server responded with a status of 501 (Not Implemented) @ http://localhost:3119/api/v1/admin/impersonate:0
[32627557ms] [ERROR] Failed to load resource: the server responded with a status of 501 (Not Implemented) @ http://localhost:3119/api/v1/admin/impersonate:0
[32646015ms] [ERROR] Failed to load resource: the server responded with a status of 503 (Service Unavailable) @ http://localhost:3119/api/v1/system/health:0
[32657574ms] [ERROR] Failed to load resource: the server responded with a status of 501 (Not Implemented) @ http://localhost:3119/api/v1/admin/impersonate:0
[32657586ms] [ERROR] Failed to load resource: the server responded with a status of 501 (Not Implemented) @ http://localhost:3119/api/v1/admin/impersonate:0
[32676041ms] [ERROR] Failed to load resource: the server responded with a status of 503 (Service Unavailable) @ http://localhost:3119/api/v1/system/health:0
[32687598ms] [ERROR] Failed to load resource: the server responded with a status of 501 (Not Implemented) @ http://localhost:3119/api/v1/admin/impersonate:0
[32687606ms] [ERROR] Failed to load resource: the server responded with a status of 501 (Not Implemented) @ http://localhost:3119/api/v1/admin/impersonate:0
[32706062ms] [ERROR] Failed to load resource: the server responded with a status of 503 (Service Unavailable) @ http://localhost:3119/api/v1/system/health:0
[32717619ms] [ERROR] Failed to load resource: the server responded with a status of 501 (Not Implemented) @ http://localhost:3119/api/v1/admin/impersonate:0
[32717628ms] [ERROR] Failed to load resource: the server responded with a status of 501 (Not Implemented) @ http://localhost:3119/api/v1/admin/impersonate:0
[32736074ms] [ERROR] Failed to load resource: the server responded with a status of 503 (Service Unavailable) @ http://localhost:3119/api/v1/system/health:0
[32747648ms] [ERROR] Failed to load resource: the server responded with a status of 501 (Not Implemented) @ http://localhost:3119/api/v1/admin/impersonate:0
[32747657ms] [ERROR] Failed to load resource: the server responded with a status of 501 (Not Implemented) @ http://localhost:3119/api/v1/admin/impersonate:0
[32766084ms] [ERROR] Failed to load resource: the server responded with a status of 503 (Service Unavailable) @ http://localhost:3119/api/v1/system/health:0
[32777666ms] [ERROR] Failed to load resource: the server responded with a status of 501 (Not Implemented) @ http://localhost:3119/api/v1/admin/impersonate:0
[32777676ms] [ERROR] Failed to load resource: the server responded with a status of 501 (Not Implemented) @ http://localhost:3119/api/v1/admin/impersonate:0
[32796096ms] [ERROR] Failed to load resource: the server responded with a status of 503 (Service Unavailable) @ http://localhost:3119/api/v1/system/health:0
[32807698ms] [ERROR] Failed to load resource: the server responded with a status of 501 (Not Implemented) @ http://localhost:3119/api/v1/admin/impersonate:0
[32807705ms] [ERROR] Failed to load resource: the server responded with a status of 501 (Not Implemented) @ http://localhost:3119/api/v1/admin/impersonate:0
[32826105ms] [ERROR] Failed to load resource: the server responded with a status of 503 (Service Unavailable) @ http://localhost:3119/api/v1/system/health:0
[32837722ms] [ERROR] Failed to load resource: the server responded with a status of 501 (Not Implemented) @ http://localhost:3119/api/v1/admin/impersonate:0
[32837732ms] [ERROR] Failed to load resource: the server responded with a status of 501 (Not Implemented) @ http://localhost:3119/api/v1/admin/impersonate:0
[32856118ms] [ERROR] Failed to load resource: the server responded with a status of 503 (Service Unavailable) @ http://localhost:3119/api/v1/system/health:0
[32867740ms] [ERROR] Failed to load resource: the server responded with a status of 501 (Not Implemented) @ http://localhost:3119/api/v1/admin/impersonate:0
[32867749ms] [ERROR] Failed to load resource: the server responded with a status of 501 (Not Implemented) @ http://localhost:3119/api/v1/admin/impersonate:0
[32886141ms] [ERROR] Failed to load resource: the server responded with a status of 503 (Service Unavailable) @ http://localhost:3119/api/v1/system/health:0
[32897759ms] [ERROR] Failed to load resource: the server responded with a status of 501 (Not Implemented) @ http://localhost:3119/api/v1/admin/impersonate:0
[32897768ms] [ERROR] Failed to load resource: the server responded with a status of 501 (Not Implemented) @ http://localhost:3119/api/v1/admin/impersonate:0
[32916154ms] [ERROR] Failed to load resource: the server responded with a status of 503 (Service Unavailable) @ http://localhost:3119/api/v1/system/health:0
[32927780ms] [ERROR] Failed to load resource: the server responded with a status of 501 (Not Implemented) @ http://localhost:3119/api/v1/admin/impersonate:0
[32927789ms] [ERROR] Failed to load resource: the server responded with a status of 501 (Not Implemented) @ http://localhost:3119/api/v1/admin/impersonate:0
[32946175ms] [ERROR] Failed to load resource: the server responded with a status of 503 (Service Unavailable) @ http://localhost:3119/api/v1/system/health:0
[32957879ms] [ERROR] Failed to load resource: the server responded with a status of 501 (Not Implemented) @ http://localhost:3119/api/v1/admin/impersonate:0
[32958151ms] [ERROR] Failed to load resource: the server responded with a status of 501 (Not Implemented) @ http://localhost:3119/api/v1/admin/impersonate:0
[32976187ms] [ERROR] Failed to load resource: the server responded with a status of 503 (Service Unavailable) @ http://localhost:3119/api/v1/system/health:0
[32988161ms] [ERROR] Failed to load resource: the server responded with a status of 501 (Not Implemented) @ http://localhost:3119/api/v1/admin/impersonate:0
[32988169ms] [ERROR] Failed to load resource: the server responded with a status of 501 (Not Implemented) @ http://localhost:3119/api/v1/admin/impersonate:0
[33006211ms] [ERROR] Failed to load resource: the server responded with a status of 503 (Service Unavailable) @ http://localhost:3119/api/v1/system/health:0
[33018183ms] [ERROR] Failed to load resource: the server responded with a status of 501 (Not Implemented) @ http://localhost:3119/api/v1/admin/impersonate:0
[33018195ms] [ERROR] Failed to load resource: the server responded with a status of 501 (Not Implemented) @ http://localhost:3119/api/v1/admin/impersonate:0
[33036228ms] [ERROR] Failed to load resource: the server responded with a status of 503 (Service Unavailable) @ http://localhost:3119/api/v1/system/health:0
[33048210ms] [ERROR] Failed to load resource: the server responded with a status of 501 (Not Implemented) @ http://localhost:3119/api/v1/admin/impersonate:0
[33048221ms] [ERROR] Failed to load resource: the server responded with a status of 501 (Not Implemented) @ http://localhost:3119/api/v1/admin/impersonate:0
[33066249ms] [ERROR] Failed to load resource: the server responded with a status of 503 (Service Unavailable) @ http://localhost:3119/api/v1/system/health:0
[33078233ms] [ERROR] Failed to load resource: the server responded with a status of 501 (Not Implemented) @ http://localhost:3119/api/v1/admin/impersonate:0
[33078246ms] [ERROR] Failed to load resource: the server responded with a status of 501 (Not Implemented) @ http://localhost:3119/api/v1/admin/impersonate:0
[33096266ms] [ERROR] Failed to load resource: the server responded with a status of 503 (Service Unavailable) @ http://localhost:3119/api/v1/system/health:0
[33108259ms] [ERROR] Failed to load resource: the server responded with a status of 501 (Not Implemented) @ http://localhost:3119/api/v1/admin/impersonate:0
[33108268ms] [ERROR] Failed to load resource: the server responded with a status of 501 (Not Implemented) @ http://localhost:3119/api/v1/admin/impersonate:0
[33126290ms] [ERROR] Failed to load resource: the server responded with a status of 503 (Service Unavailable) @ http://localhost:3119/api/v1/system/health:0
[33138277ms] [ERROR] Failed to load resource: the server responded with a status of 501 (Not Implemented) @ http://localhost:3119/api/v1/admin/impersonate:0
[33138286ms] [ERROR] Failed to load resource: the server responded with a status of 501 (Not Implemented) @ http://localhost:3119/api/v1/admin/impersonate:0
[33156318ms] [ERROR] Failed to load resource: the server responded with a status of 503 (Service Unavailable) @ http://localhost:3119/api/v1/system/health:0
[33168333ms] [ERROR] Failed to load resource: the server responded with a status of 501 (Not Implemented) @ http://localhost:3119/api/v1/admin/impersonate:0
[33168368ms] [ERROR] Failed to load resource: the server responded with a status of 501 (Not Implemented) @ http://localhost:3119/api/v1/admin/impersonate:0
[33186356ms] [ERROR] Failed to load resource: the server responded with a status of 503 (Service Unavailable) @ http://localhost:3119/api/v1/system/health:0
[33198397ms] [ERROR] Failed to load resource: the server responded with a status of 501 (Not Implemented) @ http://localhost:3119/api/v1/admin/impersonate:0
[33198423ms] [ERROR] Failed to load resource: the server responded with a status of 501 (Not Implemented) @ http://localhost:3119/api/v1/admin/impersonate:0
[33216411ms] [ERROR] Failed to load resource: the server responded with a status of 503 (Service Unavailable) @ http://localhost:3119/api/v1/system/health:0
[33228463ms] [ERROR] Failed to load resource: the server responded with a status of 501 (Not Implemented) @ http://localhost:3119/api/v1/admin/impersonate:0
[33228566ms] [ERROR] Failed to load resource: the server responded with a status of 501 (Not Implemented) @ http://localhost:3119/api/v1/admin/impersonate:0
[33246538ms] [ERROR] Failed to load resource: the server responded with a status of 503 (Service Unavailable) @ http://localhost:3119/api/v1/system/health:0
[33258606ms] [ERROR] Failed to load resource: the server responded with a status of 501 (Not Implemented) @ http://localhost:3119/api/v1/admin/impersonate:0
[33258630ms] [ERROR] Failed to load resource: the server responded with a status of 501 (Not Implemented) @ http://localhost:3119/api/v1/admin/impersonate:0
[33276595ms] [ERROR] Failed to load resource: the server responded with a status of 503 (Service Unavailable) @ http://localhost:3119/api/v1/system/health:0
[33288652ms] [ERROR] Failed to load resource: the server responded with a status of 501 (Not Implemented) @ http://localhost:3119/api/v1/admin/impersonate:0
[33288662ms] [ERROR] Failed to load resource: the server responded with a status of 501 (Not Implemented) @ http://localhost:3119/api/v1/admin/impersonate:0
[33306855ms] [ERROR] Failed to load resource: the server responded with a status of 503 (Service Unavailable) @ http://localhost:3119/api/v1/system/health:0
[33318695ms] [ERROR] Failed to load resource: the server responded with a status of 501 (Not Implemented) @ http://localhost:3119/api/v1/admin/impersonate:0
[33318713ms] [ERROR] Failed to load resource: the server responded with a status of 501 (Not Implemented) @ http://localhost:3119/api/v1/admin/impersonate:0
[33336879ms] [ERROR] Failed to load resource: the server responded with a status of 503 (Service Unavailable) @ http://localhost:3119/api/v1/system/health:0
[33348724ms] [ERROR] Failed to load resource: the server responded with a status of 501 (Not Implemented) @ http://localhost:3119/api/v1/admin/impersonate:0
[33348734ms] [ERROR] Failed to load resource: the server responded with a status of 501 (Not Implemented) @ http://localhost:3119/api/v1/admin/impersonate:0
[33366903ms] [ERROR] Failed to load resource: the server responded with a status of 503 (Service Unavailable) @ http://localhost:3119/api/v1/system/health:0
[33379686ms] [ERROR] Failed to load resource: the server responded with a status of 501 (Not Implemented) @ http://localhost:3119/api/v1/admin/impersonate:0
[33379788ms] [ERROR] Failed to load resource: the server responded with a status of 501 (Not Implemented) @ http://localhost:3119/api/v1/admin/impersonate:0
[33397817ms] [ERROR] Failed to load resource: the server responded with a status of 503 (Service Unavailable) @ http://localhost:3119/api/v1/system/health:0
[33410031ms] [ERROR] Failed to load resource: the server responded with a status of 501 (Not Implemented) @ http://localhost:3119/api/v1/admin/impersonate:0
[33410159ms] [ERROR] Failed to load resource: the server responded with a status of 501 (Not Implemented) @ http://localhost:3119/api/v1/admin/impersonate:0
[33427855ms] [ERROR] Failed to load resource: the server responded with a status of 503 (Service Unavailable) @ http://localhost:3119/api/v1/system/health:0
[33440256ms] [ERROR] Failed to load resource: the server responded with a status of 501 (Not Implemented) @ http://localhost:3119/api/v1/admin/impersonate:0
[33440294ms] [ERROR] Failed to load resource: the server responded with a status of 501 (Not Implemented) @ http://localhost:3119/api/v1/admin/impersonate:0
[33458093ms] [ERROR] Failed to load resource: the server responded with a status of 503 (Service Unavailable) @ http://localhost:3119/api/v1/system/health:0
[33472283ms] [ERROR] Failed to load resource: the server responded with a status of 501 (Not Implemented) @ http://localhost:3119/api/v1/admin/impersonate:0
[33473319ms] [ERROR] Failed to load resource: the server responded with a status of 501 (Not Implemented) @ http://localhost:3119/api/v1/admin/impersonate:0
[33488340ms] [ERROR] Failed to load resource: the server responded with a status of 503 (Service Unavailable) @ http://localhost:3119/api/v1/system/health:0
[33503590ms] [ERROR] Failed to load resource: the server responded with a status of 501 (Not Implemented) @ http://localhost:3119/api/v1/admin/impersonate:0
[33503626ms] [ERROR] Failed to load resource: the server responded with a status of 501 (Not Implemented) @ http://localhost:3119/api/v1/admin/impersonate:0
[33519776ms] [ERROR] Failed to load resource: the server responded with a status of 503 (Service Unavailable) @ http://localhost:3119/api/v1/system/health:0
[33534905ms] [ERROR] Failed to load resource: the server responded with a status of 501 (Not Implemented) @ http://localhost:3119/api/v1/admin/impersonate:0
[33535051ms] [ERROR] Failed to load resource: the server responded with a status of 501 (Not Implemented) @ http://localhost:3119/api/v1/admin/impersonate:0
[33550625ms] [ERROR] Failed to load resource: the server responded with a status of 503 (Service Unavailable) @ http://localhost:3119/api/v1/system/health:0
[33565128ms] [ERROR] Failed to load resource: the server responded with a status of 501 (Not Implemented) @ http://localhost:3119/api/v1/admin/impersonate:0
[33565163ms] [ERROR] Failed to load resource: the server responded with a status of 501 (Not Implemented) @ http://localhost:3119/api/v1/admin/impersonate:0
[33581652ms] [ERROR] Failed to load resource: the server responded with a status of 503 (Service Unavailable) @ http://localhost:3119/api/v1/system/health:0
[33595174ms] [ERROR] Failed to load resource: the server responded with a status of 501 (Not Implemented) @ http://localhost:3119/api/v1/admin/impersonate:0
[33595184ms] [ERROR] Failed to load resource: the server responded with a status of 501 (Not Implemented) @ http://localhost:3119/api/v1/admin/impersonate:0
[33611706ms] [ERROR] Failed to load resource: the server responded with a status of 503 (Service Unavailable) @ http://localhost:3119/api/v1/system/health:0
[33625203ms] [ERROR] Failed to load resource: the server responded with a status of 501 (Not Implemented) @ http://localhost:3119/api/v1/admin/impersonate:0
[33625213ms] [ERROR] Failed to load resource: the server responded with a status of 501 (Not Implemented) @ http://localhost:3119/api/v1/admin/impersonate:0
[33641718ms] [ERROR] Failed to load resource: the server responded with a status of 503 (Service Unavailable) @ http://localhost:3119/api/v1/system/health:0
[33655224ms] [ERROR] Failed to load resource: the server responded with a status of 501 (Not Implemented) @ http://localhost:3119/api/v1/admin/impersonate:0
[33655234ms] [ERROR] Failed to load resource: the server responded with a status of 501 (Not Implemented) @ http://localhost:3119/api/v1/admin/impersonate:0
[33671743ms] [ERROR] Failed to load resource: the server responded with a status of 503 (Service Unavailable) @ http://localhost:3119/api/v1/system/health:0
[33685255ms] [ERROR] Failed to load resource: the server responded with a status of 501 (Not Implemented) @ http://localhost:3119/api/v1/admin/impersonate:0
[33685265ms] [ERROR] Failed to load resource: the server responded with a status of 501 (Not Implemented) @ http://localhost:3119/api/v1/admin/impersonate:0
[33701763ms] [ERROR] Failed to load resource: the server responded with a status of 503 (Service Unavailable) @ http://localhost:3119/api/v1/system/health:0
[33715289ms] [ERROR] Failed to load resource: the server responded with a status of 501 (Not Implemented) @ http://localhost:3119/api/v1/admin/impersonate:0
[33715299ms] [ERROR] Failed to load resource: the server responded with a status of 501 (Not Implemented) @ http://localhost:3119/api/v1/admin/impersonate:0
[33723921ms] [ERROR] Failed to load resource: net::ERR_INCOMPLETE_CHUNKED_ENCODING @ http://localhost:3119/api/v1/events:0
[33724678ms] [ERROR] Failed to load resource: net::ERR_CONNECTION_REFUSED @ http://localhost:3119/api/v1/data-repair/cases/stats:0
[33724682ms] [ERROR] Failed to load resource: net::ERR_CONNECTION_REFUSED @ http://localhost:3119/api/v1/data-repair/cases/stats:0
[33724686ms] [ERROR] Failed to load resource: net::ERR_CONNECTION_REFUSED @ http://localhost:3119/api/v1/system/version:0
[33724942ms] [ERROR] Failed to load resource: net::ERR_EMPTY_RESPONSE @ http://localhost:3119/api/v1/events:0
[33725947ms] [ERROR] Failed to load resource: net::ERR_EMPTY_RESPONSE @ http://localhost:3119/api/v1/data-repair/cases/stats:0
[33725954ms] [ERROR] Failed to load resource: net::ERR_EMPTY_RESPONSE @ http://localhost:3119/api/v1/system/version:0
[33731773ms] [ERROR] Failed to load resource: the server responded with a status of 503 (Service Unavailable) @ http://localhost:3119/api/v1/system/health:0
[33745316ms] [ERROR] Failed to load resource: the server responded with a status of 501 (Not Implemented) @ http://localhost:3119/api/v1/admin/impersonate:0
[33745326ms] [ERROR] Failed to load resource: the server responded with a status of 501 (Not Implemented) @ http://localhost:3119/api/v1/admin/impersonate:0
[33761797ms] [ERROR] Failed to load resource: the server responded with a status of 503 (Service Unavailable) @ http://localhost:3119/api/v1/system/health:0
[33775361ms] [ERROR] Failed to load resource: the server responded with a status of 501 (Not Implemented) @ http://localhost:3119/api/v1/admin/impersonate:0
[33775381ms] [ERROR] Failed to load resource: the server responded with a status of 501 (Not Implemented) @ http://localhost:3119/api/v1/admin/impersonate:0
[33791820ms] [ERROR] Failed to load resource: the server responded with a status of 503 (Service Unavailable) @ http://localhost:3119/api/v1/system/health:0
[33805459ms] [ERROR] Failed to load resource: the server responded with a status of 501 (Not Implemented) @ http://localhost:3119/api/v1/admin/impersonate:0
[33805524ms] [ERROR] Failed to load resource: the server responded with a status of 501 (Not Implemented) @ http://localhost:3119/api/v1/admin/impersonate:0
[33821839ms] [ERROR] Failed to load resource: the server responded with a status of 503 (Service Unavailable) @ http://localhost:3119/api/v1/system/health:0
[33835664ms] [ERROR] Failed to load resource: the server responded with a status of 501 (Not Implemented) @ http://localhost:3119/api/v1/admin/impersonate:0
[33835676ms] [ERROR] Failed to load resource: the server responded with a status of 501 (Not Implemented) @ http://localhost:3119/api/v1/admin/impersonate:0
[33851855ms] [ERROR] Failed to load resource: the server responded with a status of 503 (Service Unavailable) @ http://localhost:3119/api/v1/system/health:0
[33865949ms] [ERROR] Failed to load resource: the server responded with a status of 501 (Not Implemented) @ http://localhost:3119/api/v1/admin/impersonate:0
[33865969ms] [ERROR] Failed to load resource: the server responded with a status of 501 (Not Implemented) @ http://localhost:3119/api/v1/admin/impersonate:0
[33881886ms] [ERROR] Failed to load resource: the server responded with a status of 503 (Service Unavailable) @ http://localhost:3119/api/v1/system/health:0
[33896562ms] [ERROR] Failed to load resource: the server responded with a status of 501 (Not Implemented) @ http://localhost:3119/api/v1/admin/impersonate:0
[33898376ms] [ERROR] Failed to load resource: the server responded with a status of 501 (Not Implemented) @ http://localhost:3119/api/v1/admin/impersonate:0
[33911900ms] [ERROR] Failed to load resource: the server responded with a status of 503 (Service Unavailable) @ http://localhost:3119/api/v1/system/health:0
[33928639ms] [ERROR] Failed to load resource: the server responded with a status of 501 (Not Implemented) @ http://localhost:3119/api/v1/admin/impersonate:0
[33928714ms] [ERROR] Failed to load resource: the server responded with a status of 501 (Not Implemented) @ http://localhost:3119/api/v1/admin/impersonate:0
[33942162ms] [ERROR] Failed to load resource: the server responded with a status of 503 (Service Unavailable) @ http://localhost:3119/api/v1/system/health:0
[33958733ms] [ERROR] Failed to load resource: the server responded with a status of 501 (Not Implemented) @ http://localhost:3119/api/v1/admin/impersonate:0
[33958744ms] [ERROR] Failed to load resource: the server responded with a status of 501 (Not Implemented) @ http://localhost:3119/api/v1/admin/impersonate:0
[33972176ms] [ERROR] Failed to load resource: the server responded with a status of 503 (Service Unavailable) @ http://localhost:3119/api/v1/system/health:0
[33988781ms] [ERROR] Failed to load resource: the server responded with a status of 501 (Not Implemented) @ http://localhost:3119/api/v1/admin/impersonate:0
[33988835ms] [ERROR] Failed to load resource: the server responded with a status of 501 (Not Implemented) @ http://localhost:3119/api/v1/admin/impersonate:0
[34002214ms] [ERROR] Failed to load resource: the server responded with a status of 503 (Service Unavailable) @ http://localhost:3119/api/v1/system/health:0
[34018853ms] [ERROR] Failed to load resource: the server responded with a status of 501 (Not Implemented) @ http://localhost:3119/api/v1/admin/impersonate:0
[34018863ms] [ERROR] Failed to load resource: the server responded with a status of 501 (Not Implemented) @ http://localhost:3119/api/v1/admin/impersonate:0
[34032236ms] [ERROR] Failed to load resource: the server responded with a status of 503 (Service Unavailable) @ http://localhost:3119/api/v1/system/health:0
[34048880ms] [ERROR] Failed to load resource: the server responded with a status of 501 (Not Implemented) @ http://localhost:3119/api/v1/admin/impersonate:0
[34048890ms] [ERROR] Failed to load resource: the server responded with a status of 501 (Not Implemented) @ http://localhost:3119/api/v1/admin/impersonate:0
[34062253ms] [ERROR] Failed to load resource: the server responded with a status of 503 (Service Unavailable) @ http://localhost:3119/api/v1/system/health:0
[34078902ms] [ERROR] Failed to load resource: the server responded with a status of 501 (Not Implemented) @ http://localhost:3119/api/v1/admin/impersonate:0
[34078910ms] [ERROR] Failed to load resource: the server responded with a status of 501 (Not Implemented) @ http://localhost:3119/api/v1/admin/impersonate:0
[34092264ms] [ERROR] Failed to load resource: the server responded with a status of 503 (Service Unavailable) @ http://localhost:3119/api/v1/system/health:0
[34108937ms] [ERROR] Failed to load resource: the server responded with a status of 501 (Not Implemented) @ http://localhost:3119/api/v1/admin/impersonate:0
[34108952ms] [ERROR] Failed to load resource: the server responded with a status of 501 (Not Implemented) @ http://localhost:3119/api/v1/admin/impersonate:0
[34122282ms] [ERROR] Failed to load resource: the server responded with a status of 503 (Service Unavailable) @ http://localhost:3119/api/v1/system/health:0
[34138974ms] [ERROR] Failed to load resource: the server responded with a status of 501 (Not Implemented) @ http://localhost:3119/api/v1/admin/impersonate:0
[34138988ms] [ERROR] Failed to load resource: the server responded with a status of 501 (Not Implemented) @ http://localhost:3119/api/v1/admin/impersonate:0
[34152305ms] [ERROR] Failed to load resource: the server responded with a status of 503 (Service Unavailable) @ http://localhost:3119/api/v1/system/health:0
[34169012ms] [ERROR] Failed to load resource: the server responded with a status of 501 (Not Implemented) @ http://localhost:3119/api/v1/admin/impersonate:0
[34169026ms] [ERROR] Failed to load resource: the server responded with a status of 501 (Not Implemented) @ http://localhost:3119/api/v1/admin/impersonate:0
