[      52ms] [WARNING] Error with Permissions-Policy header: Unrecognized feature: 'join-ad-interest-group'. @ :0
[      52ms] [WARNING] Error with Permissions-Policy header: Unrecognized feature: 'run-ad-auction'. @ :0
[     455ms] [INFO] 🌐 i18next is made possible by our own product, Locize — consider powering your project with managed localization (AI, CDN, integrations): https://locize.com 💙 @ http://localhost:3119/assets/vendor-i18n-DQmZ8aYw.js:0
[     698ms] [ERROR] Failed to load resource: the server responded with a status of 501 (Not Implemented) @ http://localhost:3119/api/v1/admin/rbac/matrix:0
[     725ms] [ERROR] Failed to load resource: the server responded with a status of 503 (Service Unavailable) @ http://localhost:3119/api/v1/system/health:0
[     725ms] [ERROR] Failed to load resource: the server responded with a status of 501 (Not Implemented) @ http://localhost:3119/api/v1/admin/impersonate:0
[     725ms] [ERROR] Failed to load resource: the server responded with a status of 404 (Not Found) @ http://localhost:3119/api/v1/push/public-key:0
[     924ms] [ERROR] Failed to load resource: the server responded with a status of 501 (Not Implemented) @ http://localhost:3119/api/v1/admin/rbac/matrix:0
[     931ms] [ERROR] Failed to load resource: the server responded with a status of 501 (Not Implemented) @ http://localhost:3119/api/v1/admin/impersonate:0
[     931ms] [ERROR] Failed to load resource: the server responded with a status of 404 (Not Found) @ http://localhost:3119/api/v1/push/public-key:0
[     950ms] [INFO] Banner not shown: beforeinstallpromptevent.preventDefault() called. The page must call beforeinstallpromptevent.prompt() to show the banner. @ http://localhost:3119/drives/1/replay:0
[   30855ms] [ERROR] Failed to load resource: the server responded with a status of 503 (Service Unavailable) @ http://localhost:3119/api/v1/system/health:0
[   30963ms] [ERROR] Failed to load resource: the server responded with a status of 501 (Not Implemented) @ http://localhost:3119/api/v1/admin/impersonate:0
[   30972ms] [ERROR] Failed to load resource: the server responded with a status of 501 (Not Implemented) @ http://localhost:3119/api/v1/admin/impersonate:0
[   60878ms] [ERROR] Failed to load resource: the server responded with a status of 503 (Service Unavailable) @ http://localhost:3119/api/v1/system/health:0
[   60981ms] [ERROR] Failed to load resource: the server responded with a status of 501 (Not Implemented) @ http://localhost:3119/api/v1/admin/impersonate:0
[   60993ms] [ERROR] Failed to load resource: the server responded with a status of 501 (Not Implemented) @ http://localhost:3119/api/v1/admin/impersonate:0
[   90897ms] [ERROR] Failed to load resource: the server responded with a status of 503 (Service Unavailable) @ http://localhost:3119/api/v1/system/health:0
[   91009ms] [ERROR] Failed to load resource: the server responded with a status of 501 (Not Implemented) @ http://localhost:3119/api/v1/admin/impersonate:0
[   91020ms] [ERROR] Failed to load resource: the server responded with a status of 501 (Not Implemented) @ http://localhost:3119/api/v1/admin/impersonate:0
[  120912ms] [ERROR] Failed to load resource: the server responded with a status of 503 (Service Unavailable) @ http://localhost:3119/api/v1/system/health:0
[  121031ms] [ERROR] Failed to load resource: the server responded with a status of 501 (Not Implemented) @ http://localhost:3119/api/v1/admin/impersonate:0
[  121041ms] [ERROR] Failed to load resource: the server responded with a status of 501 (Not Implemented) @ http://localhost:3119/api/v1/admin/impersonate:0
[  150934ms] [ERROR] Failed to load resource: the server responded with a status of 503 (Service Unavailable) @ http://localhost:3119/api/v1/system/health:0
[  151055ms] [ERROR] Failed to load resource: the server responded with a status of 501 (Not Implemented) @ http://localhost:3119/api/v1/admin/impersonate:0
[  151065ms] [ERROR] Failed to load resource: the server responded with a status of 501 (Not Implemented) @ http://localhost:3119/api/v1/admin/impersonate:0
[  180950ms] [ERROR] Failed to load resource: the server responded with a status of 503 (Service Unavailable) @ http://localhost:3119/api/v1/system/health:0
[  181078ms] [ERROR] Failed to load resource: the server responded with a status of 501 (Not Implemented) @ http://localhost:3119/api/v1/admin/impersonate:0
[  181088ms] [ERROR] Failed to load resource: the server responded with a status of 501 (Not Implemented) @ http://localhost:3119/api/v1/admin/impersonate:0
[  210971ms] [ERROR] Failed to load resource: the server responded with a status of 503 (Service Unavailable) @ http://localhost:3119/api/v1/system/health:0
[  211100ms] [ERROR] Failed to load resource: the server responded with a status of 501 (Not Implemented) @ http://localhost:3119/api/v1/admin/impersonate:0
[  211109ms] [ERROR] Failed to load resource: the server responded with a status of 501 (Not Implemented) @ http://localhost:3119/api/v1/admin/impersonate:0
[  240987ms] [ERROR] Failed to load resource: the server responded with a status of 503 (Service Unavailable) @ http://localhost:3119/api/v1/system/health:0
[  241119ms] [ERROR] Failed to load resource: the server responded with a status of 501 (Not Implemented) @ http://localhost:3119/api/v1/admin/impersonate:0
[  241127ms] [ERROR] Failed to load resource: the server responded with a status of 501 (Not Implemented) @ http://localhost:3119/api/v1/admin/impersonate:0
[  271007ms] [ERROR] Failed to load resource: the server responded with a status of 503 (Service Unavailable) @ http://localhost:3119/api/v1/system/health:0
[  271136ms] [ERROR] Failed to load resource: the server responded with a status of 501 (Not Implemented) @ http://localhost:3119/api/v1/admin/impersonate:0
[  271145ms] [ERROR] Failed to load resource: the server responded with a status of 501 (Not Implemented) @ http://localhost:3119/api/v1/admin/impersonate:0
[  301028ms] [ERROR] Failed to load resource: the server responded with a status of 503 (Service Unavailable) @ http://localhost:3119/api/v1/system/health:0
[  301153ms] [ERROR] Failed to load resource: the server responded with a status of 501 (Not Implemented) @ http://localhost:3119/api/v1/admin/impersonate:0
[  301162ms] [ERROR] Failed to load resource: the server responded with a status of 501 (Not Implemented) @ http://localhost:3119/api/v1/admin/impersonate:0
[  331052ms] [ERROR] Failed to load resource: the server responded with a status of 503 (Service Unavailable) @ http://localhost:3119/api/v1/system/health:0
[  331171ms] [ERROR] Failed to load resource: the server responded with a status of 501 (Not Implemented) @ http://localhost:3119/api/v1/admin/impersonate:0
[  331180ms] [ERROR] Failed to load resource: the server responded with a status of 501 (Not Implemented) @ http://localhost:3119/api/v1/admin/impersonate:0
[  361066ms] [ERROR] Failed to load resource: the server responded with a status of 503 (Service Unavailable) @ http://localhost:3119/api/v1/system/health:0
[  361188ms] [ERROR] Failed to load resource: the server responded with a status of 501 (Not Implemented) @ http://localhost:3119/api/v1/admin/impersonate:0
[  361197ms] [ERROR] Failed to load resource: the server responded with a status of 501 (Not Implemented) @ http://localhost:3119/api/v1/admin/impersonate:0
[  391080ms] [ERROR] Failed to load resource: the server responded with a status of 503 (Service Unavailable) @ http://localhost:3119/api/v1/system/health:0
[  391206ms] [ERROR] Failed to load resource: the server responded with a status of 501 (Not Implemented) @ http://localhost:3119/api/v1/admin/impersonate:0
[  391214ms] [ERROR] Failed to load resource: the server responded with a status of 501 (Not Implemented) @ http://localhost:3119/api/v1/admin/impersonate:0
[  421098ms] [ERROR] Failed to load resource: the server responded with a status of 503 (Service Unavailable) @ http://localhost:3119/api/v1/system/health:0
[  421223ms] [ERROR] Failed to load resource: the server responded with a status of 501 (Not Implemented) @ http://localhost:3119/api/v1/admin/impersonate:0
[  421232ms] [ERROR] Failed to load resource: the server responded with a status of 501 (Not Implemented) @ http://localhost:3119/api/v1/admin/impersonate:0
[  451123ms] [ERROR] Failed to load resource: the server responded with a status of 503 (Service Unavailable) @ http://localhost:3119/api/v1/system/health:0
[  451241ms] [ERROR] Failed to load resource: the server responded with a status of 501 (Not Implemented) @ http://localhost:3119/api/v1/admin/impersonate:0
[  451249ms] [ERROR] Failed to load resource: the server responded with a status of 501 (Not Implemented) @ http://localhost:3119/api/v1/admin/impersonate:0
[  481151ms] [ERROR] Failed to load resource: the server responded with a status of 503 (Service Unavailable) @ http://localhost:3119/api/v1/system/health:0
[  481258ms] [ERROR] Failed to load resource: the server responded with a status of 501 (Not Implemented) @ http://localhost:3119/api/v1/admin/impersonate:0
[  481267ms] [ERROR] Failed to load resource: the server responded with a status of 501 (Not Implemented) @ http://localhost:3119/api/v1/admin/impersonate:0
[  511184ms] [ERROR] Failed to load resource: the server responded with a status of 503 (Service Unavailable) @ http://localhost:3119/api/v1/system/health:0
[  511277ms] [ERROR] Failed to load resource: the server responded with a status of 501 (Not Implemented) @ http://localhost:3119/api/v1/admin/impersonate:0
[  511291ms] [ERROR] Failed to load resource: the server responded with a status of 501 (Not Implemented) @ http://localhost:3119/api/v1/admin/impersonate:0
[  541200ms] [ERROR] Failed to load resource: the server responded with a status of 503 (Service Unavailable) @ http://localhost:3119/api/v1/system/health:0
[  541302ms] [ERROR] Failed to load resource: the server responded with a status of 501 (Not Implemented) @ http://localhost:3119/api/v1/admin/impersonate:0
[  541311ms] [ERROR] Failed to load resource: the server responded with a status of 501 (Not Implemented) @ http://localhost:3119/api/v1/admin/impersonate:0
[  571223ms] [ERROR] Failed to load resource: the server responded with a status of 503 (Service Unavailable) @ http://localhost:3119/api/v1/system/health:0
[  571320ms] [ERROR] Failed to load resource: the server responded with a status of 501 (Not Implemented) @ http://localhost:3119/api/v1/admin/impersonate:0
[  571331ms] [ERROR] Failed to load resource: the server responded with a status of 501 (Not Implemented) @ http://localhost:3119/api/v1/admin/impersonate:0
[  601267ms] [ERROR] Failed to load resource: the server responded with a status of 503 (Service Unavailable) @ http://localhost:3119/api/v1/system/health:0
[  601345ms] [ERROR] Failed to load resource: the server responded with a status of 501 (Not Implemented) @ http://localhost:3119/api/v1/admin/impersonate:0
[  601356ms] [ERROR] Failed to load resource: the server responded with a status of 501 (Not Implemented) @ http://localhost:3119/api/v1/admin/impersonate:0
[  631293ms] [ERROR] Failed to load resource: the server responded with a status of 503 (Service Unavailable) @ http://localhost:3119/api/v1/system/health:0
[  631371ms] [ERROR] Failed to load resource: the server responded with a status of 501 (Not Implemented) @ http://localhost:3119/api/v1/admin/impersonate:0
[  631381ms] [ERROR] Failed to load resource: the server responded with a status of 501 (Not Implemented) @ http://localhost:3119/api/v1/admin/impersonate:0
[  661325ms] [ERROR] Failed to load resource: the server responded with a status of 503 (Service Unavailable) @ http://localhost:3119/api/v1/system/health:0
[  661397ms] [ERROR] Failed to load resource: the server responded with a status of 501 (Not Implemented) @ http://localhost:3119/api/v1/admin/impersonate:0
[  661408ms] [ERROR] Failed to load resource: the server responded with a status of 501 (Not Implemented) @ http://localhost:3119/api/v1/admin/impersonate:0
[  691360ms] [ERROR] Failed to load resource: the server responded with a status of 503 (Service Unavailable) @ http://localhost:3119/api/v1/system/health:0
[  691426ms] [ERROR] Failed to load resource: the server responded with a status of 501 (Not Implemented) @ http://localhost:3119/api/v1/admin/impersonate:0
[  691437ms] [ERROR] Failed to load resource: the server responded with a status of 501 (Not Implemented) @ http://localhost:3119/api/v1/admin/impersonate:0
[  721392ms] [ERROR] Failed to load resource: the server responded with a status of 503 (Service Unavailable) @ http://localhost:3119/api/v1/system/health:0
[  721459ms] [ERROR] Failed to load resource: the server responded with a status of 501 (Not Implemented) @ http://localhost:3119/api/v1/admin/impersonate:0
[  721470ms] [ERROR] Failed to load resource: the server responded with a status of 501 (Not Implemented) @ http://localhost:3119/api/v1/admin/impersonate:0
[  751414ms] [ERROR] Failed to load resource: the server responded with a status of 503 (Service Unavailable) @ http://localhost:3119/api/v1/system/health:0
[  751484ms] [ERROR] Failed to load resource: the server responded with a status of 501 (Not Implemented) @ http://localhost:3119/api/v1/admin/impersonate:0
[  751495ms] [ERROR] Failed to load resource: the server responded with a status of 501 (Not Implemented) @ http://localhost:3119/api/v1/admin/impersonate:0
[  781435ms] [ERROR] Failed to load resource: the server responded with a status of 503 (Service Unavailable) @ http://localhost:3119/api/v1/system/health:0
[  781508ms] [ERROR] Failed to load resource: the server responded with a status of 501 (Not Implemented) @ http://localhost:3119/api/v1/admin/impersonate:0
[  781519ms] [ERROR] Failed to load resource: the server responded with a status of 501 (Not Implemented) @ http://localhost:3119/api/v1/admin/impersonate:0
[  811451ms] [ERROR] Failed to load resource: the server responded with a status of 503 (Service Unavailable) @ http://localhost:3119/api/v1/system/health:0
[  811532ms] [ERROR] Failed to load resource: the server responded with a status of 501 (Not Implemented) @ http://localhost:3119/api/v1/admin/impersonate:0
[  811540ms] [ERROR] Failed to load resource: the server responded with a status of 501 (Not Implemented) @ http://localhost:3119/api/v1/admin/impersonate:0
[  841465ms] [ERROR] Failed to load resource: the server responded with a status of 503 (Service Unavailable) @ http://localhost:3119/api/v1/system/health:0
[  841551ms] [ERROR] Failed to load resource: the server responded with a status of 501 (Not Implemented) @ http://localhost:3119/api/v1/admin/impersonate:0
[  841560ms] [ERROR] Failed to load resource: the server responded with a status of 501 (Not Implemented) @ http://localhost:3119/api/v1/admin/impersonate:0
[  871478ms] [ERROR] Failed to load resource: the server responded with a status of 503 (Service Unavailable) @ http://localhost:3119/api/v1/system/health:0
[  871573ms] [ERROR] Failed to load resource: the server responded with a status of 501 (Not Implemented) @ http://localhost:3119/api/v1/admin/impersonate:0
[  871583ms] [ERROR] Failed to load resource: the server responded with a status of 501 (Not Implemented) @ http://localhost:3119/api/v1/admin/impersonate:0
[  901489ms] [ERROR] Failed to load resource: the server responded with a status of 503 (Service Unavailable) @ http://localhost:3119/api/v1/system/health:0
[  901592ms] [ERROR] Failed to load resource: the server responded with a status of 501 (Not Implemented) @ http://localhost:3119/api/v1/admin/impersonate:0
[  901602ms] [ERROR] Failed to load resource: the server responded with a status of 501 (Not Implemented) @ http://localhost:3119/api/v1/admin/impersonate:0
[  931505ms] [ERROR] Failed to load resource: the server responded with a status of 503 (Service Unavailable) @ http://localhost:3119/api/v1/system/health:0
[  931614ms] [ERROR] Failed to load resource: the server responded with a status of 501 (Not Implemented) @ http://localhost:3119/api/v1/admin/impersonate:0
[  931624ms] [ERROR] Failed to load resource: the server responded with a status of 501 (Not Implemented) @ http://localhost:3119/api/v1/admin/impersonate:0
[  961522ms] [ERROR] Failed to load resource: the server responded with a status of 503 (Service Unavailable) @ http://localhost:3119/api/v1/system/health:0
[  961638ms] [ERROR] Failed to load resource: the server responded with a status of 501 (Not Implemented) @ http://localhost:3119/api/v1/admin/impersonate:0
[  961650ms] [ERROR] Failed to load resource: the server responded with a status of 501 (Not Implemented) @ http://localhost:3119/api/v1/admin/impersonate:0
[  991539ms] [ERROR] Failed to load resource: the server responded with a status of 503 (Service Unavailable) @ http://localhost:3119/api/v1/system/health:0
[  991673ms] [ERROR] Failed to load resource: the server responded with a status of 501 (Not Implemented) @ http://localhost:3119/api/v1/admin/impersonate:0
[  991686ms] [ERROR] Failed to load resource: the server responded with a status of 501 (Not Implemented) @ http://localhost:3119/api/v1/admin/impersonate:0
[ 1021549ms] [ERROR] Failed to load resource: the server responded with a status of 503 (Service Unavailable) @ http://localhost:3119/api/v1/system/health:0
[ 1021707ms] [ERROR] Failed to load resource: the server responded with a status of 501 (Not Implemented) @ http://localhost:3119/api/v1/admin/impersonate:0
[ 1021720ms] [ERROR] Failed to load resource: the server responded with a status of 501 (Not Implemented) @ http://localhost:3119/api/v1/admin/impersonate:0
[ 1051566ms] [ERROR] Failed to load resource: the server responded with a status of 503 (Service Unavailable) @ http://localhost:3119/api/v1/system/health:0
[ 1051741ms] [ERROR] Failed to load resource: the server responded with a status of 501 (Not Implemented) @ http://localhost:3119/api/v1/admin/impersonate:0
[ 1051757ms] [ERROR] Failed to load resource: the server responded with a status of 501 (Not Implemented) @ http://localhost:3119/api/v1/admin/impersonate:0
[ 1081583ms] [ERROR] Failed to load resource: the server responded with a status of 503 (Service Unavailable) @ http://localhost:3119/api/v1/system/health:0
[ 1081778ms] [ERROR] Failed to load resource: the server responded with a status of 501 (Not Implemented) @ http://localhost:3119/api/v1/admin/impersonate:0
[ 1081790ms] [ERROR] Failed to load resource: the server responded with a status of 501 (Not Implemented) @ http://localhost:3119/api/v1/admin/impersonate:0
[ 1111607ms] [ERROR] Failed to load resource: the server responded with a status of 503 (Service Unavailable) @ http://localhost:3119/api/v1/system/health:0
[ 1111814ms] [ERROR] Failed to load resource: the server responded with a status of 501 (Not Implemented) @ http://localhost:3119/api/v1/admin/impersonate:0
[ 1111824ms] [ERROR] Failed to load resource: the server responded with a status of 501 (Not Implemented) @ http://localhost:3119/api/v1/admin/impersonate:0
[ 1141618ms] [ERROR] Failed to load resource: the server responded with a status of 503 (Service Unavailable) @ http://localhost:3119/api/v1/system/health:0
[ 1141851ms] [ERROR] Failed to load resource: the server responded with a status of 501 (Not Implemented) @ http://localhost:3119/api/v1/admin/impersonate:0
[ 1141862ms] [ERROR] Failed to load resource: the server responded with a status of 501 (Not Implemented) @ http://localhost:3119/api/v1/admin/impersonate:0
[ 1171629ms] [ERROR] Failed to load resource: the server responded with a status of 503 (Service Unavailable) @ http://localhost:3119/api/v1/system/health:0
[ 1171889ms] [ERROR] Failed to load resource: the server responded with a status of 501 (Not Implemented) @ http://localhost:3119/api/v1/admin/impersonate:0
[ 1171899ms] [ERROR] Failed to load resource: the server responded with a status of 501 (Not Implemented) @ http://localhost:3119/api/v1/admin/impersonate:0
[ 1201643ms] [ERROR] Failed to load resource: the server responded with a status of 503 (Service Unavailable) @ http://localhost:3119/api/v1/system/health:0
[ 1201913ms] [ERROR] Failed to load resource: the server responded with a status of 501 (Not Implemented) @ http://localhost:3119/api/v1/admin/impersonate:0
[ 1201925ms] [ERROR] Failed to load resource: the server responded with a status of 501 (Not Implemented) @ http://localhost:3119/api/v1/admin/impersonate:0
[ 1231653ms] [ERROR] Failed to load resource: the server responded with a status of 503 (Service Unavailable) @ http://localhost:3119/api/v1/system/health:0
[ 1231950ms] [ERROR] Failed to load resource: the server responded with a status of 501 (Not Implemented) @ http://localhost:3119/api/v1/admin/impersonate:0
[ 1231964ms] [ERROR] Failed to load resource: the server responded with a status of 501 (Not Implemented) @ http://localhost:3119/api/v1/admin/impersonate:0
[ 1261664ms] [ERROR] Failed to load resource: the server responded with a status of 503 (Service Unavailable) @ http://localhost:3119/api/v1/system/health:0
[ 1261982ms] [ERROR] Failed to load resource: the server responded with a status of 501 (Not Implemented) @ http://localhost:3119/api/v1/admin/impersonate:0
[ 1261993ms] [ERROR] Failed to load resource: the server responded with a status of 501 (Not Implemented) @ http://localhost:3119/api/v1/admin/impersonate:0
[ 1291681ms] [ERROR] Failed to load resource: the server responded with a status of 503 (Service Unavailable) @ http://localhost:3119/api/v1/system/health:0
[ 1292011ms] [ERROR] Failed to load resource: the server responded with a status of 501 (Not Implemented) @ http://localhost:3119/api/v1/admin/impersonate:0
[ 1292024ms] [ERROR] Failed to load resource: the server responded with a status of 501 (Not Implemented) @ http://localhost:3119/api/v1/admin/impersonate:0
[ 1321698ms] [ERROR] Failed to load resource: the server responded with a status of 503 (Service Unavailable) @ http://localhost:3119/api/v1/system/health:0
[ 1322046ms] [ERROR] Failed to load resource: the server responded with a status of 501 (Not Implemented) @ http://localhost:3119/api/v1/admin/impersonate:0
[ 1322055ms] [ERROR] Failed to load resource: the server responded with a status of 501 (Not Implemented) @ http://localhost:3119/api/v1/admin/impersonate:0
[ 1351715ms] [ERROR] Failed to load resource: the server responded with a status of 503 (Service Unavailable) @ http://localhost:3119/api/v1/system/health:0
[ 1352069ms] [ERROR] Failed to load resource: the server responded with a status of 501 (Not Implemented) @ http://localhost:3119/api/v1/admin/impersonate:0
[ 1352079ms] [ERROR] Failed to load resource: the server responded with a status of 501 (Not Implemented) @ http://localhost:3119/api/v1/admin/impersonate:0
[ 1381732ms] [ERROR] Failed to load resource: the server responded with a status of 503 (Service Unavailable) @ http://localhost:3119/api/v1/system/health:0
[ 1382106ms] [ERROR] Failed to load resource: the server responded with a status of 501 (Not Implemented) @ http://localhost:3119/api/v1/admin/impersonate:0
[ 1382119ms] [ERROR] Failed to load resource: the server responded with a status of 501 (Not Implemented) @ http://localhost:3119/api/v1/admin/impersonate:0
[ 1411745ms] [ERROR] Failed to load resource: the server responded with a status of 503 (Service Unavailable) @ http://localhost:3119/api/v1/system/health:0
[ 1412144ms] [ERROR] Failed to load resource: the server responded with a status of 501 (Not Implemented) @ http://localhost:3119/api/v1/admin/impersonate:0
[ 1412155ms] [ERROR] Failed to load resource: the server responded with a status of 501 (Not Implemented) @ http://localhost:3119/api/v1/admin/impersonate:0
[ 1441760ms] [ERROR] Failed to load resource: the server responded with a status of 503 (Service Unavailable) @ http://localhost:3119/api/v1/system/health:0
[ 1442169ms] [ERROR] Failed to load resource: the server responded with a status of 501 (Not Implemented) @ http://localhost:3119/api/v1/admin/impersonate:0
[ 1442179ms] [ERROR] Failed to load resource: the server responded with a status of 501 (Not Implemented) @ http://localhost:3119/api/v1/admin/impersonate:0
[ 1471776ms] [ERROR] Failed to load resource: the server responded with a status of 503 (Service Unavailable) @ http://localhost:3119/api/v1/system/health:0
[ 1472196ms] [ERROR] Failed to load resource: the server responded with a status of 501 (Not Implemented) @ http://localhost:3119/api/v1/admin/impersonate:0
[ 1472204ms] [ERROR] Failed to load resource: the server responded with a status of 501 (Not Implemented) @ http://localhost:3119/api/v1/admin/impersonate:0
[ 1501793ms] [ERROR] Failed to load resource: the server responded with a status of 503 (Service Unavailable) @ http://localhost:3119/api/v1/system/health:0
[ 1502219ms] [ERROR] Failed to load resource: the server responded with a status of 501 (Not Implemented) @ http://localhost:3119/api/v1/admin/impersonate:0
[ 1502232ms] [ERROR] Failed to load resource: the server responded with a status of 501 (Not Implemented) @ http://localhost:3119/api/v1/admin/impersonate:0
[ 1531812ms] [ERROR] Failed to load resource: the server responded with a status of 503 (Service Unavailable) @ http://localhost:3119/api/v1/system/health:0
[ 1532250ms] [ERROR] Failed to load resource: the server responded with a status of 501 (Not Implemented) @ http://localhost:3119/api/v1/admin/impersonate:0
[ 1532263ms] [ERROR] Failed to load resource: the server responded with a status of 501 (Not Implemented) @ http://localhost:3119/api/v1/admin/impersonate:0
[ 1561831ms] [ERROR] Failed to load resource: the server responded with a status of 503 (Service Unavailable) @ http://localhost:3119/api/v1/system/health:0
[ 1562280ms] [ERROR] Failed to load resource: the server responded with a status of 501 (Not Implemented) @ http://localhost:3119/api/v1/admin/impersonate:0
[ 1562291ms] [ERROR] Failed to load resource: the server responded with a status of 501 (Not Implemented) @ http://localhost:3119/api/v1/admin/impersonate:0
[ 1591847ms] [ERROR] Failed to load resource: the server responded with a status of 503 (Service Unavailable) @ http://localhost:3119/api/v1/system/health:0
[ 1592302ms] [ERROR] Failed to load resource: the server responded with a status of 501 (Not Implemented) @ http://localhost:3119/api/v1/admin/impersonate:0
[ 1592313ms] [ERROR] Failed to load resource: the server responded with a status of 501 (Not Implemented) @ http://localhost:3119/api/v1/admin/impersonate:0
[ 1621863ms] [ERROR] Failed to load resource: the server responded with a status of 503 (Service Unavailable) @ http://localhost:3119/api/v1/system/health:0
[ 1622328ms] [ERROR] Failed to load resource: the server responded with a status of 501 (Not Implemented) @ http://localhost:3119/api/v1/admin/impersonate:0
[ 1622338ms] [ERROR] Failed to load resource: the server responded with a status of 501 (Not Implemented) @ http://localhost:3119/api/v1/admin/impersonate:0
[ 1651882ms] [ERROR] Failed to load resource: the server responded with a status of 503 (Service Unavailable) @ http://localhost:3119/api/v1/system/health:0
[ 1652359ms] [ERROR] Failed to load resource: the server responded with a status of 501 (Not Implemented) @ http://localhost:3119/api/v1/admin/impersonate:0
[ 1652372ms] [ERROR] Failed to load resource: the server responded with a status of 501 (Not Implemented) @ http://localhost:3119/api/v1/admin/impersonate:0
[ 1681897ms] [ERROR] Failed to load resource: the server responded with a status of 503 (Service Unavailable) @ http://localhost:3119/api/v1/system/health:0
[ 1682384ms] [ERROR] Failed to load resource: the server responded with a status of 501 (Not Implemented) @ http://localhost:3119/api/v1/admin/impersonate:0
[ 1682395ms] [ERROR] Failed to load resource: the server responded with a status of 501 (Not Implemented) @ http://localhost:3119/api/v1/admin/impersonate:0
[ 1711907ms] [ERROR] Failed to load resource: the server responded with a status of 503 (Service Unavailable) @ http://localhost:3119/api/v1/system/health:0
[ 1712406ms] [ERROR] Failed to load resource: the server responded with a status of 501 (Not Implemented) @ http://localhost:3119/api/v1/admin/impersonate:0
[ 1712417ms] [ERROR] Failed to load resource: the server responded with a status of 501 (Not Implemented) @ http://localhost:3119/api/v1/admin/impersonate:0
[ 1741922ms] [ERROR] Failed to load resource: the server responded with a status of 503 (Service Unavailable) @ http://localhost:3119/api/v1/system/health:0
[ 1742433ms] [ERROR] Failed to load resource: the server responded with a status of 501 (Not Implemented) @ http://localhost:3119/api/v1/admin/impersonate:0
[ 1742441ms] [ERROR] Failed to load resource: the server responded with a status of 501 (Not Implemented) @ http://localhost:3119/api/v1/admin/impersonate:0
[ 1771939ms] [ERROR] Failed to load resource: the server responded with a status of 503 (Service Unavailable) @ http://localhost:3119/api/v1/system/health:0
[ 1772457ms] [ERROR] Failed to load resource: the server responded with a status of 501 (Not Implemented) @ http://localhost:3119/api/v1/admin/impersonate:0
[ 1772470ms] [ERROR] Failed to load resource: the server responded with a status of 501 (Not Implemented) @ http://localhost:3119/api/v1/admin/impersonate:0
[ 1801953ms] [ERROR] Failed to load resource: the server responded with a status of 503 (Service Unavailable) @ http://localhost:3119/api/v1/system/health:0
[ 1802495ms] [ERROR] Failed to load resource: the server responded with a status of 501 (Not Implemented) @ http://localhost:3119/api/v1/admin/impersonate:0
[ 1802507ms] [ERROR] Failed to load resource: the server responded with a status of 501 (Not Implemented) @ http://localhost:3119/api/v1/admin/impersonate:0
[ 1831969ms] [ERROR] Failed to load resource: the server responded with a status of 503 (Service Unavailable) @ http://localhost:3119/api/v1/system/health:0
[ 1832530ms] [ERROR] Failed to load resource: the server responded with a status of 501 (Not Implemented) @ http://localhost:3119/api/v1/admin/impersonate:0
[ 1832541ms] [ERROR] Failed to load resource: the server responded with a status of 501 (Not Implemented) @ http://localhost:3119/api/v1/admin/impersonate:0
[ 1861986ms] [ERROR] Failed to load resource: the server responded with a status of 503 (Service Unavailable) @ http://localhost:3119/api/v1/system/health:0
[ 1862569ms] [ERROR] Failed to load resource: the server responded with a status of 501 (Not Implemented) @ http://localhost:3119/api/v1/admin/impersonate:0
[ 1862579ms] [ERROR] Failed to load resource: the server responded with a status of 501 (Not Implemented) @ http://localhost:3119/api/v1/admin/impersonate:0
[ 1891999ms] [ERROR] Failed to load resource: the server responded with a status of 503 (Service Unavailable) @ http://localhost:3119/api/v1/system/health:0
[ 1892592ms] [ERROR] Failed to load resource: the server responded with a status of 501 (Not Implemented) @ http://localhost:3119/api/v1/admin/impersonate:0
[ 1892602ms] [ERROR] Failed to load resource: the server responded with a status of 501 (Not Implemented) @ http://localhost:3119/api/v1/admin/impersonate:0
[ 1922015ms] [ERROR] Failed to load resource: the server responded with a status of 503 (Service Unavailable) @ http://localhost:3119/api/v1/system/health:0
[ 1922610ms] [ERROR] Failed to load resource: the server responded with a status of 501 (Not Implemented) @ http://localhost:3119/api/v1/admin/impersonate:0
[ 1922620ms] [ERROR] Failed to load resource: the server responded with a status of 501 (Not Implemented) @ http://localhost:3119/api/v1/admin/impersonate:0
[ 1952032ms] [ERROR] Failed to load resource: the server responded with a status of 503 (Service Unavailable) @ http://localhost:3119/api/v1/system/health:0
[ 1952640ms] [ERROR] Failed to load resource: the server responded with a status of 501 (Not Implemented) @ http://localhost:3119/api/v1/admin/impersonate:0
[ 1952649ms] [ERROR] Failed to load resource: the server responded with a status of 501 (Not Implemented) @ http://localhost:3119/api/v1/admin/impersonate:0
[ 1982048ms] [ERROR] Failed to load resource: the server responded with a status of 503 (Service Unavailable) @ http://localhost:3119/api/v1/system/health:0
[ 1982669ms] [ERROR] Failed to load resource: the server responded with a status of 501 (Not Implemented) @ http://localhost:3119/api/v1/admin/impersonate:0
[ 1982680ms] [ERROR] Failed to load resource: the server responded with a status of 501 (Not Implemented) @ http://localhost:3119/api/v1/admin/impersonate:0
[ 2012065ms] [ERROR] Failed to load resource: the server responded with a status of 503 (Service Unavailable) @ http://localhost:3119/api/v1/system/health:0
[ 2012698ms] [ERROR] Failed to load resource: the server responded with a status of 501 (Not Implemented) @ http://localhost:3119/api/v1/admin/impersonate:0
[ 2012709ms] [ERROR] Failed to load resource: the server responded with a status of 501 (Not Implemented) @ http://localhost:3119/api/v1/admin/impersonate:0
[ 2042080ms] [ERROR] Failed to load resource: the server responded with a status of 503 (Service Unavailable) @ http://localhost:3119/api/v1/system/health:0
[ 2042724ms] [ERROR] Failed to load resource: the server responded with a status of 501 (Not Implemented) @ http://localhost:3119/api/v1/admin/impersonate:0
[ 2042734ms] [ERROR] Failed to load resource: the server responded with a status of 501 (Not Implemented) @ http://localhost:3119/api/v1/admin/impersonate:0
[ 2072091ms] [ERROR] Failed to load resource: the server responded with a status of 503 (Service Unavailable) @ http://localhost:3119/api/v1/system/health:0
[ 2072744ms] [ERROR] Failed to load resource: the server responded with a status of 501 (Not Implemented) @ http://localhost:3119/api/v1/admin/impersonate:0
[ 2072754ms] [ERROR] Failed to load resource: the server responded with a status of 501 (Not Implemented) @ http://localhost:3119/api/v1/admin/impersonate:0
[ 2102102ms] [ERROR] Failed to load resource: the server responded with a status of 503 (Service Unavailable) @ http://localhost:3119/api/v1/system/health:0
[ 2102776ms] [ERROR] Failed to load resource: the server responded with a status of 501 (Not Implemented) @ http://localhost:3119/api/v1/admin/impersonate:0
[ 2102785ms] [ERROR] Failed to load resource: the server responded with a status of 501 (Not Implemented) @ http://localhost:3119/api/v1/admin/impersonate:0
[ 2132118ms] [ERROR] Failed to load resource: the server responded with a status of 503 (Service Unavailable) @ http://localhost:3119/api/v1/system/health:0
[ 2132802ms] [ERROR] Failed to load resource: the server responded with a status of 501 (Not Implemented) @ http://localhost:3119/api/v1/admin/impersonate:0
[ 2132810ms] [ERROR] Failed to load resource: the server responded with a status of 501 (Not Implemented) @ http://localhost:3119/api/v1/admin/impersonate:0
[ 2162135ms] [ERROR] Failed to load resource: the server responded with a status of 503 (Service Unavailable) @ http://localhost:3119/api/v1/system/health:0
[ 2162829ms] [ERROR] Failed to load resource: the server responded with a status of 501 (Not Implemented) @ http://localhost:3119/api/v1/admin/impersonate:0
[ 2162839ms] [ERROR] Failed to load resource: the server responded with a status of 501 (Not Implemented) @ http://localhost:3119/api/v1/admin/impersonate:0
[ 2192144ms] [ERROR] Failed to load resource: the server responded with a status of 503 (Service Unavailable) @ http://localhost:3119/api/v1/system/health:0
[ 2192849ms] [ERROR] Failed to load resource: the server responded with a status of 501 (Not Implemented) @ http://localhost:3119/api/v1/admin/impersonate:0
[ 2192858ms] [ERROR] Failed to load resource: the server responded with a status of 501 (Not Implemented) @ http://localhost:3119/api/v1/admin/impersonate:0
[ 2222161ms] [ERROR] Failed to load resource: the server responded with a status of 503 (Service Unavailable) @ http://localhost:3119/api/v1/system/health:0
[ 2222878ms] [ERROR] Failed to load resource: the server responded with a status of 501 (Not Implemented) @ http://localhost:3119/api/v1/admin/impersonate:0
[ 2222889ms] [ERROR] Failed to load resource: the server responded with a status of 501 (Not Implemented) @ http://localhost:3119/api/v1/admin/impersonate:0
[ 2252170ms] [ERROR] Failed to load resource: the server responded with a status of 503 (Service Unavailable) @ http://localhost:3119/api/v1/system/health:0
[ 2252907ms] [ERROR] Failed to load resource: the server responded with a status of 501 (Not Implemented) @ http://localhost:3119/api/v1/admin/impersonate:0
[ 2252917ms] [ERROR] Failed to load resource: the server responded with a status of 501 (Not Implemented) @ http://localhost:3119/api/v1/admin/impersonate:0
[ 2282181ms] [ERROR] Failed to load resource: the server responded with a status of 503 (Service Unavailable) @ http://localhost:3119/api/v1/system/health:0
[ 2282931ms] [ERROR] Failed to load resource: the server responded with a status of 501 (Not Implemented) @ http://localhost:3119/api/v1/admin/impersonate:0
[ 2282940ms] [ERROR] Failed to load resource: the server responded with a status of 501 (Not Implemented) @ http://localhost:3119/api/v1/admin/impersonate:0
[ 2312194ms] [ERROR] Failed to load resource: the server responded with a status of 503 (Service Unavailable) @ http://localhost:3119/api/v1/system/health:0
[ 2312965ms] [ERROR] Failed to load resource: the server responded with a status of 501 (Not Implemented) @ http://localhost:3119/api/v1/admin/impersonate:0
[ 2312978ms] [ERROR] Failed to load resource: the server responded with a status of 501 (Not Implemented) @ http://localhost:3119/api/v1/admin/impersonate:0
[ 2342207ms] [ERROR] Failed to load resource: the server responded with a status of 503 (Service Unavailable) @ http://localhost:3119/api/v1/system/health:0
[ 2342996ms] [ERROR] Failed to load resource: the server responded with a status of 501 (Not Implemented) @ http://localhost:3119/api/v1/admin/impersonate:0
[ 2343007ms] [ERROR] Failed to load resource: the server responded with a status of 501 (Not Implemented) @ http://localhost:3119/api/v1/admin/impersonate:0
[ 2372217ms] [ERROR] Failed to load resource: the server responded with a status of 503 (Service Unavailable) @ http://localhost:3119/api/v1/system/health:0
[ 2373022ms] [ERROR] Failed to load resource: the server responded with a status of 501 (Not Implemented) @ http://localhost:3119/api/v1/admin/impersonate:0
[ 2373031ms] [ERROR] Failed to load resource: the server responded with a status of 501 (Not Implemented) @ http://localhost:3119/api/v1/admin/impersonate:0
[ 2402228ms] [ERROR] Failed to load resource: the server responded with a status of 503 (Service Unavailable) @ http://localhost:3119/api/v1/system/health:0
[ 2403041ms] [ERROR] Failed to load resource: the server responded with a status of 501 (Not Implemented) @ http://localhost:3119/api/v1/admin/impersonate:0
[ 2403049ms] [ERROR] Failed to load resource: the server responded with a status of 501 (Not Implemented) @ http://localhost:3119/api/v1/admin/impersonate:0
[ 2432240ms] [ERROR] Failed to load resource: the server responded with a status of 503 (Service Unavailable) @ http://localhost:3119/api/v1/system/health:0
[ 2433065ms] [ERROR] Failed to load resource: the server responded with a status of 501 (Not Implemented) @ http://localhost:3119/api/v1/admin/impersonate:0
[ 2433076ms] [ERROR] Failed to load resource: the server responded with a status of 501 (Not Implemented) @ http://localhost:3119/api/v1/admin/impersonate:0
[ 2462250ms] [ERROR] Failed to load resource: the server responded with a status of 503 (Service Unavailable) @ http://localhost:3119/api/v1/system/health:0
[ 2463093ms] [ERROR] Failed to load resource: the server responded with a status of 501 (Not Implemented) @ http://localhost:3119/api/v1/admin/impersonate:0
[ 2463102ms] [ERROR] Failed to load resource: the server responded with a status of 501 (Not Implemented) @ http://localhost:3119/api/v1/admin/impersonate:0
[ 2492258ms] [ERROR] Failed to load resource: the server responded with a status of 503 (Service Unavailable) @ http://localhost:3119/api/v1/system/health:0
[ 2493118ms] [ERROR] Failed to load resource: the server responded with a status of 501 (Not Implemented) @ http://localhost:3119/api/v1/admin/impersonate:0
[ 2493127ms] [ERROR] Failed to load resource: the server responded with a status of 501 (Not Implemented) @ http://localhost:3119/api/v1/admin/impersonate:0
[ 2522268ms] [ERROR] Failed to load resource: the server responded with a status of 503 (Service Unavailable) @ http://localhost:3119/api/v1/system/health:0
[ 2523147ms] [ERROR] Failed to load resource: the server responded with a status of 501 (Not Implemented) @ http://localhost:3119/api/v1/admin/impersonate:0
[ 2523155ms] [ERROR] Failed to load resource: the server responded with a status of 501 (Not Implemented) @ http://localhost:3119/api/v1/admin/impersonate:0
[ 2552277ms] [ERROR] Failed to load resource: the server responded with a status of 503 (Service Unavailable) @ http://localhost:3119/api/v1/system/health:0
[ 2553172ms] [ERROR] Failed to load resource: the server responded with a status of 501 (Not Implemented) @ http://localhost:3119/api/v1/admin/impersonate:0
[ 2553181ms] [ERROR] Failed to load resource: the server responded with a status of 501 (Not Implemented) @ http://localhost:3119/api/v1/admin/impersonate:0
[ 2582287ms] [ERROR] Failed to load resource: the server responded with a status of 503 (Service Unavailable) @ http://localhost:3119/api/v1/system/health:0
[ 2583194ms] [ERROR] Failed to load resource: the server responded with a status of 501 (Not Implemented) @ http://localhost:3119/api/v1/admin/impersonate:0
[ 2583203ms] [ERROR] Failed to load resource: the server responded with a status of 501 (Not Implemented) @ http://localhost:3119/api/v1/admin/impersonate:0
[ 2612305ms] [ERROR] Failed to load resource: the server responded with a status of 503 (Service Unavailable) @ http://localhost:3119/api/v1/system/health:0
[ 2613220ms] [ERROR] Failed to load resource: the server responded with a status of 501 (Not Implemented) @ http://localhost:3119/api/v1/admin/impersonate:0
[ 2613230ms] [ERROR] Failed to load resource: the server responded with a status of 501 (Not Implemented) @ http://localhost:3119/api/v1/admin/impersonate:0
[ 2642321ms] [ERROR] Failed to load resource: the server responded with a status of 503 (Service Unavailable) @ http://localhost:3119/api/v1/system/health:0
[ 2643245ms] [ERROR] Failed to load resource: the server responded with a status of 501 (Not Implemented) @ http://localhost:3119/api/v1/admin/impersonate:0
[ 2643256ms] [ERROR] Failed to load resource: the server responded with a status of 501 (Not Implemented) @ http://localhost:3119/api/v1/admin/impersonate:0
[ 2672332ms] [ERROR] Failed to load resource: the server responded with a status of 503 (Service Unavailable) @ http://localhost:3119/api/v1/system/health:0
[ 2673327ms] [ERROR] Failed to load resource: the server responded with a status of 501 (Not Implemented) @ http://localhost:3119/api/v1/admin/impersonate:0
[ 2673346ms] [ERROR] Failed to load resource: the server responded with a status of 501 (Not Implemented) @ http://localhost:3119/api/v1/admin/impersonate:0
[ 2702345ms] [ERROR] Failed to load resource: the server responded with a status of 503 (Service Unavailable) @ http://localhost:3119/api/v1/system/health:0
[ 2703356ms] [ERROR] Failed to load resource: the server responded with a status of 501 (Not Implemented) @ http://localhost:3119/api/v1/admin/impersonate:0
[ 2703366ms] [ERROR] Failed to load resource: the server responded with a status of 501 (Not Implemented) @ http://localhost:3119/api/v1/admin/impersonate:0
[ 2732358ms] [ERROR] Failed to load resource: the server responded with a status of 503 (Service Unavailable) @ http://localhost:3119/api/v1/system/health:0
[ 2733377ms] [ERROR] Failed to load resource: the server responded with a status of 501 (Not Implemented) @ http://localhost:3119/api/v1/admin/impersonate:0
[ 2733387ms] [ERROR] Failed to load resource: the server responded with a status of 501 (Not Implemented) @ http://localhost:3119/api/v1/admin/impersonate:0
[ 2762370ms] [ERROR] Failed to load resource: the server responded with a status of 503 (Service Unavailable) @ http://localhost:3119/api/v1/system/health:0
[ 2763399ms] [ERROR] Failed to load resource: the server responded with a status of 501 (Not Implemented) @ http://localhost:3119/api/v1/admin/impersonate:0
[ 2763407ms] [ERROR] Failed to load resource: the server responded with a status of 501 (Not Implemented) @ http://localhost:3119/api/v1/admin/impersonate:0
[ 2792384ms] [ERROR] Failed to load resource: the server responded with a status of 503 (Service Unavailable) @ http://localhost:3119/api/v1/system/health:0
[ 2793416ms] [ERROR] Failed to load resource: the server responded with a status of 501 (Not Implemented) @ http://localhost:3119/api/v1/admin/impersonate:0
[ 2793425ms] [ERROR] Failed to load resource: the server responded with a status of 501 (Not Implemented) @ http://localhost:3119/api/v1/admin/impersonate:0
[ 2822401ms] [ERROR] Failed to load resource: the server responded with a status of 503 (Service Unavailable) @ http://localhost:3119/api/v1/system/health:0
[ 2823439ms] [ERROR] Failed to load resource: the server responded with a status of 501 (Not Implemented) @ http://localhost:3119/api/v1/admin/impersonate:0
[ 2823448ms] [ERROR] Failed to load resource: the server responded with a status of 501 (Not Implemented) @ http://localhost:3119/api/v1/admin/impersonate:0
[ 2852420ms] [ERROR] Failed to load resource: the server responded with a status of 503 (Service Unavailable) @ http://localhost:3119/api/v1/system/health:0
[ 2853463ms] [ERROR] Failed to load resource: the server responded with a status of 501 (Not Implemented) @ http://localhost:3119/api/v1/admin/impersonate:0
[ 2853472ms] [ERROR] Failed to load resource: the server responded with a status of 501 (Not Implemented) @ http://localhost:3119/api/v1/admin/impersonate:0
[ 2882433ms] [ERROR] Failed to load resource: the server responded with a status of 503 (Service Unavailable) @ http://localhost:3119/api/v1/system/health:0
[ 2883492ms] [ERROR] Failed to load resource: the server responded with a status of 501 (Not Implemented) @ http://localhost:3119/api/v1/admin/impersonate:0
[ 2883501ms] [ERROR] Failed to load resource: the server responded with a status of 501 (Not Implemented) @ http://localhost:3119/api/v1/admin/impersonate:0
[ 2912446ms] [ERROR] Failed to load resource: the server responded with a status of 503 (Service Unavailable) @ http://localhost:3119/api/v1/system/health:0
[ 2913515ms] [ERROR] Failed to load resource: the server responded with a status of 501 (Not Implemented) @ http://localhost:3119/api/v1/admin/impersonate:0
[ 2913524ms] [ERROR] Failed to load resource: the server responded with a status of 501 (Not Implemented) @ http://localhost:3119/api/v1/admin/impersonate:0
[ 2942455ms] [ERROR] Failed to load resource: the server responded with a status of 503 (Service Unavailable) @ http://localhost:3119/api/v1/system/health:0
[ 2943543ms] [ERROR] Failed to load resource: the server responded with a status of 501 (Not Implemented) @ http://localhost:3119/api/v1/admin/impersonate:0
[ 2943553ms] [ERROR] Failed to load resource: the server responded with a status of 501 (Not Implemented) @ http://localhost:3119/api/v1/admin/impersonate:0
[ 2972472ms] [ERROR] Failed to load resource: the server responded with a status of 503 (Service Unavailable) @ http://localhost:3119/api/v1/system/health:0
[ 2973570ms] [ERROR] Failed to load resource: the server responded with a status of 501 (Not Implemented) @ http://localhost:3119/api/v1/admin/impersonate:0
[ 2973579ms] [ERROR] Failed to load resource: the server responded with a status of 501 (Not Implemented) @ http://localhost:3119/api/v1/admin/impersonate:0
[ 3002488ms] [ERROR] Failed to load resource: the server responded with a status of 503 (Service Unavailable) @ http://localhost:3119/api/v1/system/health:0
[ 3003596ms] [ERROR] Failed to load resource: the server responded with a status of 501 (Not Implemented) @ http://localhost:3119/api/v1/admin/impersonate:0
[ 3003606ms] [ERROR] Failed to load resource: the server responded with a status of 501 (Not Implemented) @ http://localhost:3119/api/v1/admin/impersonate:0
[ 3032508ms] [ERROR] Failed to load resource: the server responded with a status of 503 (Service Unavailable) @ http://localhost:3119/api/v1/system/health:0
[ 3033698ms] [ERROR] Failed to load resource: the server responded with a status of 501 (Not Implemented) @ http://localhost:3119/api/v1/admin/impersonate:0
[ 3033771ms] [ERROR] Failed to load resource: the server responded with a status of 501 (Not Implemented) @ http://localhost:3119/api/v1/admin/impersonate:0
[ 3062532ms] [ERROR] Failed to load resource: the server responded with a status of 503 (Service Unavailable) @ http://localhost:3119/api/v1/system/health:0
[ 3063783ms] [ERROR] Failed to load resource: the server responded with a status of 501 (Not Implemented) @ http://localhost:3119/api/v1/admin/impersonate:0
[ 3063793ms] [ERROR] Failed to load resource: the server responded with a status of 501 (Not Implemented) @ http://localhost:3119/api/v1/admin/impersonate:0
[ 3092550ms] [ERROR] Failed to load resource: the server responded with a status of 503 (Service Unavailable) @ http://localhost:3119/api/v1/system/health:0
[ 3093810ms] [ERROR] Failed to load resource: the server responded with a status of 501 (Not Implemented) @ http://localhost:3119/api/v1/admin/impersonate:0
[ 3093821ms] [ERROR] Failed to load resource: the server responded with a status of 501 (Not Implemented) @ http://localhost:3119/api/v1/admin/impersonate:0
[ 3122572ms] [ERROR] Failed to load resource: the server responded with a status of 503 (Service Unavailable) @ http://localhost:3119/api/v1/system/health:0
[ 3123834ms] [ERROR] Failed to load resource: the server responded with a status of 501 (Not Implemented) @ http://localhost:3119/api/v1/admin/impersonate:0
[ 3123845ms] [ERROR] Failed to load resource: the server responded with a status of 501 (Not Implemented) @ http://localhost:3119/api/v1/admin/impersonate:0
[ 3152586ms] [ERROR] Failed to load resource: the server responded with a status of 503 (Service Unavailable) @ http://localhost:3119/api/v1/system/health:0
[ 3153859ms] [ERROR] Failed to load resource: the server responded with a status of 501 (Not Implemented) @ http://localhost:3119/api/v1/admin/impersonate:0
[ 3153871ms] [ERROR] Failed to load resource: the server responded with a status of 501 (Not Implemented) @ http://localhost:3119/api/v1/admin/impersonate:0
[ 3182610ms] [ERROR] Failed to load resource: the server responded with a status of 503 (Service Unavailable) @ http://localhost:3119/api/v1/system/health:0
[ 3183945ms] [ERROR] Failed to load resource: the server responded with a status of 501 (Not Implemented) @ http://localhost:3119/api/v1/admin/impersonate:0
[ 3183969ms] [ERROR] Failed to load resource: the server responded with a status of 501 (Not Implemented) @ http://localhost:3119/api/v1/admin/impersonate:0
[ 3212628ms] [ERROR] Failed to load resource: the server responded with a status of 503 (Service Unavailable) @ http://localhost:3119/api/v1/system/health:0
[ 3213986ms] [ERROR] Failed to load resource: the server responded with a status of 501 (Not Implemented) @ http://localhost:3119/api/v1/admin/impersonate:0
[ 3213997ms] [ERROR] Failed to load resource: the server responded with a status of 501 (Not Implemented) @ http://localhost:3119/api/v1/admin/impersonate:0
[ 3242639ms] [ERROR] Failed to load resource: the server responded with a status of 503 (Service Unavailable) @ http://localhost:3119/api/v1/system/health:0
[ 3244006ms] [ERROR] Failed to load resource: the server responded with a status of 501 (Not Implemented) @ http://localhost:3119/api/v1/admin/impersonate:0
[ 3244015ms] [ERROR] Failed to load resource: the server responded with a status of 501 (Not Implemented) @ http://localhost:3119/api/v1/admin/impersonate:0
[ 3272656ms] [ERROR] Failed to load resource: the server responded with a status of 503 (Service Unavailable) @ http://localhost:3119/api/v1/system/health:0
[ 3274036ms] [ERROR] Failed to load resource: the server responded with a status of 501 (Not Implemented) @ http://localhost:3119/api/v1/admin/impersonate:0
[ 3274046ms] [ERROR] Failed to load resource: the server responded with a status of 501 (Not Implemented) @ http://localhost:3119/api/v1/admin/impersonate:0
[ 3302668ms] [ERROR] Failed to load resource: the server responded with a status of 503 (Service Unavailable) @ http://localhost:3119/api/v1/system/health:0
[ 3304066ms] [ERROR] Failed to load resource: the server responded with a status of 501 (Not Implemented) @ http://localhost:3119/api/v1/admin/impersonate:0
[ 3304076ms] [ERROR] Failed to load resource: the server responded with a status of 501 (Not Implemented) @ http://localhost:3119/api/v1/admin/impersonate:0
[ 3332678ms] [ERROR] Failed to load resource: the server responded with a status of 503 (Service Unavailable) @ http://localhost:3119/api/v1/system/health:0
[ 3334092ms] [ERROR] Failed to load resource: the server responded with a status of 501 (Not Implemented) @ http://localhost:3119/api/v1/admin/impersonate:0
[ 3334101ms] [ERROR] Failed to load resource: the server responded with a status of 501 (Not Implemented) @ http://localhost:3119/api/v1/admin/impersonate:0
[ 3362691ms] [ERROR] Failed to load resource: the server responded with a status of 503 (Service Unavailable) @ http://localhost:3119/api/v1/system/health:0
[ 3364112ms] [ERROR] Failed to load resource: the server responded with a status of 501 (Not Implemented) @ http://localhost:3119/api/v1/admin/impersonate:0
[ 3364122ms] [ERROR] Failed to load resource: the server responded with a status of 501 (Not Implemented) @ http://localhost:3119/api/v1/admin/impersonate:0
[ 3392705ms] [ERROR] Failed to load resource: the server responded with a status of 503 (Service Unavailable) @ http://localhost:3119/api/v1/system/health:0
[ 3394141ms] [ERROR] Failed to load resource: the server responded with a status of 501 (Not Implemented) @ http://localhost:3119/api/v1/admin/impersonate:0
[ 3394155ms] [ERROR] Failed to load resource: the server responded with a status of 501 (Not Implemented) @ http://localhost:3119/api/v1/admin/impersonate:0
[ 3422718ms] [ERROR] Failed to load resource: the server responded with a status of 503 (Service Unavailable) @ http://localhost:3119/api/v1/system/health:0
[ 3424172ms] [ERROR] Failed to load resource: the server responded with a status of 501 (Not Implemented) @ http://localhost:3119/api/v1/admin/impersonate:0
[ 3424182ms] [ERROR] Failed to load resource: the server responded with a status of 501 (Not Implemented) @ http://localhost:3119/api/v1/admin/impersonate:0
[ 3452735ms] [ERROR] Failed to load resource: the server responded with a status of 503 (Service Unavailable) @ http://localhost:3119/api/v1/system/health:0
[ 3454207ms] [ERROR] Failed to load resource: the server responded with a status of 501 (Not Implemented) @ http://localhost:3119/api/v1/admin/impersonate:0
[ 3454219ms] [ERROR] Failed to load resource: the server responded with a status of 501 (Not Implemented) @ http://localhost:3119/api/v1/admin/impersonate:0
[ 3482745ms] [ERROR] Failed to load resource: the server responded with a status of 503 (Service Unavailable) @ http://localhost:3119/api/v1/system/health:0
[ 3484230ms] [ERROR] Failed to load resource: the server responded with a status of 501 (Not Implemented) @ http://localhost:3119/api/v1/admin/impersonate:0
[ 3484240ms] [ERROR] Failed to load resource: the server responded with a status of 501 (Not Implemented) @ http://localhost:3119/api/v1/admin/impersonate:0
[ 3512766ms] [ERROR] Failed to load resource: the server responded with a status of 503 (Service Unavailable) @ http://localhost:3119/api/v1/system/health:0
[ 3514254ms] [ERROR] Failed to load resource: the server responded with a status of 501 (Not Implemented) @ http://localhost:3119/api/v1/admin/impersonate:0
[ 3514263ms] [ERROR] Failed to load resource: the server responded with a status of 501 (Not Implemented) @ http://localhost:3119/api/v1/admin/impersonate:0
[ 3542778ms] [ERROR] Failed to load resource: the server responded with a status of 503 (Service Unavailable) @ http://localhost:3119/api/v1/system/health:0
[ 3544280ms] [ERROR] Failed to load resource: the server responded with a status of 501 (Not Implemented) @ http://localhost:3119/api/v1/admin/impersonate:0
[ 3544289ms] [ERROR] Failed to load resource: the server responded with a status of 501 (Not Implemented) @ http://localhost:3119/api/v1/admin/impersonate:0
[ 3572795ms] [ERROR] Failed to load resource: the server responded with a status of 503 (Service Unavailable) @ http://localhost:3119/api/v1/system/health:0
[ 3574306ms] [ERROR] Failed to load resource: the server responded with a status of 501 (Not Implemented) @ http://localhost:3119/api/v1/admin/impersonate:0
[ 3574317ms] [ERROR] Failed to load resource: the server responded with a status of 501 (Not Implemented) @ http://localhost:3119/api/v1/admin/impersonate:0
[ 3602813ms] [ERROR] Failed to load resource: the server responded with a status of 503 (Service Unavailable) @ http://localhost:3119/api/v1/system/health:0
[ 3604340ms] [ERROR] Failed to load resource: the server responded with a status of 501 (Not Implemented) @ http://localhost:3119/api/v1/admin/impersonate:0
[ 3604352ms] [ERROR] Failed to load resource: the server responded with a status of 501 (Not Implemented) @ http://localhost:3119/api/v1/admin/impersonate:0
[ 3632829ms] [ERROR] Failed to load resource: the server responded with a status of 503 (Service Unavailable) @ http://localhost:3119/api/v1/system/health:0
[ 3634369ms] [ERROR] Failed to load resource: the server responded with a status of 501 (Not Implemented) @ http://localhost:3119/api/v1/admin/impersonate:0
[ 3634378ms] [ERROR] Failed to load resource: the server responded with a status of 501 (Not Implemented) @ http://localhost:3119/api/v1/admin/impersonate:0
[ 3662839ms] [ERROR] Failed to load resource: the server responded with a status of 503 (Service Unavailable) @ http://localhost:3119/api/v1/system/health:0
[ 3664393ms] [ERROR] Failed to load resource: the server responded with a status of 501 (Not Implemented) @ http://localhost:3119/api/v1/admin/impersonate:0
[ 3664403ms] [ERROR] Failed to load resource: the server responded with a status of 501 (Not Implemented) @ http://localhost:3119/api/v1/admin/impersonate:0
[ 3692860ms] [ERROR] Failed to load resource: the server responded with a status of 503 (Service Unavailable) @ http://localhost:3119/api/v1/system/health:0
[ 3694417ms] [ERROR] Failed to load resource: the server responded with a status of 501 (Not Implemented) @ http://localhost:3119/api/v1/admin/impersonate:0
[ 3694426ms] [ERROR] Failed to load resource: the server responded with a status of 501 (Not Implemented) @ http://localhost:3119/api/v1/admin/impersonate:0
[ 3722874ms] [ERROR] Failed to load resource: the server responded with a status of 503 (Service Unavailable) @ http://localhost:3119/api/v1/system/health:0
[ 3724442ms] [ERROR] Failed to load resource: the server responded with a status of 501 (Not Implemented) @ http://localhost:3119/api/v1/admin/impersonate:0
[ 3724452ms] [ERROR] Failed to load resource: the server responded with a status of 501 (Not Implemented) @ http://localhost:3119/api/v1/admin/impersonate:0
[ 3752892ms] [ERROR] Failed to load resource: the server responded with a status of 503 (Service Unavailable) @ http://localhost:3119/api/v1/system/health:0
[ 3754465ms] [ERROR] Failed to load resource: the server responded with a status of 501 (Not Implemented) @ http://localhost:3119/api/v1/admin/impersonate:0
[ 3754477ms] [ERROR] Failed to load resource: the server responded with a status of 501 (Not Implemented) @ http://localhost:3119/api/v1/admin/impersonate:0
[ 3782910ms] [ERROR] Failed to load resource: the server responded with a status of 503 (Service Unavailable) @ http://localhost:3119/api/v1/system/health:0
[ 3784494ms] [ERROR] Failed to load resource: the server responded with a status of 501 (Not Implemented) @ http://localhost:3119/api/v1/admin/impersonate:0
[ 3784505ms] [ERROR] Failed to load resource: the server responded with a status of 501 (Not Implemented) @ http://localhost:3119/api/v1/admin/impersonate:0
[ 3812928ms] [ERROR] Failed to load resource: the server responded with a status of 503 (Service Unavailable) @ http://localhost:3119/api/v1/system/health:0
[ 3814523ms] [ERROR] Failed to load resource: the server responded with a status of 501 (Not Implemented) @ http://localhost:3119/api/v1/admin/impersonate:0
[ 3814534ms] [ERROR] Failed to load resource: the server responded with a status of 501 (Not Implemented) @ http://localhost:3119/api/v1/admin/impersonate:0
[ 3842944ms] [ERROR] Failed to load resource: the server responded with a status of 503 (Service Unavailable) @ http://localhost:3119/api/v1/system/health:0
[ 3844555ms] [ERROR] Failed to load resource: the server responded with a status of 501 (Not Implemented) @ http://localhost:3119/api/v1/admin/impersonate:0
[ 3844566ms] [ERROR] Failed to load resource: the server responded with a status of 501 (Not Implemented) @ http://localhost:3119/api/v1/admin/impersonate:0
[ 3872961ms] [ERROR] Failed to load resource: the server responded with a status of 503 (Service Unavailable) @ http://localhost:3119/api/v1/system/health:0
[ 3874578ms] [ERROR] Failed to load resource: the server responded with a status of 501 (Not Implemented) @ http://localhost:3119/api/v1/admin/impersonate:0
[ 3874592ms] [ERROR] Failed to load resource: the server responded with a status of 501 (Not Implemented) @ http://localhost:3119/api/v1/admin/impersonate:0
[ 3902971ms] [ERROR] Failed to load resource: the server responded with a status of 503 (Service Unavailable) @ http://localhost:3119/api/v1/system/health:0
[ 3904604ms] [ERROR] Failed to load resource: the server responded with a status of 501 (Not Implemented) @ http://localhost:3119/api/v1/admin/impersonate:0
[ 3904628ms] [ERROR] Failed to load resource: the server responded with a status of 501 (Not Implemented) @ http://localhost:3119/api/v1/admin/impersonate:0
[ 3933055ms] [ERROR] Failed to load resource: the server responded with a status of 503 (Service Unavailable) @ http://localhost:3119/api/v1/system/health:0
[ 3934643ms] [ERROR] Failed to load resource: the server responded with a status of 501 (Not Implemented) @ http://localhost:3119/api/v1/admin/impersonate:0
[ 3934661ms] [ERROR] Failed to load resource: the server responded with a status of 501 (Not Implemented) @ http://localhost:3119/api/v1/admin/impersonate:0
[ 3963080ms] [ERROR] Failed to load resource: the server responded with a status of 503 (Service Unavailable) @ http://localhost:3119/api/v1/system/health:0
[ 3964680ms] [ERROR] Failed to load resource: the server responded with a status of 501 (Not Implemented) @ http://localhost:3119/api/v1/admin/impersonate:0
[ 3964696ms] [ERROR] Failed to load resource: the server responded with a status of 501 (Not Implemented) @ http://localhost:3119/api/v1/admin/impersonate:0
[ 3993094ms] [ERROR] Failed to load resource: the server responded with a status of 503 (Service Unavailable) @ http://localhost:3119/api/v1/system/health:0
[ 3994707ms] [ERROR] Failed to load resource: the server responded with a status of 501 (Not Implemented) @ http://localhost:3119/api/v1/admin/impersonate:0
[ 3994723ms] [ERROR] Failed to load resource: the server responded with a status of 501 (Not Implemented) @ http://localhost:3119/api/v1/admin/impersonate:0
[ 4023107ms] [ERROR] Failed to load resource: the server responded with a status of 503 (Service Unavailable) @ http://localhost:3119/api/v1/system/health:0
[ 4024743ms] [ERROR] Failed to load resource: the server responded with a status of 501 (Not Implemented) @ http://localhost:3119/api/v1/admin/impersonate:0
[ 4024769ms] [ERROR] Failed to load resource: the server responded with a status of 501 (Not Implemented) @ http://localhost:3119/api/v1/admin/impersonate:0
[ 4053128ms] [ERROR] Failed to load resource: the server responded with a status of 503 (Service Unavailable) @ http://localhost:3119/api/v1/system/health:0
[ 4054792ms] [ERROR] Failed to load resource: the server responded with a status of 501 (Not Implemented) @ http://localhost:3119/api/v1/admin/impersonate:0
[ 4054804ms] [ERROR] Failed to load resource: the server responded with a status of 501 (Not Implemented) @ http://localhost:3119/api/v1/admin/impersonate:0
[ 4083143ms] [ERROR] Failed to load resource: the server responded with a status of 503 (Service Unavailable) @ http://localhost:3119/api/v1/system/health:0
[ 4084821ms] [ERROR] Failed to load resource: the server responded with a status of 501 (Not Implemented) @ http://localhost:3119/api/v1/admin/impersonate:0
[ 4084831ms] [ERROR] Failed to load resource: the server responded with a status of 501 (Not Implemented) @ http://localhost:3119/api/v1/admin/impersonate:0
[ 4113159ms] [ERROR] Failed to load resource: the server responded with a status of 503 (Service Unavailable) @ http://localhost:3119/api/v1/system/health:0
[ 4114845ms] [ERROR] Failed to load resource: the server responded with a status of 501 (Not Implemented) @ http://localhost:3119/api/v1/admin/impersonate:0
[ 4114853ms] [ERROR] Failed to load resource: the server responded with a status of 501 (Not Implemented) @ http://localhost:3119/api/v1/admin/impersonate:0
[ 4143173ms] [ERROR] Failed to load resource: the server responded with a status of 503 (Service Unavailable) @ http://localhost:3119/api/v1/system/health:0
[ 4144871ms] [ERROR] Failed to load resource: the server responded with a status of 501 (Not Implemented) @ http://localhost:3119/api/v1/admin/impersonate:0
[ 4144883ms] [ERROR] Failed to load resource: the server responded with a status of 501 (Not Implemented) @ http://localhost:3119/api/v1/admin/impersonate:0
[ 4173332ms] [ERROR] Failed to load resource: the server responded with a status of 503 (Service Unavailable) @ http://localhost:3119/api/v1/system/health:0
[ 4174912ms] [ERROR] Failed to load resource: the server responded with a status of 501 (Not Implemented) @ http://localhost:3119/api/v1/admin/impersonate:0
[ 4174934ms] [ERROR] Failed to load resource: the server responded with a status of 501 (Not Implemented) @ http://localhost:3119/api/v1/admin/impersonate:0
[ 4203344ms] [ERROR] Failed to load resource: the server responded with a status of 503 (Service Unavailable) @ http://localhost:3119/api/v1/system/health:0
[ 4204942ms] [ERROR] Failed to load resource: the server responded with a status of 501 (Not Implemented) @ http://localhost:3119/api/v1/admin/impersonate:0
[ 4204952ms] [ERROR] Failed to load resource: the server responded with a status of 501 (Not Implemented) @ http://localhost:3119/api/v1/admin/impersonate:0
[ 4233355ms] [ERROR] Failed to load resource: the server responded with a status of 503 (Service Unavailable) @ http://localhost:3119/api/v1/system/health:0
[ 4234972ms] [ERROR] Failed to load resource: the server responded with a status of 501 (Not Implemented) @ http://localhost:3119/api/v1/admin/impersonate:0
[ 4234984ms] [ERROR] Failed to load resource: the server responded with a status of 501 (Not Implemented) @ http://localhost:3119/api/v1/admin/impersonate:0
[ 4263374ms] [ERROR] Failed to load resource: the server responded with a status of 503 (Service Unavailable) @ http://localhost:3119/api/v1/system/health:0
[ 4265010ms] [ERROR] Failed to load resource: the server responded with a status of 501 (Not Implemented) @ http://localhost:3119/api/v1/admin/impersonate:0
[ 4265024ms] [ERROR] Failed to load resource: the server responded with a status of 501 (Not Implemented) @ http://localhost:3119/api/v1/admin/impersonate:0
[ 4293389ms] [ERROR] Failed to load resource: the server responded with a status of 503 (Service Unavailable) @ http://localhost:3119/api/v1/system/health:0
[ 4295038ms] [ERROR] Failed to load resource: the server responded with a status of 501 (Not Implemented) @ http://localhost:3119/api/v1/admin/impersonate:0
[ 4295050ms] [ERROR] Failed to load resource: the server responded with a status of 501 (Not Implemented) @ http://localhost:3119/api/v1/admin/impersonate:0
[ 4323407ms] [ERROR] Failed to load resource: the server responded with a status of 503 (Service Unavailable) @ http://localhost:3119/api/v1/system/health:0
[ 4325058ms] [ERROR] Failed to load resource: the server responded with a status of 501 (Not Implemented) @ http://localhost:3119/api/v1/admin/impersonate:0
[ 4325069ms] [ERROR] Failed to load resource: the server responded with a status of 501 (Not Implemented) @ http://localhost:3119/api/v1/admin/impersonate:0
[ 4353424ms] [ERROR] Failed to load resource: the server responded with a status of 503 (Service Unavailable) @ http://localhost:3119/api/v1/system/health:0
[ 4355092ms] [ERROR] Failed to load resource: the server responded with a status of 501 (Not Implemented) @ http://localhost:3119/api/v1/admin/impersonate:0
[ 4355103ms] [ERROR] Failed to load resource: the server responded with a status of 501 (Not Implemented) @ http://localhost:3119/api/v1/admin/impersonate:0
[ 4383442ms] [ERROR] Failed to load resource: the server responded with a status of 503 (Service Unavailable) @ http://localhost:3119/api/v1/system/health:0
[ 4385119ms] [ERROR] Failed to load resource: the server responded with a status of 501 (Not Implemented) @ http://localhost:3119/api/v1/admin/impersonate:0
[ 4385131ms] [ERROR] Failed to load resource: the server responded with a status of 501 (Not Implemented) @ http://localhost:3119/api/v1/admin/impersonate:0
[ 4413454ms] [ERROR] Failed to load resource: the server responded with a status of 503 (Service Unavailable) @ http://localhost:3119/api/v1/system/health:0
[ 4415145ms] [ERROR] Failed to load resource: the server responded with a status of 501 (Not Implemented) @ http://localhost:3119/api/v1/admin/impersonate:0
[ 4415157ms] [ERROR] Failed to load resource: the server responded with a status of 501 (Not Implemented) @ http://localhost:3119/api/v1/admin/impersonate:0
[ 4443467ms] [ERROR] Failed to load resource: the server responded with a status of 503 (Service Unavailable) @ http://localhost:3119/api/v1/system/health:0
[ 4445172ms] [ERROR] Failed to load resource: the server responded with a status of 501 (Not Implemented) @ http://localhost:3119/api/v1/admin/impersonate:0
[ 4445183ms] [ERROR] Failed to load resource: the server responded with a status of 501 (Not Implemented) @ http://localhost:3119/api/v1/admin/impersonate:0
[ 4473487ms] [ERROR] Failed to load resource: the server responded with a status of 503 (Service Unavailable) @ http://localhost:3119/api/v1/system/health:0
[ 4475194ms] [ERROR] Failed to load resource: the server responded with a status of 501 (Not Implemented) @ http://localhost:3119/api/v1/admin/impersonate:0
[ 4475207ms] [ERROR] Failed to load resource: the server responded with a status of 501 (Not Implemented) @ http://localhost:3119/api/v1/admin/impersonate:0
[ 4503505ms] [ERROR] Failed to load resource: the server responded with a status of 503 (Service Unavailable) @ http://localhost:3119/api/v1/system/health:0
[ 4505218ms] [ERROR] Failed to load resource: the server responded with a status of 501 (Not Implemented) @ http://localhost:3119/api/v1/admin/impersonate:0
[ 4505228ms] [ERROR] Failed to load resource: the server responded with a status of 501 (Not Implemented) @ http://localhost:3119/api/v1/admin/impersonate:0
[ 4533522ms] [ERROR] Failed to load resource: the server responded with a status of 503 (Service Unavailable) @ http://localhost:3119/api/v1/system/health:0
[ 4535251ms] [ERROR] Failed to load resource: the server responded with a status of 501 (Not Implemented) @ http://localhost:3119/api/v1/admin/impersonate:0
[ 4535282ms] [ERROR] Failed to load resource: the server responded with a status of 501 (Not Implemented) @ http://localhost:3119/api/v1/admin/impersonate:0
[ 4563538ms] [ERROR] Failed to load resource: the server responded with a status of 503 (Service Unavailable) @ http://localhost:3119/api/v1/system/health:0
[ 4565338ms] [ERROR] Failed to load resource: the server responded with a status of 501 (Not Implemented) @ http://localhost:3119/api/v1/admin/impersonate:0
[ 4565359ms] [ERROR] Failed to load resource: the server responded with a status of 501 (Not Implemented) @ http://localhost:3119/api/v1/admin/impersonate:0
[ 4593562ms] [ERROR] Failed to load resource: the server responded with a status of 503 (Service Unavailable) @ http://localhost:3119/api/v1/system/health:0
[ 4595626ms] [ERROR] Failed to load resource: the server responded with a status of 501 (Not Implemented) @ http://localhost:3119/api/v1/admin/impersonate:0
[ 4595867ms] [ERROR] Failed to load resource: the server responded with a status of 501 (Not Implemented) @ http://localhost:3119/api/v1/admin/impersonate:0
[ 4623599ms] [ERROR] Failed to load resource: the server responded with a status of 503 (Service Unavailable) @ http://localhost:3119/api/v1/system/health:0
[ 4625902ms] [ERROR] Failed to load resource: the server responded with a status of 501 (Not Implemented) @ http://localhost:3119/api/v1/admin/impersonate:0
[ 4625947ms] [ERROR] Failed to load resource: the server responded with a status of 501 (Not Implemented) @ http://localhost:3119/api/v1/admin/impersonate:0
[ 4653664ms] [ERROR] Failed to load resource: the server responded with a status of 503 (Service Unavailable) @ http://localhost:3119/api/v1/system/health:0
[ 4655984ms] [ERROR] Failed to load resource: the server responded with a status of 501 (Not Implemented) @ http://localhost:3119/api/v1/admin/impersonate:0
[ 4656031ms] [ERROR] Failed to load resource: the server responded with a status of 501 (Not Implemented) @ http://localhost:3119/api/v1/admin/impersonate:0
[ 4683687ms] [ERROR] Failed to load resource: the server responded with a status of 503 (Service Unavailable) @ http://localhost:3119/api/v1/system/health:0
[ 4686049ms] [ERROR] Failed to load resource: the server responded with a status of 501 (Not Implemented) @ http://localhost:3119/api/v1/admin/impersonate:0
[ 4686060ms] [ERROR] Failed to load resource: the server responded with a status of 501 (Not Implemented) @ http://localhost:3119/api/v1/admin/impersonate:0
[ 4713735ms] [ERROR] Failed to load resource: the server responded with a status of 503 (Service Unavailable) @ http://localhost:3119/api/v1/system/health:0
[ 4716075ms] [ERROR] Failed to load resource: the server responded with a status of 501 (Not Implemented) @ http://localhost:3119/api/v1/admin/impersonate:0
[ 4716088ms] [ERROR] Failed to load resource: the server responded with a status of 501 (Not Implemented) @ http://localhost:3119/api/v1/admin/impersonate:0
[ 4743759ms] [ERROR] Failed to load resource: the server responded with a status of 503 (Service Unavailable) @ http://localhost:3119/api/v1/system/health:0
[ 4746101ms] [ERROR] Failed to load resource: the server responded with a status of 501 (Not Implemented) @ http://localhost:3119/api/v1/admin/impersonate:0
[ 4746115ms] [ERROR] Failed to load resource: the server responded with a status of 501 (Not Implemented) @ http://localhost:3119/api/v1/admin/impersonate:0
[ 4773772ms] [ERROR] Failed to load resource: the server responded with a status of 503 (Service Unavailable) @ http://localhost:3119/api/v1/system/health:0
[ 4776129ms] [ERROR] Failed to load resource: the server responded with a status of 501 (Not Implemented) @ http://localhost:3119/api/v1/admin/impersonate:0
[ 4776138ms] [ERROR] Failed to load resource: the server responded with a status of 501 (Not Implemented) @ http://localhost:3119/api/v1/admin/impersonate:0
[ 4803842ms] [ERROR] Failed to load resource: the server responded with a status of 503 (Service Unavailable) @ http://localhost:3119/api/v1/system/health:0
[ 4806148ms] [ERROR] Failed to load resource: the server responded with a status of 501 (Not Implemented) @ http://localhost:3119/api/v1/admin/impersonate:0
[ 4806158ms] [ERROR] Failed to load resource: the server responded with a status of 501 (Not Implemented) @ http://localhost:3119/api/v1/admin/impersonate:0
[ 4833862ms] [ERROR] Failed to load resource: the server responded with a status of 503 (Service Unavailable) @ http://localhost:3119/api/v1/system/health:0
[ 4836172ms] [ERROR] Failed to load resource: the server responded with a status of 501 (Not Implemented) @ http://localhost:3119/api/v1/admin/impersonate:0
[ 4836182ms] [ERROR] Failed to load resource: the server responded with a status of 501 (Not Implemented) @ http://localhost:3119/api/v1/admin/impersonate:0
[ 4863876ms] [ERROR] Failed to load resource: the server responded with a status of 503 (Service Unavailable) @ http://localhost:3119/api/v1/system/health:0
[ 4866192ms] [ERROR] Failed to load resource: the server responded with a status of 501 (Not Implemented) @ http://localhost:3119/api/v1/admin/impersonate:0
[ 4866199ms] [ERROR] Failed to load resource: the server responded with a status of 501 (Not Implemented) @ http://localhost:3119/api/v1/admin/impersonate:0
[ 4893886ms] [ERROR] Failed to load resource: the server responded with a status of 503 (Service Unavailable) @ http://localhost:3119/api/v1/system/health:0
[ 4896210ms] [ERROR] Failed to load resource: the server responded with a status of 501 (Not Implemented) @ http://localhost:3119/api/v1/admin/impersonate:0
[ 4896219ms] [ERROR] Failed to load resource: the server responded with a status of 501 (Not Implemented) @ http://localhost:3119/api/v1/admin/impersonate:0
[ 4923899ms] [ERROR] Failed to load resource: the server responded with a status of 503 (Service Unavailable) @ http://localhost:3119/api/v1/system/health:0
[ 4926235ms] [ERROR] Failed to load resource: the server responded with a status of 501 (Not Implemented) @ http://localhost:3119/api/v1/admin/impersonate:0
[ 4926244ms] [ERROR] Failed to load resource: the server responded with a status of 501 (Not Implemented) @ http://localhost:3119/api/v1/admin/impersonate:0
[ 4953912ms] [ERROR] Failed to load resource: the server responded with a status of 503 (Service Unavailable) @ http://localhost:3119/api/v1/system/health:0
[ 4956252ms] [ERROR] Failed to load resource: the server responded with a status of 501 (Not Implemented) @ http://localhost:3119/api/v1/admin/impersonate:0
[ 4956260ms] [ERROR] Failed to load resource: the server responded with a status of 501 (Not Implemented) @ http://localhost:3119/api/v1/admin/impersonate:0
[ 4983927ms] [ERROR] Failed to load resource: the server responded with a status of 503 (Service Unavailable) @ http://localhost:3119/api/v1/system/health:0
[ 4986271ms] [ERROR] Failed to load resource: the server responded with a status of 501 (Not Implemented) @ http://localhost:3119/api/v1/admin/impersonate:0
[ 4986286ms] [ERROR] Failed to load resource: the server responded with a status of 501 (Not Implemented) @ http://localhost:3119/api/v1/admin/impersonate:0
[ 5013939ms] [ERROR] Failed to load resource: the server responded with a status of 503 (Service Unavailable) @ http://localhost:3119/api/v1/system/health:0
[ 5016295ms] [ERROR] Failed to load resource: the server responded with a status of 501 (Not Implemented) @ http://localhost:3119/api/v1/admin/impersonate:0
[ 5016304ms] [ERROR] Failed to load resource: the server responded with a status of 501 (Not Implemented) @ http://localhost:3119/api/v1/admin/impersonate:0
[ 5043948ms] [ERROR] Failed to load resource: the server responded with a status of 503 (Service Unavailable) @ http://localhost:3119/api/v1/system/health:0
[ 5046315ms] [ERROR] Failed to load resource: the server responded with a status of 501 (Not Implemented) @ http://localhost:3119/api/v1/admin/impersonate:0
[ 5046324ms] [ERROR] Failed to load resource: the server responded with a status of 501 (Not Implemented) @ http://localhost:3119/api/v1/admin/impersonate:0
[ 5073958ms] [ERROR] Failed to load resource: the server responded with a status of 503 (Service Unavailable) @ http://localhost:3119/api/v1/system/health:0
[ 5076339ms] [ERROR] Failed to load resource: the server responded with a status of 501 (Not Implemented) @ http://localhost:3119/api/v1/admin/impersonate:0
[ 5076349ms] [ERROR] Failed to load resource: the server responded with a status of 501 (Not Implemented) @ http://localhost:3119/api/v1/admin/impersonate:0
[ 5103989ms] [ERROR] Failed to load resource: the server responded with a status of 503 (Service Unavailable) @ http://localhost:3119/api/v1/system/health:0
[ 5106358ms] [ERROR] Failed to load resource: the server responded with a status of 501 (Not Implemented) @ http://localhost:3119/api/v1/admin/impersonate:0
[ 5106369ms] [ERROR] Failed to load resource: the server responded with a status of 501 (Not Implemented) @ http://localhost:3119/api/v1/admin/impersonate:0
[ 5134010ms] [ERROR] Failed to load resource: the server responded with a status of 503 (Service Unavailable) @ http://localhost:3119/api/v1/system/health:0
[ 5136386ms] [ERROR] Failed to load resource: the server responded with a status of 501 (Not Implemented) @ http://localhost:3119/api/v1/admin/impersonate:0
[ 5136398ms] [ERROR] Failed to load resource: the server responded with a status of 501 (Not Implemented) @ http://localhost:3119/api/v1/admin/impersonate:0
[ 5164018ms] [ERROR] Failed to load resource: the server responded with a status of 503 (Service Unavailable) @ http://localhost:3119/api/v1/system/health:0
[ 5166408ms] [ERROR] Failed to load resource: the server responded with a status of 501 (Not Implemented) @ http://localhost:3119/api/v1/admin/impersonate:0
[ 5166416ms] [ERROR] Failed to load resource: the server responded with a status of 501 (Not Implemented) @ http://localhost:3119/api/v1/admin/impersonate:0
[ 5194034ms] [ERROR] Failed to load resource: the server responded with a status of 503 (Service Unavailable) @ http://localhost:3119/api/v1/system/health:0
[ 5196425ms] [ERROR] Failed to load resource: the server responded with a status of 501 (Not Implemented) @ http://localhost:3119/api/v1/admin/impersonate:0
[ 5196433ms] [ERROR] Failed to load resource: the server responded with a status of 501 (Not Implemented) @ http://localhost:3119/api/v1/admin/impersonate:0
[ 5224045ms] [ERROR] Failed to load resource: the server responded with a status of 503 (Service Unavailable) @ http://localhost:3119/api/v1/system/health:0
[ 5226442ms] [ERROR] Failed to load resource: the server responded with a status of 501 (Not Implemented) @ http://localhost:3119/api/v1/admin/impersonate:0
[ 5226452ms] [ERROR] Failed to load resource: the server responded with a status of 501 (Not Implemented) @ http://localhost:3119/api/v1/admin/impersonate:0
[ 5254055ms] [ERROR] Failed to load resource: the server responded with a status of 503 (Service Unavailable) @ http://localhost:3119/api/v1/system/health:0
[ 5256460ms] [ERROR] Failed to load resource: the server responded with a status of 501 (Not Implemented) @ http://localhost:3119/api/v1/admin/impersonate:0
[ 5256469ms] [ERROR] Failed to load resource: the server responded with a status of 501 (Not Implemented) @ http://localhost:3119/api/v1/admin/impersonate:0
[ 5284068ms] [ERROR] Failed to load resource: the server responded with a status of 503 (Service Unavailable) @ http://localhost:3119/api/v1/system/health:0
[ 5286480ms] [ERROR] Failed to load resource: the server responded with a status of 501 (Not Implemented) @ http://localhost:3119/api/v1/admin/impersonate:0
[ 5286492ms] [ERROR] Failed to load resource: the server responded with a status of 501 (Not Implemented) @ http://localhost:3119/api/v1/admin/impersonate:0
[ 5314078ms] [ERROR] Failed to load resource: the server responded with a status of 503 (Service Unavailable) @ http://localhost:3119/api/v1/system/health:0
[ 5316503ms] [ERROR] Failed to load resource: the server responded with a status of 501 (Not Implemented) @ http://localhost:3119/api/v1/admin/impersonate:0
[ 5316511ms] [ERROR] Failed to load resource: the server responded with a status of 501 (Not Implemented) @ http://localhost:3119/api/v1/admin/impersonate:0
[ 5344088ms] [ERROR] Failed to load resource: the server responded with a status of 503 (Service Unavailable) @ http://localhost:3119/api/v1/system/health:0
[ 5346520ms] [ERROR] Failed to load resource: the server responded with a status of 501 (Not Implemented) @ http://localhost:3119/api/v1/admin/impersonate:0
[ 5346529ms] [ERROR] Failed to load resource: the server responded with a status of 501 (Not Implemented) @ http://localhost:3119/api/v1/admin/impersonate:0
[ 5374097ms] [ERROR] Failed to load resource: the server responded with a status of 503 (Service Unavailable) @ http://localhost:3119/api/v1/system/health:0
[ 5376538ms] [ERROR] Failed to load resource: the server responded with a status of 501 (Not Implemented) @ http://localhost:3119/api/v1/admin/impersonate:0
[ 5376546ms] [ERROR] Failed to load resource: the server responded with a status of 501 (Not Implemented) @ http://localhost:3119/api/v1/admin/impersonate:0
[ 5404108ms] [ERROR] Failed to load resource: the server responded with a status of 503 (Service Unavailable) @ http://localhost:3119/api/v1/system/health:0
[ 5406560ms] [ERROR] Failed to load resource: the server responded with a status of 501 (Not Implemented) @ http://localhost:3119/api/v1/admin/impersonate:0
[ 5406573ms] [ERROR] Failed to load resource: the server responded with a status of 501 (Not Implemented) @ http://localhost:3119/api/v1/admin/impersonate:0
[ 5434127ms] [ERROR] Failed to load resource: the server responded with a status of 503 (Service Unavailable) @ http://localhost:3119/api/v1/system/health:0
[ 5436582ms] [ERROR] Failed to load resource: the server responded with a status of 501 (Not Implemented) @ http://localhost:3119/api/v1/admin/impersonate:0
[ 5436590ms] [ERROR] Failed to load resource: the server responded with a status of 501 (Not Implemented) @ http://localhost:3119/api/v1/admin/impersonate:0
[ 5464137ms] [ERROR] Failed to load resource: the server responded with a status of 503 (Service Unavailable) @ http://localhost:3119/api/v1/system/health:0
[ 5466598ms] [ERROR] Failed to load resource: the server responded with a status of 501 (Not Implemented) @ http://localhost:3119/api/v1/admin/impersonate:0
[ 5466608ms] [ERROR] Failed to load resource: the server responded with a status of 501 (Not Implemented) @ http://localhost:3119/api/v1/admin/impersonate:0
[ 5494151ms] [ERROR] Failed to load resource: the server responded with a status of 503 (Service Unavailable) @ http://localhost:3119/api/v1/system/health:0
[ 5496616ms] [ERROR] Failed to load resource: the server responded with a status of 501 (Not Implemented) @ http://localhost:3119/api/v1/admin/impersonate:0
[ 5496625ms] [ERROR] Failed to load resource: the server responded with a status of 501 (Not Implemented) @ http://localhost:3119/api/v1/admin/impersonate:0
[ 5524175ms] [ERROR] Failed to load resource: the server responded with a status of 503 (Service Unavailable) @ http://localhost:3119/api/v1/system/health:0
[ 5526634ms] [ERROR] Failed to load resource: the server responded with a status of 501 (Not Implemented) @ http://localhost:3119/api/v1/admin/impersonate:0
[ 5526642ms] [ERROR] Failed to load resource: the server responded with a status of 501 (Not Implemented) @ http://localhost:3119/api/v1/admin/impersonate:0
[ 5554186ms] [ERROR] Failed to load resource: the server responded with a status of 503 (Service Unavailable) @ http://localhost:3119/api/v1/system/health:0
[ 5556651ms] [ERROR] Failed to load resource: the server responded with a status of 501 (Not Implemented) @ http://localhost:3119/api/v1/admin/impersonate:0
[ 5556660ms] [ERROR] Failed to load resource: the server responded with a status of 501 (Not Implemented) @ http://localhost:3119/api/v1/admin/impersonate:0
[ 5584200ms] [ERROR] Failed to load resource: the server responded with a status of 503 (Service Unavailable) @ http://localhost:3119/api/v1/system/health:0
[ 5586676ms] [ERROR] Failed to load resource: the server responded with a status of 501 (Not Implemented) @ http://localhost:3119/api/v1/admin/impersonate:0
[ 5586685ms] [ERROR] Failed to load resource: the server responded with a status of 501 (Not Implemented) @ http://localhost:3119/api/v1/admin/impersonate:0
[ 5614211ms] [ERROR] Failed to load resource: the server responded with a status of 503 (Service Unavailable) @ http://localhost:3119/api/v1/system/health:0
[ 5616696ms] [ERROR] Failed to load resource: the server responded with a status of 501 (Not Implemented) @ http://localhost:3119/api/v1/admin/impersonate:0
[ 5616706ms] [ERROR] Failed to load resource: the server responded with a status of 501 (Not Implemented) @ http://localhost:3119/api/v1/admin/impersonate:0
[ 5644220ms] [ERROR] Failed to load resource: the server responded with a status of 503 (Service Unavailable) @ http://localhost:3119/api/v1/system/health:0
[ 5646720ms] [ERROR] Failed to load resource: the server responded with a status of 501 (Not Implemented) @ http://localhost:3119/api/v1/admin/impersonate:0
[ 5646729ms] [ERROR] Failed to load resource: the server responded with a status of 501 (Not Implemented) @ http://localhost:3119/api/v1/admin/impersonate:0
[ 5674229ms] [ERROR] Failed to load resource: the server responded with a status of 503 (Service Unavailable) @ http://localhost:3119/api/v1/system/health:0
[ 5676739ms] [ERROR] Failed to load resource: the server responded with a status of 501 (Not Implemented) @ http://localhost:3119/api/v1/admin/impersonate:0
[ 5676747ms] [ERROR] Failed to load resource: the server responded with a status of 501 (Not Implemented) @ http://localhost:3119/api/v1/admin/impersonate:0
[ 5704241ms] [ERROR] Failed to load resource: the server responded with a status of 503 (Service Unavailable) @ http://localhost:3119/api/v1/system/health:0
[ 5706758ms] [ERROR] Failed to load resource: the server responded with a status of 501 (Not Implemented) @ http://localhost:3119/api/v1/admin/impersonate:0
[ 5706766ms] [ERROR] Failed to load resource: the server responded with a status of 501 (Not Implemented) @ http://localhost:3119/api/v1/admin/impersonate:0
[ 5734255ms] [ERROR] Failed to load resource: the server responded with a status of 503 (Service Unavailable) @ http://localhost:3119/api/v1/system/health:0
[ 5736775ms] [ERROR] Failed to load resource: the server responded with a status of 501 (Not Implemented) @ http://localhost:3119/api/v1/admin/impersonate:0
[ 5736784ms] [ERROR] Failed to load resource: the server responded with a status of 501 (Not Implemented) @ http://localhost:3119/api/v1/admin/impersonate:0
[ 5764268ms] [ERROR] Failed to load resource: the server responded with a status of 503 (Service Unavailable) @ http://localhost:3119/api/v1/system/health:0
[ 5766798ms] [ERROR] Failed to load resource: the server responded with a status of 501 (Not Implemented) @ http://localhost:3119/api/v1/admin/impersonate:0
[ 5766806ms] [ERROR] Failed to load resource: the server responded with a status of 501 (Not Implemented) @ http://localhost:3119/api/v1/admin/impersonate:0
[ 5794288ms] [ERROR] Failed to load resource: the server responded with a status of 503 (Service Unavailable) @ http://localhost:3119/api/v1/system/health:0
[ 5796818ms] [ERROR] Failed to load resource: the server responded with a status of 501 (Not Implemented) @ http://localhost:3119/api/v1/admin/impersonate:0
[ 5796828ms] [ERROR] Failed to load resource: the server responded with a status of 501 (Not Implemented) @ http://localhost:3119/api/v1/admin/impersonate:0
[ 5824307ms] [ERROR] Failed to load resource: the server responded with a status of 503 (Service Unavailable) @ http://localhost:3119/api/v1/system/health:0
[ 5826838ms] [ERROR] Failed to load resource: the server responded with a status of 501 (Not Implemented) @ http://localhost:3119/api/v1/admin/impersonate:0
[ 5826849ms] [ERROR] Failed to load resource: the server responded with a status of 501 (Not Implemented) @ http://localhost:3119/api/v1/admin/impersonate:0
[ 5854321ms] [ERROR] Failed to load resource: the server responded with a status of 503 (Service Unavailable) @ http://localhost:3119/api/v1/system/health:0
[ 5856859ms] [ERROR] Failed to load resource: the server responded with a status of 501 (Not Implemented) @ http://localhost:3119/api/v1/admin/impersonate:0
[ 5856868ms] [ERROR] Failed to load resource: the server responded with a status of 501 (Not Implemented) @ http://localhost:3119/api/v1/admin/impersonate:0
[ 5884335ms] [ERROR] Failed to load resource: the server responded with a status of 503 (Service Unavailable) @ http://localhost:3119/api/v1/system/health:0
[ 5886876ms] [ERROR] Failed to load resource: the server responded with a status of 501 (Not Implemented) @ http://localhost:3119/api/v1/admin/impersonate:0
[ 5886885ms] [ERROR] Failed to load resource: the server responded with a status of 501 (Not Implemented) @ http://localhost:3119/api/v1/admin/impersonate:0
[ 5914347ms] [ERROR] Failed to load resource: the server responded with a status of 503 (Service Unavailable) @ http://localhost:3119/api/v1/system/health:0
[ 5916893ms] [ERROR] Failed to load resource: the server responded with a status of 501 (Not Implemented) @ http://localhost:3119/api/v1/admin/impersonate:0
[ 5916902ms] [ERROR] Failed to load resource: the server responded with a status of 501 (Not Implemented) @ http://localhost:3119/api/v1/admin/impersonate:0
[ 5944361ms] [ERROR] Failed to load resource: the server responded with a status of 503 (Service Unavailable) @ http://localhost:3119/api/v1/system/health:0
[ 5946910ms] [ERROR] Failed to load resource: the server responded with a status of 501 (Not Implemented) @ http://localhost:3119/api/v1/admin/impersonate:0
[ 5946918ms] [ERROR] Failed to load resource: the server responded with a status of 501 (Not Implemented) @ http://localhost:3119/api/v1/admin/impersonate:0
[ 5974373ms] [ERROR] Failed to load resource: the server responded with a status of 503 (Service Unavailable) @ http://localhost:3119/api/v1/system/health:0
[ 5976928ms] [ERROR] Failed to load resource: the server responded with a status of 501 (Not Implemented) @ http://localhost:3119/api/v1/admin/impersonate:0
[ 5976936ms] [ERROR] Failed to load resource: the server responded with a status of 501 (Not Implemented) @ http://localhost:3119/api/v1/admin/impersonate:0
[ 6004386ms] [ERROR] Failed to load resource: the server responded with a status of 503 (Service Unavailable) @ http://localhost:3119/api/v1/system/health:0
[ 6006944ms] [ERROR] Failed to load resource: the server responded with a status of 501 (Not Implemented) @ http://localhost:3119/api/v1/admin/impersonate:0
[ 6006953ms] [ERROR] Failed to load resource: the server responded with a status of 501 (Not Implemented) @ http://localhost:3119/api/v1/admin/impersonate:0
[ 6034399ms] [ERROR] Failed to load resource: the server responded with a status of 503 (Service Unavailable) @ http://localhost:3119/api/v1/system/health:0
[ 6036961ms] [ERROR] Failed to load resource: the server responded with a status of 501 (Not Implemented) @ http://localhost:3119/api/v1/admin/impersonate:0
[ 6036969ms] [ERROR] Failed to load resource: the server responded with a status of 501 (Not Implemented) @ http://localhost:3119/api/v1/admin/impersonate:0
[ 6064409ms] [ERROR] Failed to load resource: the server responded with a status of 503 (Service Unavailable) @ http://localhost:3119/api/v1/system/health:0
[ 6066979ms] [ERROR] Failed to load resource: the server responded with a status of 501 (Not Implemented) @ http://localhost:3119/api/v1/admin/impersonate:0
[ 6066987ms] [ERROR] Failed to load resource: the server responded with a status of 501 (Not Implemented) @ http://localhost:3119/api/v1/admin/impersonate:0
[ 6094421ms] [ERROR] Failed to load resource: the server responded with a status of 503 (Service Unavailable) @ http://localhost:3119/api/v1/system/health:0
[ 6096997ms] [ERROR] Failed to load resource: the server responded with a status of 501 (Not Implemented) @ http://localhost:3119/api/v1/admin/impersonate:0
[ 6097006ms] [ERROR] Failed to load resource: the server responded with a status of 501 (Not Implemented) @ http://localhost:3119/api/v1/admin/impersonate:0
[ 6124455ms] [ERROR] Failed to load resource: the server responded with a status of 503 (Service Unavailable) @ http://localhost:3119/api/v1/system/health:0
[ 6127015ms] [ERROR] Failed to load resource: the server responded with a status of 501 (Not Implemented) @ http://localhost:3119/api/v1/admin/impersonate:0
[ 6127023ms] [ERROR] Failed to load resource: the server responded with a status of 501 (Not Implemented) @ http://localhost:3119/api/v1/admin/impersonate:0
[ 6154473ms] [ERROR] Failed to load resource: the server responded with a status of 503 (Service Unavailable) @ http://localhost:3119/api/v1/system/health:0
[ 6157032ms] [ERROR] Failed to load resource: the server responded with a status of 501 (Not Implemented) @ http://localhost:3119/api/v1/admin/impersonate:0
[ 6157040ms] [ERROR] Failed to load resource: the server responded with a status of 501 (Not Implemented) @ http://localhost:3119/api/v1/admin/impersonate:0
[ 6184485ms] [ERROR] Failed to load resource: the server responded with a status of 503 (Service Unavailable) @ http://localhost:3119/api/v1/system/health:0
[ 6187051ms] [ERROR] Failed to load resource: the server responded with a status of 501 (Not Implemented) @ http://localhost:3119/api/v1/admin/impersonate:0
[ 6187064ms] [ERROR] Failed to load resource: the server responded with a status of 501 (Not Implemented) @ http://localhost:3119/api/v1/admin/impersonate:0
[ 6214498ms] [ERROR] Failed to load resource: the server responded with a status of 503 (Service Unavailable) @ http://localhost:3119/api/v1/system/health:0
[ 6217076ms] [ERROR] Failed to load resource: the server responded with a status of 501 (Not Implemented) @ http://localhost:3119/api/v1/admin/impersonate:0
[ 6217084ms] [ERROR] Failed to load resource: the server responded with a status of 501 (Not Implemented) @ http://localhost:3119/api/v1/admin/impersonate:0
[ 6244508ms] [ERROR] Failed to load resource: the server responded with a status of 503 (Service Unavailable) @ http://localhost:3119/api/v1/system/health:0
[ 6247093ms] [ERROR] Failed to load resource: the server responded with a status of 501 (Not Implemented) @ http://localhost:3119/api/v1/admin/impersonate:0
[ 6247102ms] [ERROR] Failed to load resource: the server responded with a status of 501 (Not Implemented) @ http://localhost:3119/api/v1/admin/impersonate:0
[ 6274518ms] [ERROR] Failed to load resource: the server responded with a status of 503 (Service Unavailable) @ http://localhost:3119/api/v1/system/health:0
[ 6277110ms] [ERROR] Failed to load resource: the server responded with a status of 501 (Not Implemented) @ http://localhost:3119/api/v1/admin/impersonate:0
[ 6277119ms] [ERROR] Failed to load resource: the server responded with a status of 501 (Not Implemented) @ http://localhost:3119/api/v1/admin/impersonate:0
[ 6304530ms] [ERROR] Failed to load resource: the server responded with a status of 503 (Service Unavailable) @ http://localhost:3119/api/v1/system/health:0
[ 6307128ms] [ERROR] Failed to load resource: the server responded with a status of 501 (Not Implemented) @ http://localhost:3119/api/v1/admin/impersonate:0
[ 6307136ms] [ERROR] Failed to load resource: the server responded with a status of 501 (Not Implemented) @ http://localhost:3119/api/v1/admin/impersonate:0
[ 6334541ms] [ERROR] Failed to load resource: the server responded with a status of 503 (Service Unavailable) @ http://localhost:3119/api/v1/system/health:0
[ 6337145ms] [ERROR] Failed to load resource: the server responded with a status of 501 (Not Implemented) @ http://localhost:3119/api/v1/admin/impersonate:0
[ 6337154ms] [ERROR] Failed to load resource: the server responded with a status of 501 (Not Implemented) @ http://localhost:3119/api/v1/admin/impersonate:0
[ 6364558ms] [ERROR] Failed to load resource: the server responded with a status of 503 (Service Unavailable) @ http://localhost:3119/api/v1/system/health:0
[ 6367162ms] [ERROR] Failed to load resource: the server responded with a status of 501 (Not Implemented) @ http://localhost:3119/api/v1/admin/impersonate:0
[ 6367170ms] [ERROR] Failed to load resource: the server responded with a status of 501 (Not Implemented) @ http://localhost:3119/api/v1/admin/impersonate:0
[ 6394567ms] [ERROR] Failed to load resource: the server responded with a status of 503 (Service Unavailable) @ http://localhost:3119/api/v1/system/health:0
[ 6397182ms] [ERROR] Failed to load resource: the server responded with a status of 501 (Not Implemented) @ http://localhost:3119/api/v1/admin/impersonate:0
[ 6397192ms] [ERROR] Failed to load resource: the server responded with a status of 501 (Not Implemented) @ http://localhost:3119/api/v1/admin/impersonate:0
[ 6424582ms] [ERROR] Failed to load resource: the server responded with a status of 503 (Service Unavailable) @ http://localhost:3119/api/v1/system/health:0
[ 6427205ms] [ERROR] Failed to load resource: the server responded with a status of 501 (Not Implemented) @ http://localhost:3119/api/v1/admin/impersonate:0
[ 6427213ms] [ERROR] Failed to load resource: the server responded with a status of 501 (Not Implemented) @ http://localhost:3119/api/v1/admin/impersonate:0
[ 6454601ms] [ERROR] Failed to load resource: the server responded with a status of 503 (Service Unavailable) @ http://localhost:3119/api/v1/system/health:0
[ 6457223ms] [ERROR] Failed to load resource: the server responded with a status of 501 (Not Implemented) @ http://localhost:3119/api/v1/admin/impersonate:0
[ 6457231ms] [ERROR] Failed to load resource: the server responded with a status of 501 (Not Implemented) @ http://localhost:3119/api/v1/admin/impersonate:0
[ 6484611ms] [ERROR] Failed to load resource: the server responded with a status of 503 (Service Unavailable) @ http://localhost:3119/api/v1/system/health:0
[ 6487241ms] [ERROR] Failed to load resource: the server responded with a status of 501 (Not Implemented) @ http://localhost:3119/api/v1/admin/impersonate:0
[ 6487249ms] [ERROR] Failed to load resource: the server responded with a status of 501 (Not Implemented) @ http://localhost:3119/api/v1/admin/impersonate:0
[ 6514629ms] [ERROR] Failed to load resource: the server responded with a status of 503 (Service Unavailable) @ http://localhost:3119/api/v1/system/health:0
[ 6517262ms] [ERROR] Failed to load resource: the server responded with a status of 501 (Not Implemented) @ http://localhost:3119/api/v1/admin/impersonate:0
[ 6517271ms] [ERROR] Failed to load resource: the server responded with a status of 501 (Not Implemented) @ http://localhost:3119/api/v1/admin/impersonate:0
[ 6544639ms] [ERROR] Failed to load resource: the server responded with a status of 503 (Service Unavailable) @ http://localhost:3119/api/v1/system/health:0
[ 6547288ms] [ERROR] Failed to load resource: the server responded with a status of 501 (Not Implemented) @ http://localhost:3119/api/v1/admin/impersonate:0
[ 6547298ms] [ERROR] Failed to load resource: the server responded with a status of 501 (Not Implemented) @ http://localhost:3119/api/v1/admin/impersonate:0
[ 6574652ms] [ERROR] Failed to load resource: the server responded with a status of 503 (Service Unavailable) @ http://localhost:3119/api/v1/system/health:0
[ 6577313ms] [ERROR] Failed to load resource: the server responded with a status of 501 (Not Implemented) @ http://localhost:3119/api/v1/admin/impersonate:0
[ 6577322ms] [ERROR] Failed to load resource: the server responded with a status of 501 (Not Implemented) @ http://localhost:3119/api/v1/admin/impersonate:0
[ 6604665ms] [ERROR] Failed to load resource: the server responded with a status of 503 (Service Unavailable) @ http://localhost:3119/api/v1/system/health:0
[ 6607338ms] [ERROR] Failed to load resource: the server responded with a status of 501 (Not Implemented) @ http://localhost:3119/api/v1/admin/impersonate:0
[ 6607348ms] [ERROR] Failed to load resource: the server responded with a status of 501 (Not Implemented) @ http://localhost:3119/api/v1/admin/impersonate:0
[ 6634676ms] [ERROR] Failed to load resource: the server responded with a status of 503 (Service Unavailable) @ http://localhost:3119/api/v1/system/health:0
[ 6637359ms] [ERROR] Failed to load resource: the server responded with a status of 501 (Not Implemented) @ http://localhost:3119/api/v1/admin/impersonate:0
[ 6637367ms] [ERROR] Failed to load resource: the server responded with a status of 501 (Not Implemented) @ http://localhost:3119/api/v1/admin/impersonate:0
[ 6664688ms] [ERROR] Failed to load resource: the server responded with a status of 503 (Service Unavailable) @ http://localhost:3119/api/v1/system/health:0
[ 6667382ms] [ERROR] Failed to load resource: the server responded with a status of 501 (Not Implemented) @ http://localhost:3119/api/v1/admin/impersonate:0
[ 6667404ms] [ERROR] Failed to load resource: the server responded with a status of 501 (Not Implemented) @ http://localhost:3119/api/v1/admin/impersonate:0
[ 6694704ms] [ERROR] Failed to load resource: the server responded with a status of 503 (Service Unavailable) @ http://localhost:3119/api/v1/system/health:0
[ 6697416ms] [ERROR] Failed to load resource: the server responded with a status of 501 (Not Implemented) @ http://localhost:3119/api/v1/admin/impersonate:0
[ 6697426ms] [ERROR] Failed to load resource: the server responded with a status of 501 (Not Implemented) @ http://localhost:3119/api/v1/admin/impersonate:0
[ 6724726ms] [ERROR] Failed to load resource: the server responded with a status of 503 (Service Unavailable) @ http://localhost:3119/api/v1/system/health:0
[ 6727442ms] [ERROR] Failed to load resource: the server responded with a status of 501 (Not Implemented) @ http://localhost:3119/api/v1/admin/impersonate:0
[ 6727452ms] [ERROR] Failed to load resource: the server responded with a status of 501 (Not Implemented) @ http://localhost:3119/api/v1/admin/impersonate:0
[ 6754752ms] [ERROR] Failed to load resource: the server responded with a status of 503 (Service Unavailable) @ http://localhost:3119/api/v1/system/health:0
[ 6757465ms] [ERROR] Failed to load resource: the server responded with a status of 501 (Not Implemented) @ http://localhost:3119/api/v1/admin/impersonate:0
[ 6757473ms] [ERROR] Failed to load resource: the server responded with a status of 501 (Not Implemented) @ http://localhost:3119/api/v1/admin/impersonate:0
[ 6784763ms] [ERROR] Failed to load resource: the server responded with a status of 503 (Service Unavailable) @ http://localhost:3119/api/v1/system/health:0
[ 6787492ms] [ERROR] Failed to load resource: the server responded with a status of 501 (Not Implemented) @ http://localhost:3119/api/v1/admin/impersonate:0
[ 6787501ms] [ERROR] Failed to load resource: the server responded with a status of 501 (Not Implemented) @ http://localhost:3119/api/v1/admin/impersonate:0
[ 6814779ms] [ERROR] Failed to load resource: the server responded with a status of 503 (Service Unavailable) @ http://localhost:3119/api/v1/system/health:0
[ 6817519ms] [ERROR] Failed to load resource: the server responded with a status of 501 (Not Implemented) @ http://localhost:3119/api/v1/admin/impersonate:0
[ 6817529ms] [ERROR] Failed to load resource: the server responded with a status of 501 (Not Implemented) @ http://localhost:3119/api/v1/admin/impersonate:0
[ 6844795ms] [ERROR] Failed to load resource: the server responded with a status of 503 (Service Unavailable) @ http://localhost:3119/api/v1/system/health:0
[ 6847543ms] [ERROR] Failed to load resource: the server responded with a status of 501 (Not Implemented) @ http://localhost:3119/api/v1/admin/impersonate:0
[ 6847551ms] [ERROR] Failed to load resource: the server responded with a status of 501 (Not Implemented) @ http://localhost:3119/api/v1/admin/impersonate:0
[ 6874807ms] [ERROR] Failed to load resource: the server responded with a status of 503 (Service Unavailable) @ http://localhost:3119/api/v1/system/health:0
[ 6877567ms] [ERROR] Failed to load resource: the server responded with a status of 501 (Not Implemented) @ http://localhost:3119/api/v1/admin/impersonate:0
[ 6877576ms] [ERROR] Failed to load resource: the server responded with a status of 501 (Not Implemented) @ http://localhost:3119/api/v1/admin/impersonate:0
[ 6904822ms] [ERROR] Failed to load resource: the server responded with a status of 503 (Service Unavailable) @ http://localhost:3119/api/v1/system/health:0
[ 6907587ms] [ERROR] Failed to load resource: the server responded with a status of 501 (Not Implemented) @ http://localhost:3119/api/v1/admin/impersonate:0
[ 6907596ms] [ERROR] Failed to load resource: the server responded with a status of 501 (Not Implemented) @ http://localhost:3119/api/v1/admin/impersonate:0
[ 6934838ms] [ERROR] Failed to load resource: the server responded with a status of 503 (Service Unavailable) @ http://localhost:3119/api/v1/system/health:0
[ 6937614ms] [ERROR] Failed to load resource: the server responded with a status of 501 (Not Implemented) @ http://localhost:3119/api/v1/admin/impersonate:0
[ 6937624ms] [ERROR] Failed to load resource: the server responded with a status of 501 (Not Implemented) @ http://localhost:3119/api/v1/admin/impersonate:0
[ 6964850ms] [ERROR] Failed to load resource: the server responded with a status of 503 (Service Unavailable) @ http://localhost:3119/api/v1/system/health:0
[ 6967639ms] [ERROR] Failed to load resource: the server responded with a status of 501 (Not Implemented) @ http://localhost:3119/api/v1/admin/impersonate:0
[ 6967659ms] [ERROR] Failed to load resource: the server responded with a status of 501 (Not Implemented) @ http://localhost:3119/api/v1/admin/impersonate:0
[ 6994869ms] [ERROR] Failed to load resource: the server responded with a status of 503 (Service Unavailable) @ http://localhost:3119/api/v1/system/health:0
[ 6997673ms] [ERROR] Failed to load resource: the server responded with a status of 501 (Not Implemented) @ http://localhost:3119/api/v1/admin/impersonate:0
[ 6997682ms] [ERROR] Failed to load resource: the server responded with a status of 501 (Not Implemented) @ http://localhost:3119/api/v1/admin/impersonate:0
[ 7024899ms] [ERROR] Failed to load resource: the server responded with a status of 503 (Service Unavailable) @ http://localhost:3119/api/v1/system/health:0
[ 7027698ms] [ERROR] Failed to load resource: the server responded with a status of 501 (Not Implemented) @ http://localhost:3119/api/v1/admin/impersonate:0
[ 7027708ms] [ERROR] Failed to load resource: the server responded with a status of 501 (Not Implemented) @ http://localhost:3119/api/v1/admin/impersonate:0
[ 7054908ms] [ERROR] Failed to load resource: the server responded with a status of 503 (Service Unavailable) @ http://localhost:3119/api/v1/system/health:0
[ 7057724ms] [ERROR] Failed to load resource: the server responded with a status of 501 (Not Implemented) @ http://localhost:3119/api/v1/admin/impersonate:0
[ 7057732ms] [ERROR] Failed to load resource: the server responded with a status of 501 (Not Implemented) @ http://localhost:3119/api/v1/admin/impersonate:0
[ 7084920ms] [ERROR] Failed to load resource: the server responded with a status of 503 (Service Unavailable) @ http://localhost:3119/api/v1/system/health:0
[ 7087750ms] [ERROR] Failed to load resource: the server responded with a status of 501 (Not Implemented) @ http://localhost:3119/api/v1/admin/impersonate:0
[ 7087760ms] [ERROR] Failed to load resource: the server responded with a status of 501 (Not Implemented) @ http://localhost:3119/api/v1/admin/impersonate:0
[ 7114933ms] [ERROR] Failed to load resource: the server responded with a status of 503 (Service Unavailable) @ http://localhost:3119/api/v1/system/health:0
[ 7117777ms] [ERROR] Failed to load resource: the server responded with a status of 501 (Not Implemented) @ http://localhost:3119/api/v1/admin/impersonate:0
[ 7117786ms] [ERROR] Failed to load resource: the server responded with a status of 501 (Not Implemented) @ http://localhost:3119/api/v1/admin/impersonate:0
[ 7144946ms] [ERROR] Failed to load resource: the server responded with a status of 503 (Service Unavailable) @ http://localhost:3119/api/v1/system/health:0
[ 7147800ms] [ERROR] Failed to load resource: the server responded with a status of 501 (Not Implemented) @ http://localhost:3119/api/v1/admin/impersonate:0
[ 7147810ms] [ERROR] Failed to load resource: the server responded with a status of 501 (Not Implemented) @ http://localhost:3119/api/v1/admin/impersonate:0
[ 7174960ms] [ERROR] Failed to load resource: the server responded with a status of 503 (Service Unavailable) @ http://localhost:3119/api/v1/system/health:0
[ 7177824ms] [ERROR] Failed to load resource: the server responded with a status of 501 (Not Implemented) @ http://localhost:3119/api/v1/admin/impersonate:0
[ 7177832ms] [ERROR] Failed to load resource: the server responded with a status of 501 (Not Implemented) @ http://localhost:3119/api/v1/admin/impersonate:0
[ 7204977ms] [ERROR] Failed to load resource: the server responded with a status of 503 (Service Unavailable) @ http://localhost:3119/api/v1/system/health:0
[ 7207845ms] [ERROR] Failed to load resource: the server responded with a status of 501 (Not Implemented) @ http://localhost:3119/api/v1/admin/impersonate:0
[ 7207865ms] [ERROR] Failed to load resource: the server responded with a status of 501 (Not Implemented) @ http://localhost:3119/api/v1/admin/impersonate:0
[ 7234990ms] [ERROR] Failed to load resource: the server responded with a status of 503 (Service Unavailable) @ http://localhost:3119/api/v1/system/health:0
[ 7237882ms] [ERROR] Failed to load resource: the server responded with a status of 501 (Not Implemented) @ http://localhost:3119/api/v1/admin/impersonate:0
[ 7237894ms] [ERROR] Failed to load resource: the server responded with a status of 501 (Not Implemented) @ http://localhost:3119/api/v1/admin/impersonate:0
[ 7265000ms] [ERROR] Failed to load resource: the server responded with a status of 503 (Service Unavailable) @ http://localhost:3119/api/v1/system/health:0
[ 7267904ms] [ERROR] Failed to load resource: the server responded with a status of 501 (Not Implemented) @ http://localhost:3119/api/v1/admin/impersonate:0
[ 7267923ms] [ERROR] Failed to load resource: the server responded with a status of 501 (Not Implemented) @ http://localhost:3119/api/v1/admin/impersonate:0
[ 7295012ms] [ERROR] Failed to load resource: the server responded with a status of 503 (Service Unavailable) @ http://localhost:3119/api/v1/system/health:0
[ 7297938ms] [ERROR] Failed to load resource: the server responded with a status of 501 (Not Implemented) @ http://localhost:3119/api/v1/admin/impersonate:0
[ 7297948ms] [ERROR] Failed to load resource: the server responded with a status of 501 (Not Implemented) @ http://localhost:3119/api/v1/admin/impersonate:0
[ 7325028ms] [ERROR] Failed to load resource: the server responded with a status of 503 (Service Unavailable) @ http://localhost:3119/api/v1/system/health:0
[ 7327965ms] [ERROR] Failed to load resource: the server responded with a status of 501 (Not Implemented) @ http://localhost:3119/api/v1/admin/impersonate:0
[ 7327974ms] [ERROR] Failed to load resource: the server responded with a status of 501 (Not Implemented) @ http://localhost:3119/api/v1/admin/impersonate:0
[ 7355044ms] [ERROR] Failed to load resource: the server responded with a status of 503 (Service Unavailable) @ http://localhost:3119/api/v1/system/health:0
[ 7357990ms] [ERROR] Failed to load resource: the server responded with a status of 501 (Not Implemented) @ http://localhost:3119/api/v1/admin/impersonate:0
[ 7357999ms] [ERROR] Failed to load resource: the server responded with a status of 501 (Not Implemented) @ http://localhost:3119/api/v1/admin/impersonate:0
[ 7385068ms] [ERROR] Failed to load resource: the server responded with a status of 503 (Service Unavailable) @ http://localhost:3119/api/v1/system/health:0
[ 7388015ms] [ERROR] Failed to load resource: the server responded with a status of 501 (Not Implemented) @ http://localhost:3119/api/v1/admin/impersonate:0
[ 7388024ms] [ERROR] Failed to load resource: the server responded with a status of 501 (Not Implemented) @ http://localhost:3119/api/v1/admin/impersonate:0
[ 7415089ms] [ERROR] Failed to load resource: the server responded with a status of 503 (Service Unavailable) @ http://localhost:3119/api/v1/system/health:0
[ 7418040ms] [ERROR] Failed to load resource: the server responded with a status of 501 (Not Implemented) @ http://localhost:3119/api/v1/admin/impersonate:0
[ 7418050ms] [ERROR] Failed to load resource: the server responded with a status of 501 (Not Implemented) @ http://localhost:3119/api/v1/admin/impersonate:0
[ 7445108ms] [ERROR] Failed to load resource: the server responded with a status of 503 (Service Unavailable) @ http://localhost:3119/api/v1/system/health:0
[ 7448072ms] [ERROR] Failed to load resource: the server responded with a status of 501 (Not Implemented) @ http://localhost:3119/api/v1/admin/impersonate:0
[ 7448085ms] [ERROR] Failed to load resource: the server responded with a status of 501 (Not Implemented) @ http://localhost:3119/api/v1/admin/impersonate:0
[ 7475124ms] [ERROR] Failed to load resource: the server responded with a status of 503 (Service Unavailable) @ http://localhost:3119/api/v1/system/health:0
[ 7478103ms] [ERROR] Failed to load resource: the server responded with a status of 501 (Not Implemented) @ http://localhost:3119/api/v1/admin/impersonate:0
[ 7478113ms] [ERROR] Failed to load resource: the server responded with a status of 501 (Not Implemented) @ http://localhost:3119/api/v1/admin/impersonate:0
[ 7505135ms] [ERROR] Failed to load resource: the server responded with a status of 503 (Service Unavailable) @ http://localhost:3119/api/v1/system/health:0
[ 7508134ms] [ERROR] Failed to load resource: the server responded with a status of 501 (Not Implemented) @ http://localhost:3119/api/v1/admin/impersonate:0
[ 7508147ms] [ERROR] Failed to load resource: the server responded with a status of 501 (Not Implemented) @ http://localhost:3119/api/v1/admin/impersonate:0
[ 7535152ms] [ERROR] Failed to load resource: the server responded with a status of 503 (Service Unavailable) @ http://localhost:3119/api/v1/system/health:0
[ 7538169ms] [ERROR] Failed to load resource: the server responded with a status of 501 (Not Implemented) @ http://localhost:3119/api/v1/admin/impersonate:0
[ 7538184ms] [ERROR] Failed to load resource: the server responded with a status of 501 (Not Implemented) @ http://localhost:3119/api/v1/admin/impersonate:0
[ 7565169ms] [ERROR] Failed to load resource: the server responded with a status of 503 (Service Unavailable) @ http://localhost:3119/api/v1/system/health:0
[ 7568198ms] [ERROR] Failed to load resource: the server responded with a status of 501 (Not Implemented) @ http://localhost:3119/api/v1/admin/impersonate:0
[ 7568208ms] [ERROR] Failed to load resource: the server responded with a status of 501 (Not Implemented) @ http://localhost:3119/api/v1/admin/impersonate:0
[ 7595184ms] [ERROR] Failed to load resource: the server responded with a status of 503 (Service Unavailable) @ http://localhost:3119/api/v1/system/health:0
[ 7598221ms] [ERROR] Failed to load resource: the server responded with a status of 501 (Not Implemented) @ http://localhost:3119/api/v1/admin/impersonate:0
[ 7598229ms] [ERROR] Failed to load resource: the server responded with a status of 501 (Not Implemented) @ http://localhost:3119/api/v1/admin/impersonate:0
[ 7625199ms] [ERROR] Failed to load resource: the server responded with a status of 503 (Service Unavailable) @ http://localhost:3119/api/v1/system/health:0
[ 7628248ms] [ERROR] Failed to load resource: the server responded with a status of 501 (Not Implemented) @ http://localhost:3119/api/v1/admin/impersonate:0
[ 7628258ms] [ERROR] Failed to load resource: the server responded with a status of 501 (Not Implemented) @ http://localhost:3119/api/v1/admin/impersonate:0
[ 7655218ms] [ERROR] Failed to load resource: the server responded with a status of 503 (Service Unavailable) @ http://localhost:3119/api/v1/system/health:0
[ 7658274ms] [ERROR] Failed to load resource: the server responded with a status of 501 (Not Implemented) @ http://localhost:3119/api/v1/admin/impersonate:0
[ 7658283ms] [ERROR] Failed to load resource: the server responded with a status of 501 (Not Implemented) @ http://localhost:3119/api/v1/admin/impersonate:0
[ 7685232ms] [ERROR] Failed to load resource: the server responded with a status of 503 (Service Unavailable) @ http://localhost:3119/api/v1/system/health:0
[ 7688302ms] [ERROR] Failed to load resource: the server responded with a status of 501 (Not Implemented) @ http://localhost:3119/api/v1/admin/impersonate:0
[ 7688311ms] [ERROR] Failed to load resource: the server responded with a status of 501 (Not Implemented) @ http://localhost:3119/api/v1/admin/impersonate:0
[ 7715254ms] [ERROR] Failed to load resource: the server responded with a status of 503 (Service Unavailable) @ http://localhost:3119/api/v1/system/health:0
[ 7718333ms] [ERROR] Failed to load resource: the server responded with a status of 501 (Not Implemented) @ http://localhost:3119/api/v1/admin/impersonate:0
[ 7718343ms] [ERROR] Failed to load resource: the server responded with a status of 501 (Not Implemented) @ http://localhost:3119/api/v1/admin/impersonate:0
[ 7745266ms] [ERROR] Failed to load resource: the server responded with a status of 503 (Service Unavailable) @ http://localhost:3119/api/v1/system/health:0
[ 7748368ms] [ERROR] Failed to load resource: the server responded with a status of 501 (Not Implemented) @ http://localhost:3119/api/v1/admin/impersonate:0
[ 7748379ms] [ERROR] Failed to load resource: the server responded with a status of 501 (Not Implemented) @ http://localhost:3119/api/v1/admin/impersonate:0
[ 7775280ms] [ERROR] Failed to load resource: the server responded with a status of 503 (Service Unavailable) @ http://localhost:3119/api/v1/system/health:0
[ 7778402ms] [ERROR] Failed to load resource: the server responded with a status of 501 (Not Implemented) @ http://localhost:3119/api/v1/admin/impersonate:0
[ 7778413ms] [ERROR] Failed to load resource: the server responded with a status of 501 (Not Implemented) @ http://localhost:3119/api/v1/admin/impersonate:0
[ 7805314ms] [ERROR] Failed to load resource: the server responded with a status of 503 (Service Unavailable) @ http://localhost:3119/api/v1/system/health:0
[ 7808436ms] [ERROR] Failed to load resource: the server responded with a status of 501 (Not Implemented) @ http://localhost:3119/api/v1/admin/impersonate:0
[ 7808480ms] [ERROR] Failed to load resource: the server responded with a status of 501 (Not Implemented) @ http://localhost:3119/api/v1/admin/impersonate:0
[ 7835332ms] [ERROR] Failed to load resource: the server responded with a status of 503 (Service Unavailable) @ http://localhost:3119/api/v1/system/health:0
[ 7838495ms] [ERROR] Failed to load resource: the server responded with a status of 501 (Not Implemented) @ http://localhost:3119/api/v1/admin/impersonate:0
[ 7838506ms] [ERROR] Failed to load resource: the server responded with a status of 501 (Not Implemented) @ http://localhost:3119/api/v1/admin/impersonate:0
[ 7865353ms] [ERROR] Failed to load resource: the server responded with a status of 503 (Service Unavailable) @ http://localhost:3119/api/v1/system/health:0
[ 7868520ms] [ERROR] Failed to load resource: the server responded with a status of 501 (Not Implemented) @ http://localhost:3119/api/v1/admin/impersonate:0
[ 7868532ms] [ERROR] Failed to load resource: the server responded with a status of 501 (Not Implemented) @ http://localhost:3119/api/v1/admin/impersonate:0
[ 7895372ms] [ERROR] Failed to load resource: the server responded with a status of 503 (Service Unavailable) @ http://localhost:3119/api/v1/system/health:0
[ 7898547ms] [ERROR] Failed to load resource: the server responded with a status of 501 (Not Implemented) @ http://localhost:3119/api/v1/admin/impersonate:0
[ 7898557ms] [ERROR] Failed to load resource: the server responded with a status of 501 (Not Implemented) @ http://localhost:3119/api/v1/admin/impersonate:0
[ 7925389ms] [ERROR] Failed to load resource: the server responded with a status of 503 (Service Unavailable) @ http://localhost:3119/api/v1/system/health:0
[ 7928569ms] [ERROR] Failed to load resource: the server responded with a status of 501 (Not Implemented) @ http://localhost:3119/api/v1/admin/impersonate:0
[ 7928581ms] [ERROR] Failed to load resource: the server responded with a status of 501 (Not Implemented) @ http://localhost:3119/api/v1/admin/impersonate:0
[ 7955409ms] [ERROR] Failed to load resource: the server responded with a status of 503 (Service Unavailable) @ http://localhost:3119/api/v1/system/health:0
[ 7958607ms] [ERROR] Failed to load resource: the server responded with a status of 501 (Not Implemented) @ http://localhost:3119/api/v1/admin/impersonate:0
[ 7958619ms] [ERROR] Failed to load resource: the server responded with a status of 501 (Not Implemented) @ http://localhost:3119/api/v1/admin/impersonate:0
[ 7985422ms] [ERROR] Failed to load resource: the server responded with a status of 503 (Service Unavailable) @ http://localhost:3119/api/v1/system/health:0
[ 7988628ms] [ERROR] Failed to load resource: the server responded with a status of 501 (Not Implemented) @ http://localhost:3119/api/v1/admin/impersonate:0
[ 7988638ms] [ERROR] Failed to load resource: the server responded with a status of 501 (Not Implemented) @ http://localhost:3119/api/v1/admin/impersonate:0
[ 8015446ms] [ERROR] Failed to load resource: the server responded with a status of 503 (Service Unavailable) @ http://localhost:3119/api/v1/system/health:0
[ 8018661ms] [ERROR] Failed to load resource: the server responded with a status of 501 (Not Implemented) @ http://localhost:3119/api/v1/admin/impersonate:0
[ 8018673ms] [ERROR] Failed to load resource: the server responded with a status of 501 (Not Implemented) @ http://localhost:3119/api/v1/admin/impersonate:0
[ 8045473ms] [ERROR] Failed to load resource: the server responded with a status of 503 (Service Unavailable) @ http://localhost:3119/api/v1/system/health:0
[ 8048701ms] [ERROR] Failed to load resource: the server responded with a status of 501 (Not Implemented) @ http://localhost:3119/api/v1/admin/impersonate:0
[ 8048712ms] [ERROR] Failed to load resource: the server responded with a status of 501 (Not Implemented) @ http://localhost:3119/api/v1/admin/impersonate:0
[ 8075493ms] [ERROR] Failed to load resource: the server responded with a status of 503 (Service Unavailable) @ http://localhost:3119/api/v1/system/health:0
[ 8078725ms] [ERROR] Failed to load resource: the server responded with a status of 501 (Not Implemented) @ http://localhost:3119/api/v1/admin/impersonate:0
[ 8078737ms] [ERROR] Failed to load resource: the server responded with a status of 501 (Not Implemented) @ http://localhost:3119/api/v1/admin/impersonate:0
[ 8105522ms] [ERROR] Failed to load resource: the server responded with a status of 503 (Service Unavailable) @ http://localhost:3119/api/v1/system/health:0
[ 8108758ms] [ERROR] Failed to load resource: the server responded with a status of 501 (Not Implemented) @ http://localhost:3119/api/v1/admin/impersonate:0
[ 8108770ms] [ERROR] Failed to load resource: the server responded with a status of 501 (Not Implemented) @ http://localhost:3119/api/v1/admin/impersonate:0
[ 8135537ms] [ERROR] Failed to load resource: the server responded with a status of 503 (Service Unavailable) @ http://localhost:3119/api/v1/system/health:0
[ 8138780ms] [ERROR] Failed to load resource: the server responded with a status of 501 (Not Implemented) @ http://localhost:3119/api/v1/admin/impersonate:0
[ 8138790ms] [ERROR] Failed to load resource: the server responded with a status of 501 (Not Implemented) @ http://localhost:3119/api/v1/admin/impersonate:0
[ 8165547ms] [ERROR] Failed to load resource: the server responded with a status of 503 (Service Unavailable) @ http://localhost:3119/api/v1/system/health:0
[ 8168806ms] [ERROR] Failed to load resource: the server responded with a status of 501 (Not Implemented) @ http://localhost:3119/api/v1/admin/impersonate:0
[ 8168817ms] [ERROR] Failed to load resource: the server responded with a status of 501 (Not Implemented) @ http://localhost:3119/api/v1/admin/impersonate:0
[ 8195561ms] [ERROR] Failed to load resource: the server responded with a status of 503 (Service Unavailable) @ http://localhost:3119/api/v1/system/health:0
[ 8198832ms] [ERROR] Failed to load resource: the server responded with a status of 501 (Not Implemented) @ http://localhost:3119/api/v1/admin/impersonate:0
[ 8198844ms] [ERROR] Failed to load resource: the server responded with a status of 501 (Not Implemented) @ http://localhost:3119/api/v1/admin/impersonate:0
[ 8225577ms] [ERROR] Failed to load resource: the server responded with a status of 503 (Service Unavailable) @ http://localhost:3119/api/v1/system/health:0
[ 8228863ms] [ERROR] Failed to load resource: the server responded with a status of 501 (Not Implemented) @ http://localhost:3119/api/v1/admin/impersonate:0
[ 8228875ms] [ERROR] Failed to load resource: the server responded with a status of 501 (Not Implemented) @ http://localhost:3119/api/v1/admin/impersonate:0
[ 8255591ms] [ERROR] Failed to load resource: the server responded with a status of 503 (Service Unavailable) @ http://localhost:3119/api/v1/system/health:0
[ 8258889ms] [ERROR] Failed to load resource: the server responded with a status of 501 (Not Implemented) @ http://localhost:3119/api/v1/admin/impersonate:0
[ 8258900ms] [ERROR] Failed to load resource: the server responded with a status of 501 (Not Implemented) @ http://localhost:3119/api/v1/admin/impersonate:0
[ 8285605ms] [ERROR] Failed to load resource: the server responded with a status of 503 (Service Unavailable) @ http://localhost:3119/api/v1/system/health:0
[ 8288917ms] [ERROR] Failed to load resource: the server responded with a status of 501 (Not Implemented) @ http://localhost:3119/api/v1/admin/impersonate:0
[ 8288929ms] [ERROR] Failed to load resource: the server responded with a status of 501 (Not Implemented) @ http://localhost:3119/api/v1/admin/impersonate:0
[ 8315617ms] [ERROR] Failed to load resource: the server responded with a status of 503 (Service Unavailable) @ http://localhost:3119/api/v1/system/health:0
[ 8318938ms] [ERROR] Failed to load resource: the server responded with a status of 501 (Not Implemented) @ http://localhost:3119/api/v1/admin/impersonate:0
[ 8318951ms] [ERROR] Failed to load resource: the server responded with a status of 501 (Not Implemented) @ http://localhost:3119/api/v1/admin/impersonate:0
[ 8345633ms] [ERROR] Failed to load resource: the server responded with a status of 503 (Service Unavailable) @ http://localhost:3119/api/v1/system/health:0
[ 8348964ms] [ERROR] Failed to load resource: the server responded with a status of 501 (Not Implemented) @ http://localhost:3119/api/v1/admin/impersonate:0
[ 8348984ms] [ERROR] Failed to load resource: the server responded with a status of 501 (Not Implemented) @ http://localhost:3119/api/v1/admin/impersonate:0
[ 8375650ms] [ERROR] Failed to load resource: the server responded with a status of 503 (Service Unavailable) @ http://localhost:3119/api/v1/system/health:0
[ 8378998ms] [ERROR] Failed to load resource: the server responded with a status of 501 (Not Implemented) @ http://localhost:3119/api/v1/admin/impersonate:0
[ 8379021ms] [ERROR] Failed to load resource: the server responded with a status of 501 (Not Implemented) @ http://localhost:3119/api/v1/admin/impersonate:0
[ 8405674ms] [ERROR] Failed to load resource: the server responded with a status of 503 (Service Unavailable) @ http://localhost:3119/api/v1/system/health:0
[ 8409032ms] [ERROR] Failed to load resource: the server responded with a status of 501 (Not Implemented) @ http://localhost:3119/api/v1/admin/impersonate:0
[ 8409048ms] [ERROR] Failed to load resource: the server responded with a status of 501 (Not Implemented) @ http://localhost:3119/api/v1/admin/impersonate:0
[ 8435687ms] [ERROR] Failed to load resource: the server responded with a status of 503 (Service Unavailable) @ http://localhost:3119/api/v1/system/health:0
[ 8439066ms] [ERROR] Failed to load resource: the server responded with a status of 501 (Not Implemented) @ http://localhost:3119/api/v1/admin/impersonate:0
[ 8439080ms] [ERROR] Failed to load resource: the server responded with a status of 501 (Not Implemented) @ http://localhost:3119/api/v1/admin/impersonate:0
[ 8465700ms] [ERROR] Failed to load resource: the server responded with a status of 503 (Service Unavailable) @ http://localhost:3119/api/v1/system/health:0
[ 8469094ms] [ERROR] Failed to load resource: the server responded with a status of 501 (Not Implemented) @ http://localhost:3119/api/v1/admin/impersonate:0
[ 8469115ms] [ERROR] Failed to load resource: the server responded with a status of 501 (Not Implemented) @ http://localhost:3119/api/v1/admin/impersonate:0
[ 8495720ms] [ERROR] Failed to load resource: the server responded with a status of 503 (Service Unavailable) @ http://localhost:3119/api/v1/system/health:0
[ 8499138ms] [ERROR] Failed to load resource: the server responded with a status of 501 (Not Implemented) @ http://localhost:3119/api/v1/admin/impersonate:0
[ 8499166ms] [ERROR] Failed to load resource: the server responded with a status of 501 (Not Implemented) @ http://localhost:3119/api/v1/admin/impersonate:0
[ 8525731ms] [ERROR] Failed to load resource: the server responded with a status of 503 (Service Unavailable) @ http://localhost:3119/api/v1/system/health:0
[ 8529181ms] [ERROR] Failed to load resource: the server responded with a status of 501 (Not Implemented) @ http://localhost:3119/api/v1/admin/impersonate:0
[ 8529196ms] [ERROR] Failed to load resource: the server responded with a status of 501 (Not Implemented) @ http://localhost:3119/api/v1/admin/impersonate:0
[ 8555748ms] [ERROR] Failed to load resource: the server responded with a status of 503 (Service Unavailable) @ http://localhost:3119/api/v1/system/health:0
[ 8559224ms] [ERROR] Failed to load resource: the server responded with a status of 501 (Not Implemented) @ http://localhost:3119/api/v1/admin/impersonate:0
[ 8559235ms] [ERROR] Failed to load resource: the server responded with a status of 501 (Not Implemented) @ http://localhost:3119/api/v1/admin/impersonate:0
[ 8585763ms] [ERROR] Failed to load resource: the server responded with a status of 503 (Service Unavailable) @ http://localhost:3119/api/v1/system/health:0
[ 8589254ms] [ERROR] Failed to load resource: the server responded with a status of 501 (Not Implemented) @ http://localhost:3119/api/v1/admin/impersonate:0
[ 8589265ms] [ERROR] Failed to load resource: the server responded with a status of 501 (Not Implemented) @ http://localhost:3119/api/v1/admin/impersonate:0
[ 8615775ms] [ERROR] Failed to load resource: the server responded with a status of 503 (Service Unavailable) @ http://localhost:3119/api/v1/system/health:0
[ 8619275ms] [ERROR] Failed to load resource: the server responded with a status of 501 (Not Implemented) @ http://localhost:3119/api/v1/admin/impersonate:0
[ 8619291ms] [ERROR] Failed to load resource: the server responded with a status of 501 (Not Implemented) @ http://localhost:3119/api/v1/admin/impersonate:0
[ 8645785ms] [ERROR] Failed to load resource: the server responded with a status of 503 (Service Unavailable) @ http://localhost:3119/api/v1/system/health:0
[ 8649311ms] [ERROR] Failed to load resource: the server responded with a status of 501 (Not Implemented) @ http://localhost:3119/api/v1/admin/impersonate:0
[ 8649322ms] [ERROR] Failed to load resource: the server responded with a status of 501 (Not Implemented) @ http://localhost:3119/api/v1/admin/impersonate:0
[ 8675798ms] [ERROR] Failed to load resource: the server responded with a status of 503 (Service Unavailable) @ http://localhost:3119/api/v1/system/health:0
[ 8679341ms] [ERROR] Failed to load resource: the server responded with a status of 501 (Not Implemented) @ http://localhost:3119/api/v1/admin/impersonate:0
[ 8679351ms] [ERROR] Failed to load resource: the server responded with a status of 501 (Not Implemented) @ http://localhost:3119/api/v1/admin/impersonate:0
[ 8705811ms] [ERROR] Failed to load resource: the server responded with a status of 503 (Service Unavailable) @ http://localhost:3119/api/v1/system/health:0
[ 8709371ms] [ERROR] Failed to load resource: the server responded with a status of 501 (Not Implemented) @ http://localhost:3119/api/v1/admin/impersonate:0
[ 8709381ms] [ERROR] Failed to load resource: the server responded with a status of 501 (Not Implemented) @ http://localhost:3119/api/v1/admin/impersonate:0
[ 8735823ms] [ERROR] Failed to load resource: the server responded with a status of 503 (Service Unavailable) @ http://localhost:3119/api/v1/system/health:0
[ 8739390ms] [ERROR] Failed to load resource: the server responded with a status of 501 (Not Implemented) @ http://localhost:3119/api/v1/admin/impersonate:0
[ 8739398ms] [ERROR] Failed to load resource: the server responded with a status of 501 (Not Implemented) @ http://localhost:3119/api/v1/admin/impersonate:0
[ 8765841ms] [ERROR] Failed to load resource: the server responded with a status of 503 (Service Unavailable) @ http://localhost:3119/api/v1/system/health:0
[ 8769413ms] [ERROR] Failed to load resource: the server responded with a status of 501 (Not Implemented) @ http://localhost:3119/api/v1/admin/impersonate:0
[ 8769422ms] [ERROR] Failed to load resource: the server responded with a status of 501 (Not Implemented) @ http://localhost:3119/api/v1/admin/impersonate:0
[ 8795862ms] [ERROR] Failed to load resource: the server responded with a status of 503 (Service Unavailable) @ http://localhost:3119/api/v1/system/health:0
[ 8799438ms] [ERROR] Failed to load resource: the server responded with a status of 501 (Not Implemented) @ http://localhost:3119/api/v1/admin/impersonate:0
[ 8799447ms] [ERROR] Failed to load resource: the server responded with a status of 501 (Not Implemented) @ http://localhost:3119/api/v1/admin/impersonate:0
[ 8825873ms] [ERROR] Failed to load resource: the server responded with a status of 503 (Service Unavailable) @ http://localhost:3119/api/v1/system/health:0
[ 8829469ms] [ERROR] Failed to load resource: the server responded with a status of 501 (Not Implemented) @ http://localhost:3119/api/v1/admin/impersonate:0
[ 8829479ms] [ERROR] Failed to load resource: the server responded with a status of 501 (Not Implemented) @ http://localhost:3119/api/v1/admin/impersonate:0
[ 8855885ms] [ERROR] Failed to load resource: the server responded with a status of 503 (Service Unavailable) @ http://localhost:3119/api/v1/system/health:0
[ 8859495ms] [ERROR] Failed to load resource: the server responded with a status of 501 (Not Implemented) @ http://localhost:3119/api/v1/admin/impersonate:0
[ 8859504ms] [ERROR] Failed to load resource: the server responded with a status of 501 (Not Implemented) @ http://localhost:3119/api/v1/admin/impersonate:0
[ 8885902ms] [ERROR] Failed to load resource: the server responded with a status of 503 (Service Unavailable) @ http://localhost:3119/api/v1/system/health:0
[ 8889516ms] [ERROR] Failed to load resource: the server responded with a status of 501 (Not Implemented) @ http://localhost:3119/api/v1/admin/impersonate:0
[ 8889526ms] [ERROR] Failed to load resource: the server responded with a status of 501 (Not Implemented) @ http://localhost:3119/api/v1/admin/impersonate:0
[ 8915921ms] [ERROR] Failed to load resource: the server responded with a status of 503 (Service Unavailable) @ http://localhost:3119/api/v1/system/health:0
[ 8919539ms] [ERROR] Failed to load resource: the server responded with a status of 501 (Not Implemented) @ http://localhost:3119/api/v1/admin/impersonate:0
[ 8919549ms] [ERROR] Failed to load resource: the server responded with a status of 501 (Not Implemented) @ http://localhost:3119/api/v1/admin/impersonate:0
[ 8945937ms] [ERROR] Failed to load resource: the server responded with a status of 503 (Service Unavailable) @ http://localhost:3119/api/v1/system/health:0
[ 8949561ms] [ERROR] Failed to load resource: the server responded with a status of 501 (Not Implemented) @ http://localhost:3119/api/v1/admin/impersonate:0
[ 8949582ms] [ERROR] Failed to load resource: the server responded with a status of 501 (Not Implemented) @ http://localhost:3119/api/v1/admin/impersonate:0
[ 8975952ms] [ERROR] Failed to load resource: the server responded with a status of 503 (Service Unavailable) @ http://localhost:3119/api/v1/system/health:0
[ 8979598ms] [ERROR] Failed to load resource: the server responded with a status of 501 (Not Implemented) @ http://localhost:3119/api/v1/admin/impersonate:0
[ 8979606ms] [ERROR] Failed to load resource: the server responded with a status of 501 (Not Implemented) @ http://localhost:3119/api/v1/admin/impersonate:0
[ 9005963ms] [ERROR] Failed to load resource: the server responded with a status of 503 (Service Unavailable) @ http://localhost:3119/api/v1/system/health:0
[ 9009623ms] [ERROR] Failed to load resource: the server responded with a status of 501 (Not Implemented) @ http://localhost:3119/api/v1/admin/impersonate:0
[ 9009634ms] [ERROR] Failed to load resource: the server responded with a status of 501 (Not Implemented) @ http://localhost:3119/api/v1/admin/impersonate:0
[ 9035979ms] [ERROR] Failed to load resource: the server responded with a status of 503 (Service Unavailable) @ http://localhost:3119/api/v1/system/health:0
[ 9039646ms] [ERROR] Failed to load resource: the server responded with a status of 501 (Not Implemented) @ http://localhost:3119/api/v1/admin/impersonate:0
[ 9039656ms] [ERROR] Failed to load resource: the server responded with a status of 501 (Not Implemented) @ http://localhost:3119/api/v1/admin/impersonate:0
[ 9065991ms] [ERROR] Failed to load resource: the server responded with a status of 503 (Service Unavailable) @ http://localhost:3119/api/v1/system/health:0
[ 9069676ms] [ERROR] Failed to load resource: the server responded with a status of 501 (Not Implemented) @ http://localhost:3119/api/v1/admin/impersonate:0
[ 9069688ms] [ERROR] Failed to load resource: the server responded with a status of 501 (Not Implemented) @ http://localhost:3119/api/v1/admin/impersonate:0
[ 9096012ms] [ERROR] Failed to load resource: the server responded with a status of 503 (Service Unavailable) @ http://localhost:3119/api/v1/system/health:0
[ 9099701ms] [ERROR] Failed to load resource: the server responded with a status of 501 (Not Implemented) @ http://localhost:3119/api/v1/admin/impersonate:0
[ 9099712ms] [ERROR] Failed to load resource: the server responded with a status of 501 (Not Implemented) @ http://localhost:3119/api/v1/admin/impersonate:0
[ 9126026ms] [ERROR] Failed to load resource: the server responded with a status of 503 (Service Unavailable) @ http://localhost:3119/api/v1/system/health:0
[ 9129729ms] [ERROR] Failed to load resource: the server responded with a status of 501 (Not Implemented) @ http://localhost:3119/api/v1/admin/impersonate:0
[ 9129740ms] [ERROR] Failed to load resource: the server responded with a status of 501 (Not Implemented) @ http://localhost:3119/api/v1/admin/impersonate:0
[ 9156049ms] [ERROR] Failed to load resource: the server responded with a status of 503 (Service Unavailable) @ http://localhost:3119/api/v1/system/health:0
[ 9159757ms] [ERROR] Failed to load resource: the server responded with a status of 501 (Not Implemented) @ http://localhost:3119/api/v1/admin/impersonate:0
[ 9159769ms] [ERROR] Failed to load resource: the server responded with a status of 501 (Not Implemented) @ http://localhost:3119/api/v1/admin/impersonate:0
[ 9186063ms] [ERROR] Failed to load resource: the server responded with a status of 503 (Service Unavailable) @ http://localhost:3119/api/v1/system/health:0
[ 9189789ms] [ERROR] Failed to load resource: the server responded with a status of 501 (Not Implemented) @ http://localhost:3119/api/v1/admin/impersonate:0
[ 9189799ms] [ERROR] Failed to load resource: the server responded with a status of 501 (Not Implemented) @ http://localhost:3119/api/v1/admin/impersonate:0
[ 9216078ms] [ERROR] Failed to load resource: the server responded with a status of 503 (Service Unavailable) @ http://localhost:3119/api/v1/system/health:0
[ 9219818ms] [ERROR] Failed to load resource: the server responded with a status of 501 (Not Implemented) @ http://localhost:3119/api/v1/admin/impersonate:0
[ 9219829ms] [ERROR] Failed to load resource: the server responded with a status of 501 (Not Implemented) @ http://localhost:3119/api/v1/admin/impersonate:0
[ 9246090ms] [ERROR] Failed to load resource: the server responded with a status of 503 (Service Unavailable) @ http://localhost:3119/api/v1/system/health:0
[ 9249847ms] [ERROR] Failed to load resource: the server responded with a status of 501 (Not Implemented) @ http://localhost:3119/api/v1/admin/impersonate:0
[ 9249858ms] [ERROR] Failed to load resource: the server responded with a status of 501 (Not Implemented) @ http://localhost:3119/api/v1/admin/impersonate:0
[ 9276104ms] [ERROR] Failed to load resource: the server responded with a status of 503 (Service Unavailable) @ http://localhost:3119/api/v1/system/health:0
[ 9279869ms] [ERROR] Failed to load resource: the server responded with a status of 501 (Not Implemented) @ http://localhost:3119/api/v1/admin/impersonate:0
[ 9279889ms] [ERROR] Failed to load resource: the server responded with a status of 501 (Not Implemented) @ http://localhost:3119/api/v1/admin/impersonate:0
[ 9306122ms] [ERROR] Failed to load resource: the server responded with a status of 503 (Service Unavailable) @ http://localhost:3119/api/v1/system/health:0
[ 9309907ms] [ERROR] Failed to load resource: the server responded with a status of 501 (Not Implemented) @ http://localhost:3119/api/v1/admin/impersonate:0
[ 9309918ms] [ERROR] Failed to load resource: the server responded with a status of 501 (Not Implemented) @ http://localhost:3119/api/v1/admin/impersonate:0
[ 9336139ms] [ERROR] Failed to load resource: the server responded with a status of 503 (Service Unavailable) @ http://localhost:3119/api/v1/system/health:0
[ 9339932ms] [ERROR] Failed to load resource: the server responded with a status of 501 (Not Implemented) @ http://localhost:3119/api/v1/admin/impersonate:0
[ 9339941ms] [ERROR] Failed to load resource: the server responded with a status of 501 (Not Implemented) @ http://localhost:3119/api/v1/admin/impersonate:0
[ 9366153ms] [ERROR] Failed to load resource: the server responded with a status of 503 (Service Unavailable) @ http://localhost:3119/api/v1/system/health:0
[ 9369953ms] [ERROR] Failed to load resource: the server responded with a status of 501 (Not Implemented) @ http://localhost:3119/api/v1/admin/impersonate:0
[ 9369972ms] [ERROR] Failed to load resource: the server responded with a status of 501 (Not Implemented) @ http://localhost:3119/api/v1/admin/impersonate:0
[ 9396166ms] [ERROR] Failed to load resource: the server responded with a status of 503 (Service Unavailable) @ http://localhost:3119/api/v1/system/health:0
[ 9399988ms] [ERROR] Failed to load resource: the server responded with a status of 501 (Not Implemented) @ http://localhost:3119/api/v1/admin/impersonate:0
[ 9399997ms] [ERROR] Failed to load resource: the server responded with a status of 501 (Not Implemented) @ http://localhost:3119/api/v1/admin/impersonate:0
[ 9426178ms] [ERROR] Failed to load resource: the server responded with a status of 503 (Service Unavailable) @ http://localhost:3119/api/v1/system/health:0
[ 9430011ms] [ERROR] Failed to load resource: the server responded with a status of 501 (Not Implemented) @ http://localhost:3119/api/v1/admin/impersonate:0
[ 9430023ms] [ERROR] Failed to load resource: the server responded with a status of 501 (Not Implemented) @ http://localhost:3119/api/v1/admin/impersonate:0
[ 9456192ms] [ERROR] Failed to load resource: the server responded with a status of 503 (Service Unavailable) @ http://localhost:3119/api/v1/system/health:0
[ 9460039ms] [ERROR] Failed to load resource: the server responded with a status of 501 (Not Implemented) @ http://localhost:3119/api/v1/admin/impersonate:0
[ 9460048ms] [ERROR] Failed to load resource: the server responded with a status of 501 (Not Implemented) @ http://localhost:3119/api/v1/admin/impersonate:0
[ 9486205ms] [ERROR] Failed to load resource: the server responded with a status of 503 (Service Unavailable) @ http://localhost:3119/api/v1/system/health:0
[ 9490059ms] [ERROR] Failed to load resource: the server responded with a status of 501 (Not Implemented) @ http://localhost:3119/api/v1/admin/impersonate:0
[ 9490082ms] [ERROR] Failed to load resource: the server responded with a status of 501 (Not Implemented) @ http://localhost:3119/api/v1/admin/impersonate:0
[ 9516225ms] [ERROR] Failed to load resource: the server responded with a status of 503 (Service Unavailable) @ http://localhost:3119/api/v1/system/health:0
[ 9520096ms] [ERROR] Failed to load resource: the server responded with a status of 501 (Not Implemented) @ http://localhost:3119/api/v1/admin/impersonate:0
[ 9520106ms] [ERROR] Failed to load resource: the server responded with a status of 501 (Not Implemented) @ http://localhost:3119/api/v1/admin/impersonate:0
[ 9546245ms] [ERROR] Failed to load resource: the server responded with a status of 503 (Service Unavailable) @ http://localhost:3119/api/v1/system/health:0
[ 9550126ms] [ERROR] Failed to load resource: the server responded with a status of 501 (Not Implemented) @ http://localhost:3119/api/v1/admin/impersonate:0
[ 9550139ms] [ERROR] Failed to load resource: the server responded with a status of 501 (Not Implemented) @ http://localhost:3119/api/v1/admin/impersonate:0
[ 9576263ms] [ERROR] Failed to load resource: the server responded with a status of 503 (Service Unavailable) @ http://localhost:3119/api/v1/system/health:0
[ 9580156ms] [ERROR] Failed to load resource: the server responded with a status of 501 (Not Implemented) @ http://localhost:3119/api/v1/admin/impersonate:0
[ 9580165ms] [ERROR] Failed to load resource: the server responded with a status of 501 (Not Implemented) @ http://localhost:3119/api/v1/admin/impersonate:0
[ 9606293ms] [ERROR] Failed to load resource: the server responded with a status of 503 (Service Unavailable) @ http://localhost:3119/api/v1/system/health:0
[ 9610183ms] [ERROR] Failed to load resource: the server responded with a status of 501 (Not Implemented) @ http://localhost:3119/api/v1/admin/impersonate:0
[ 9610197ms] [ERROR] Failed to load resource: the server responded with a status of 501 (Not Implemented) @ http://localhost:3119/api/v1/admin/impersonate:0
[ 9636310ms] [ERROR] Failed to load resource: the server responded with a status of 503 (Service Unavailable) @ http://localhost:3119/api/v1/system/health:0
[ 9640211ms] [ERROR] Failed to load resource: the server responded with a status of 501 (Not Implemented) @ http://localhost:3119/api/v1/admin/impersonate:0
[ 9640220ms] [ERROR] Failed to load resource: the server responded with a status of 501 (Not Implemented) @ http://localhost:3119/api/v1/admin/impersonate:0
[ 9666323ms] [ERROR] Failed to load resource: the server responded with a status of 503 (Service Unavailable) @ http://localhost:3119/api/v1/system/health:0
[ 9670233ms] [ERROR] Failed to load resource: the server responded with a status of 501 (Not Implemented) @ http://localhost:3119/api/v1/admin/impersonate:0
[ 9670243ms] [ERROR] Failed to load resource: the server responded with a status of 501 (Not Implemented) @ http://localhost:3119/api/v1/admin/impersonate:0
[ 9696339ms] [ERROR] Failed to load resource: the server responded with a status of 503 (Service Unavailable) @ http://localhost:3119/api/v1/system/health:0
[ 9700260ms] [ERROR] Failed to load resource: the server responded with a status of 501 (Not Implemented) @ http://localhost:3119/api/v1/admin/impersonate:0
[ 9700270ms] [ERROR] Failed to load resource: the server responded with a status of 501 (Not Implemented) @ http://localhost:3119/api/v1/admin/impersonate:0
[ 9726352ms] [ERROR] Failed to load resource: the server responded with a status of 503 (Service Unavailable) @ http://localhost:3119/api/v1/system/health:0
[ 9730283ms] [ERROR] Failed to load resource: the server responded with a status of 501 (Not Implemented) @ http://localhost:3119/api/v1/admin/impersonate:0
[ 9730304ms] [ERROR] Failed to load resource: the server responded with a status of 501 (Not Implemented) @ http://localhost:3119/api/v1/admin/impersonate:0
[ 9756378ms] [ERROR] Failed to load resource: the server responded with a status of 503 (Service Unavailable) @ http://localhost:3119/api/v1/system/health:0
[ 9760323ms] [ERROR] Failed to load resource: the server responded with a status of 501 (Not Implemented) @ http://localhost:3119/api/v1/admin/impersonate:0
[ 9760333ms] [ERROR] Failed to load resource: the server responded with a status of 501 (Not Implemented) @ http://localhost:3119/api/v1/admin/impersonate:0
[ 9786391ms] [ERROR] Failed to load resource: the server responded with a status of 503 (Service Unavailable) @ http://localhost:3119/api/v1/system/health:0
[ 9790355ms] [ERROR] Failed to load resource: the server responded with a status of 501 (Not Implemented) @ http://localhost:3119/api/v1/admin/impersonate:0
[ 9790367ms] [ERROR] Failed to load resource: the server responded with a status of 501 (Not Implemented) @ http://localhost:3119/api/v1/admin/impersonate:0
[ 9816399ms] [ERROR] Failed to load resource: the server responded with a status of 503 (Service Unavailable) @ http://localhost:3119/api/v1/system/health:0
[ 9820381ms] [ERROR] Failed to load resource: the server responded with a status of 501 (Not Implemented) @ http://localhost:3119/api/v1/admin/impersonate:0
[ 9820390ms] [ERROR] Failed to load resource: the server responded with a status of 501 (Not Implemented) @ http://localhost:3119/api/v1/admin/impersonate:0
[ 9846422ms] [ERROR] Failed to load resource: the server responded with a status of 503 (Service Unavailable) @ http://localhost:3119/api/v1/system/health:0
[ 9850403ms] [ERROR] Failed to load resource: the server responded with a status of 501 (Not Implemented) @ http://localhost:3119/api/v1/admin/impersonate:0
[ 9850414ms] [ERROR] Failed to load resource: the server responded with a status of 501 (Not Implemented) @ http://localhost:3119/api/v1/admin/impersonate:0
[ 9876443ms] [ERROR] Failed to load resource: the server responded with a status of 503 (Service Unavailable) @ http://localhost:3119/api/v1/system/health:0
[ 9880429ms] [ERROR] Failed to load resource: the server responded with a status of 501 (Not Implemented) @ http://localhost:3119/api/v1/admin/impersonate:0
[ 9880438ms] [ERROR] Failed to load resource: the server responded with a status of 501 (Not Implemented) @ http://localhost:3119/api/v1/admin/impersonate:0
[ 9906461ms] [ERROR] Failed to load resource: the server responded with a status of 503 (Service Unavailable) @ http://localhost:3119/api/v1/system/health:0
[ 9910455ms] [ERROR] Failed to load resource: the server responded with a status of 501 (Not Implemented) @ http://localhost:3119/api/v1/admin/impersonate:0
[ 9910465ms] [ERROR] Failed to load resource: the server responded with a status of 501 (Not Implemented) @ http://localhost:3119/api/v1/admin/impersonate:0
[ 9936475ms] [ERROR] Failed to load resource: the server responded with a status of 503 (Service Unavailable) @ http://localhost:3119/api/v1/system/health:0
[ 9940479ms] [ERROR] Failed to load resource: the server responded with a status of 501 (Not Implemented) @ http://localhost:3119/api/v1/admin/impersonate:0
[ 9940488ms] [ERROR] Failed to load resource: the server responded with a status of 501 (Not Implemented) @ http://localhost:3119/api/v1/admin/impersonate:0
[ 9966488ms] [ERROR] Failed to load resource: the server responded with a status of 503 (Service Unavailable) @ http://localhost:3119/api/v1/system/health:0
[ 9970502ms] [ERROR] Failed to load resource: the server responded with a status of 501 (Not Implemented) @ http://localhost:3119/api/v1/admin/impersonate:0
[ 9970513ms] [ERROR] Failed to load resource: the server responded with a status of 501 (Not Implemented) @ http://localhost:3119/api/v1/admin/impersonate:0
[ 9996505ms] [ERROR] Failed to load resource: the server responded with a status of 503 (Service Unavailable) @ http://localhost:3119/api/v1/system/health:0
[10000522ms] [ERROR] Failed to load resource: the server responded with a status of 501 (Not Implemented) @ http://localhost:3119/api/v1/admin/impersonate:0
[10000530ms] [ERROR] Failed to load resource: the server responded with a status of 501 (Not Implemented) @ http://localhost:3119/api/v1/admin/impersonate:0
[10026521ms] [ERROR] Failed to load resource: the server responded with a status of 503 (Service Unavailable) @ http://localhost:3119/api/v1/system/health:0
[10030546ms] [ERROR] Failed to load resource: the server responded with a status of 501 (Not Implemented) @ http://localhost:3119/api/v1/admin/impersonate:0
[10030556ms] [ERROR] Failed to load resource: the server responded with a status of 501 (Not Implemented) @ http://localhost:3119/api/v1/admin/impersonate:0
[10056535ms] [ERROR] Failed to load resource: the server responded with a status of 503 (Service Unavailable) @ http://localhost:3119/api/v1/system/health:0
[10060572ms] [ERROR] Failed to load resource: the server responded with a status of 501 (Not Implemented) @ http://localhost:3119/api/v1/admin/impersonate:0
[10060580ms] [ERROR] Failed to load resource: the server responded with a status of 501 (Not Implemented) @ http://localhost:3119/api/v1/admin/impersonate:0
[10086550ms] [ERROR] Failed to load resource: the server responded with a status of 503 (Service Unavailable) @ http://localhost:3119/api/v1/system/health:0
[10090595ms] [ERROR] Failed to load resource: the server responded with a status of 501 (Not Implemented) @ http://localhost:3119/api/v1/admin/impersonate:0
[10090606ms] [ERROR] Failed to load resource: the server responded with a status of 501 (Not Implemented) @ http://localhost:3119/api/v1/admin/impersonate:0
[10116570ms] [ERROR] Failed to load resource: the server responded with a status of 503 (Service Unavailable) @ http://localhost:3119/api/v1/system/health:0
[10120627ms] [ERROR] Failed to load resource: the server responded with a status of 501 (Not Implemented) @ http://localhost:3119/api/v1/admin/impersonate:0
[10120637ms] [ERROR] Failed to load resource: the server responded with a status of 501 (Not Implemented) @ http://localhost:3119/api/v1/admin/impersonate:0
[10146584ms] [ERROR] Failed to load resource: the server responded with a status of 503 (Service Unavailable) @ http://localhost:3119/api/v1/system/health:0
[10150649ms] [ERROR] Failed to load resource: the server responded with a status of 501 (Not Implemented) @ http://localhost:3119/api/v1/admin/impersonate:0
[10150660ms] [ERROR] Failed to load resource: the server responded with a status of 501 (Not Implemented) @ http://localhost:3119/api/v1/admin/impersonate:0
[10176600ms] [ERROR] Failed to load resource: the server responded with a status of 503 (Service Unavailable) @ http://localhost:3119/api/v1/system/health:0
[10180673ms] [ERROR] Failed to load resource: the server responded with a status of 501 (Not Implemented) @ http://localhost:3119/api/v1/admin/impersonate:0
[10180683ms] [ERROR] Failed to load resource: the server responded with a status of 501 (Not Implemented) @ http://localhost:3119/api/v1/admin/impersonate:0
[10206613ms] [ERROR] Failed to load resource: the server responded with a status of 503 (Service Unavailable) @ http://localhost:3119/api/v1/system/health:0
[10210703ms] [ERROR] Failed to load resource: the server responded with a status of 501 (Not Implemented) @ http://localhost:3119/api/v1/admin/impersonate:0
[10210713ms] [ERROR] Failed to load resource: the server responded with a status of 501 (Not Implemented) @ http://localhost:3119/api/v1/admin/impersonate:0
[10236629ms] [ERROR] Failed to load resource: the server responded with a status of 503 (Service Unavailable) @ http://localhost:3119/api/v1/system/health:0
[10240727ms] [ERROR] Failed to load resource: the server responded with a status of 501 (Not Implemented) @ http://localhost:3119/api/v1/admin/impersonate:0
[10240736ms] [ERROR] Failed to load resource: the server responded with a status of 501 (Not Implemented) @ http://localhost:3119/api/v1/admin/impersonate:0
[10266647ms] [ERROR] Failed to load resource: the server responded with a status of 503 (Service Unavailable) @ http://localhost:3119/api/v1/system/health:0
[10270751ms] [ERROR] Failed to load resource: the server responded with a status of 501 (Not Implemented) @ http://localhost:3119/api/v1/admin/impersonate:0
[10270762ms] [ERROR] Failed to load resource: the server responded with a status of 501 (Not Implemented) @ http://localhost:3119/api/v1/admin/impersonate:0
[10296665ms] [ERROR] Failed to load resource: the server responded with a status of 503 (Service Unavailable) @ http://localhost:3119/api/v1/system/health:0
[10300777ms] [ERROR] Failed to load resource: the server responded with a status of 501 (Not Implemented) @ http://localhost:3119/api/v1/admin/impersonate:0
[10300787ms] [ERROR] Failed to load resource: the server responded with a status of 501 (Not Implemented) @ http://localhost:3119/api/v1/admin/impersonate:0
[10326681ms] [ERROR] Failed to load resource: the server responded with a status of 503 (Service Unavailable) @ http://localhost:3119/api/v1/system/health:0
[10330808ms] [ERROR] Failed to load resource: the server responded with a status of 501 (Not Implemented) @ http://localhost:3119/api/v1/admin/impersonate:0
[10330820ms] [ERROR] Failed to load resource: the server responded with a status of 501 (Not Implemented) @ http://localhost:3119/api/v1/admin/impersonate:0
[10356701ms] [ERROR] Failed to load resource: the server responded with a status of 503 (Service Unavailable) @ http://localhost:3119/api/v1/system/health:0
[10360839ms] [ERROR] Failed to load resource: the server responded with a status of 501 (Not Implemented) @ http://localhost:3119/api/v1/admin/impersonate:0
[10360850ms] [ERROR] Failed to load resource: the server responded with a status of 501 (Not Implemented) @ http://localhost:3119/api/v1/admin/impersonate:0
[10386716ms] [ERROR] Failed to load resource: the server responded with a status of 503 (Service Unavailable) @ http://localhost:3119/api/v1/system/health:0
[10390869ms] [ERROR] Failed to load resource: the server responded with a status of 501 (Not Implemented) @ http://localhost:3119/api/v1/admin/impersonate:0
[10390880ms] [ERROR] Failed to load resource: the server responded with a status of 501 (Not Implemented) @ http://localhost:3119/api/v1/admin/impersonate:0
[10416733ms] [ERROR] Failed to load resource: the server responded with a status of 503 (Service Unavailable) @ http://localhost:3119/api/v1/system/health:0
[10420899ms] [ERROR] Failed to load resource: the server responded with a status of 501 (Not Implemented) @ http://localhost:3119/api/v1/admin/impersonate:0
[10420908ms] [ERROR] Failed to load resource: the server responded with a status of 501 (Not Implemented) @ http://localhost:3119/api/v1/admin/impersonate:0
[10446748ms] [ERROR] Failed to load resource: the server responded with a status of 503 (Service Unavailable) @ http://localhost:3119/api/v1/system/health:0
[10450930ms] [ERROR] Failed to load resource: the server responded with a status of 501 (Not Implemented) @ http://localhost:3119/api/v1/admin/impersonate:0
[10450939ms] [ERROR] Failed to load resource: the server responded with a status of 501 (Not Implemented) @ http://localhost:3119/api/v1/admin/impersonate:0
[10476758ms] [ERROR] Failed to load resource: the server responded with a status of 503 (Service Unavailable) @ http://localhost:3119/api/v1/system/health:0
[10480947ms] [ERROR] Failed to load resource: the server responded with a status of 501 (Not Implemented) @ http://localhost:3119/api/v1/admin/impersonate:0
[10480956ms] [ERROR] Failed to load resource: the server responded with a status of 501 (Not Implemented) @ http://localhost:3119/api/v1/admin/impersonate:0
[10506767ms] [ERROR] Failed to load resource: the server responded with a status of 503 (Service Unavailable) @ http://localhost:3119/api/v1/system/health:0
[10511066ms] [ERROR] Failed to load resource: the server responded with a status of 501 (Not Implemented) @ http://localhost:3119/api/v1/admin/impersonate:0
[10511108ms] [ERROR] Failed to load resource: the server responded with a status of 501 (Not Implemented) @ http://localhost:3119/api/v1/admin/impersonate:0
[10536775ms] [ERROR] Failed to load resource: the server responded with a status of 503 (Service Unavailable) @ http://localhost:3119/api/v1/system/health:0
[10541116ms] [ERROR] Failed to load resource: the server responded with a status of 501 (Not Implemented) @ http://localhost:3119/api/v1/admin/impersonate:0
[10541125ms] [ERROR] Failed to load resource: the server responded with a status of 501 (Not Implemented) @ http://localhost:3119/api/v1/admin/impersonate:0
[10566786ms] [ERROR] Failed to load resource: the server responded with a status of 503 (Service Unavailable) @ http://localhost:3119/api/v1/system/health:0
[10571136ms] [ERROR] Failed to load resource: the server responded with a status of 501 (Not Implemented) @ http://localhost:3119/api/v1/admin/impersonate:0
[10571145ms] [ERROR] Failed to load resource: the server responded with a status of 501 (Not Implemented) @ http://localhost:3119/api/v1/admin/impersonate:0
[10596800ms] [ERROR] Failed to load resource: the server responded with a status of 503 (Service Unavailable) @ http://localhost:3119/api/v1/system/health:0
[10601160ms] [ERROR] Failed to load resource: the server responded with a status of 501 (Not Implemented) @ http://localhost:3119/api/v1/admin/impersonate:0
[10601168ms] [ERROR] Failed to load resource: the server responded with a status of 501 (Not Implemented) @ http://localhost:3119/api/v1/admin/impersonate:0
[10626811ms] [ERROR] Failed to load resource: the server responded with a status of 503 (Service Unavailable) @ http://localhost:3119/api/v1/system/health:0
[10631176ms] [ERROR] Failed to load resource: the server responded with a status of 501 (Not Implemented) @ http://localhost:3119/api/v1/admin/impersonate:0
[10631184ms] [ERROR] Failed to load resource: the server responded with a status of 501 (Not Implemented) @ http://localhost:3119/api/v1/admin/impersonate:0
[10656820ms] [ERROR] Failed to load resource: the server responded with a status of 503 (Service Unavailable) @ http://localhost:3119/api/v1/system/health:0
[10661194ms] [ERROR] Failed to load resource: the server responded with a status of 501 (Not Implemented) @ http://localhost:3119/api/v1/admin/impersonate:0
[10661202ms] [ERROR] Failed to load resource: the server responded with a status of 501 (Not Implemented) @ http://localhost:3119/api/v1/admin/impersonate:0
[10686831ms] [ERROR] Failed to load resource: the server responded with a status of 503 (Service Unavailable) @ http://localhost:3119/api/v1/system/health:0
[10691213ms] [ERROR] Failed to load resource: the server responded with a status of 501 (Not Implemented) @ http://localhost:3119/api/v1/admin/impersonate:0
[10691222ms] [ERROR] Failed to load resource: the server responded with a status of 501 (Not Implemented) @ http://localhost:3119/api/v1/admin/impersonate:0
[10716928ms] [ERROR] Failed to load resource: the server responded with a status of 503 (Service Unavailable) @ http://localhost:3119/api/v1/system/health:0
[10721232ms] [ERROR] Failed to load resource: the server responded with a status of 501 (Not Implemented) @ http://localhost:3119/api/v1/admin/impersonate:0
[10721244ms] [ERROR] Failed to load resource: the server responded with a status of 501 (Not Implemented) @ http://localhost:3119/api/v1/admin/impersonate:0
[10746947ms] [ERROR] Failed to load resource: the server responded with a status of 503 (Service Unavailable) @ http://localhost:3119/api/v1/system/health:0
[10751263ms] [ERROR] Failed to load resource: the server responded with a status of 501 (Not Implemented) @ http://localhost:3119/api/v1/admin/impersonate:0
[10751289ms] [ERROR] Failed to load resource: the server responded with a status of 501 (Not Implemented) @ http://localhost:3119/api/v1/admin/impersonate:0
[10776983ms] [ERROR] Failed to load resource: the server responded with a status of 503 (Service Unavailable) @ http://localhost:3119/api/v1/system/health:0
[10781323ms] [ERROR] Failed to load resource: the server responded with a status of 501 (Not Implemented) @ http://localhost:3119/api/v1/admin/impersonate:0
[10781357ms] [ERROR] Failed to load resource: the server responded with a status of 501 (Not Implemented) @ http://localhost:3119/api/v1/admin/impersonate:0
[10807005ms] [ERROR] Failed to load resource: the server responded with a status of 503 (Service Unavailable) @ http://localhost:3119/api/v1/system/health:0
[10811446ms] [ERROR] Failed to load resource: the server responded with a status of 501 (Not Implemented) @ http://localhost:3119/api/v1/admin/impersonate:0
[10811540ms] [ERROR] Failed to load resource: the server responded with a status of 501 (Not Implemented) @ http://localhost:3119/api/v1/admin/impersonate:0
[10837020ms] [ERROR] Failed to load resource: the server responded with a status of 503 (Service Unavailable) @ http://localhost:3119/api/v1/system/health:0
[10841561ms] [ERROR] Failed to load resource: the server responded with a status of 501 (Not Implemented) @ http://localhost:3119/api/v1/admin/impersonate:0
[10841578ms] [ERROR] Failed to load resource: the server responded with a status of 501 (Not Implemented) @ http://localhost:3119/api/v1/admin/impersonate:0
[10867035ms] [ERROR] Failed to load resource: the server responded with a status of 503 (Service Unavailable) @ http://localhost:3119/api/v1/system/health:0
[10871606ms] [ERROR] Failed to load resource: the server responded with a status of 501 (Not Implemented) @ http://localhost:3119/api/v1/admin/impersonate:0
[10871618ms] [ERROR] Failed to load resource: the server responded with a status of 501 (Not Implemented) @ http://localhost:3119/api/v1/admin/impersonate:0
[10897055ms] [ERROR] Failed to load resource: the server responded with a status of 503 (Service Unavailable) @ http://localhost:3119/api/v1/system/health:0
[10901637ms] [ERROR] Failed to load resource: the server responded with a status of 501 (Not Implemented) @ http://localhost:3119/api/v1/admin/impersonate:0
[10901649ms] [ERROR] Failed to load resource: the server responded with a status of 501 (Not Implemented) @ http://localhost:3119/api/v1/admin/impersonate:0
[10927070ms] [ERROR] Failed to load resource: the server responded with a status of 503 (Service Unavailable) @ http://localhost:3119/api/v1/system/health:0
[10931668ms] [ERROR] Failed to load resource: the server responded with a status of 501 (Not Implemented) @ http://localhost:3119/api/v1/admin/impersonate:0
[10931678ms] [ERROR] Failed to load resource: the server responded with a status of 501 (Not Implemented) @ http://localhost:3119/api/v1/admin/impersonate:0
[10957083ms] [ERROR] Failed to load resource: the server responded with a status of 503 (Service Unavailable) @ http://localhost:3119/api/v1/system/health:0
[10961688ms] [ERROR] Failed to load resource: the server responded with a status of 501 (Not Implemented) @ http://localhost:3119/api/v1/admin/impersonate:0
[10961710ms] [ERROR] Failed to load resource: the server responded with a status of 501 (Not Implemented) @ http://localhost:3119/api/v1/admin/impersonate:0
[10987096ms] [ERROR] Failed to load resource: the server responded with a status of 503 (Service Unavailable) @ http://localhost:3119/api/v1/system/health:0
[10991722ms] [ERROR] Failed to load resource: the server responded with a status of 501 (Not Implemented) @ http://localhost:3119/api/v1/admin/impersonate:0
[10991744ms] [ERROR] Failed to load resource: the server responded with a status of 501 (Not Implemented) @ http://localhost:3119/api/v1/admin/impersonate:0
[11017115ms] [ERROR] Failed to load resource: the server responded with a status of 503 (Service Unavailable) @ http://localhost:3119/api/v1/system/health:0
[11021758ms] [ERROR] Failed to load resource: the server responded with a status of 501 (Not Implemented) @ http://localhost:3119/api/v1/admin/impersonate:0
[11021768ms] [ERROR] Failed to load resource: the server responded with a status of 501 (Not Implemented) @ http://localhost:3119/api/v1/admin/impersonate:0
[11047132ms] [ERROR] Failed to load resource: the server responded with a status of 503 (Service Unavailable) @ http://localhost:3119/api/v1/system/health:0
[11051779ms] [ERROR] Failed to load resource: the server responded with a status of 501 (Not Implemented) @ http://localhost:3119/api/v1/admin/impersonate:0
[11051795ms] [ERROR] Failed to load resource: the server responded with a status of 501 (Not Implemented) @ http://localhost:3119/api/v1/admin/impersonate:0
[11077148ms] [ERROR] Failed to load resource: the server responded with a status of 503 (Service Unavailable) @ http://localhost:3119/api/v1/system/health:0
[11081808ms] [ERROR] Failed to load resource: the server responded with a status of 501 (Not Implemented) @ http://localhost:3119/api/v1/admin/impersonate:0
[11081817ms] [ERROR] Failed to load resource: the server responded with a status of 501 (Not Implemented) @ http://localhost:3119/api/v1/admin/impersonate:0
[11107163ms] [ERROR] Failed to load resource: the server responded with a status of 503 (Service Unavailable) @ http://localhost:3119/api/v1/system/health:0
[11111834ms] [ERROR] Failed to load resource: the server responded with a status of 501 (Not Implemented) @ http://localhost:3119/api/v1/admin/impersonate:0
[11111845ms] [ERROR] Failed to load resource: the server responded with a status of 501 (Not Implemented) @ http://localhost:3119/api/v1/admin/impersonate:0
[11137174ms] [ERROR] Failed to load resource: the server responded with a status of 503 (Service Unavailable) @ http://localhost:3119/api/v1/system/health:0
[11141855ms] [ERROR] Failed to load resource: the server responded with a status of 501 (Not Implemented) @ http://localhost:3119/api/v1/admin/impersonate:0
[11141864ms] [ERROR] Failed to load resource: the server responded with a status of 501 (Not Implemented) @ http://localhost:3119/api/v1/admin/impersonate:0
[11167186ms] [ERROR] Failed to load resource: the server responded with a status of 503 (Service Unavailable) @ http://localhost:3119/api/v1/system/health:0
[11171877ms] [ERROR] Failed to load resource: the server responded with a status of 501 (Not Implemented) @ http://localhost:3119/api/v1/admin/impersonate:0
[11171886ms] [ERROR] Failed to load resource: the server responded with a status of 501 (Not Implemented) @ http://localhost:3119/api/v1/admin/impersonate:0
[11197197ms] [ERROR] Failed to load resource: the server responded with a status of 503 (Service Unavailable) @ http://localhost:3119/api/v1/system/health:0
[11201900ms] [ERROR] Failed to load resource: the server responded with a status of 501 (Not Implemented) @ http://localhost:3119/api/v1/admin/impersonate:0
[11201908ms] [ERROR] Failed to load resource: the server responded with a status of 501 (Not Implemented) @ http://localhost:3119/api/v1/admin/impersonate:0
[11227211ms] [ERROR] Failed to load resource: the server responded with a status of 503 (Service Unavailable) @ http://localhost:3119/api/v1/system/health:0
[11231918ms] [ERROR] Failed to load resource: the server responded with a status of 501 (Not Implemented) @ http://localhost:3119/api/v1/admin/impersonate:0
[11231926ms] [ERROR] Failed to load resource: the server responded with a status of 501 (Not Implemented) @ http://localhost:3119/api/v1/admin/impersonate:0
[11257227ms] [ERROR] Failed to load resource: the server responded with a status of 503 (Service Unavailable) @ http://localhost:3119/api/v1/system/health:0
[11261934ms] [ERROR] Failed to load resource: the server responded with a status of 501 (Not Implemented) @ http://localhost:3119/api/v1/admin/impersonate:0
[11261942ms] [ERROR] Failed to load resource: the server responded with a status of 501 (Not Implemented) @ http://localhost:3119/api/v1/admin/impersonate:0
[11287237ms] [ERROR] Failed to load resource: the server responded with a status of 503 (Service Unavailable) @ http://localhost:3119/api/v1/system/health:0
[11291951ms] [ERROR] Failed to load resource: the server responded with a status of 501 (Not Implemented) @ http://localhost:3119/api/v1/admin/impersonate:0
[11291959ms] [ERROR] Failed to load resource: the server responded with a status of 501 (Not Implemented) @ http://localhost:3119/api/v1/admin/impersonate:0
[11317252ms] [ERROR] Failed to load resource: the server responded with a status of 503 (Service Unavailable) @ http://localhost:3119/api/v1/system/health:0
[11321973ms] [ERROR] Failed to load resource: the server responded with a status of 501 (Not Implemented) @ http://localhost:3119/api/v1/admin/impersonate:0
[11321981ms] [ERROR] Failed to load resource: the server responded with a status of 501 (Not Implemented) @ http://localhost:3119/api/v1/admin/impersonate:0
[11347264ms] [ERROR] Failed to load resource: the server responded with a status of 503 (Service Unavailable) @ http://localhost:3119/api/v1/system/health:0
[11351997ms] [ERROR] Failed to load resource: the server responded with a status of 501 (Not Implemented) @ http://localhost:3119/api/v1/admin/impersonate:0
[11352008ms] [ERROR] Failed to load resource: the server responded with a status of 501 (Not Implemented) @ http://localhost:3119/api/v1/admin/impersonate:0
[11377281ms] [ERROR] Failed to load resource: the server responded with a status of 503 (Service Unavailable) @ http://localhost:3119/api/v1/system/health:0
[11382018ms] [ERROR] Failed to load resource: the server responded with a status of 501 (Not Implemented) @ http://localhost:3119/api/v1/admin/impersonate:0
[11382026ms] [ERROR] Failed to load resource: the server responded with a status of 501 (Not Implemented) @ http://localhost:3119/api/v1/admin/impersonate:0
[11407290ms] [ERROR] Failed to load resource: the server responded with a status of 503 (Service Unavailable) @ http://localhost:3119/api/v1/system/health:0
[11412046ms] [ERROR] Failed to load resource: the server responded with a status of 501 (Not Implemented) @ http://localhost:3119/api/v1/admin/impersonate:0
[11412056ms] [ERROR] Failed to load resource: the server responded with a status of 501 (Not Implemented) @ http://localhost:3119/api/v1/admin/impersonate:0
[11437306ms] [ERROR] Failed to load resource: the server responded with a status of 503 (Service Unavailable) @ http://localhost:3119/api/v1/system/health:0
[11442069ms] [ERROR] Failed to load resource: the server responded with a status of 501 (Not Implemented) @ http://localhost:3119/api/v1/admin/impersonate:0
[11442078ms] [ERROR] Failed to load resource: the server responded with a status of 501 (Not Implemented) @ http://localhost:3119/api/v1/admin/impersonate:0
[11467318ms] [ERROR] Failed to load resource: the server responded with a status of 503 (Service Unavailable) @ http://localhost:3119/api/v1/system/health:0
[11472104ms] [ERROR] Failed to load resource: the server responded with a status of 501 (Not Implemented) @ http://localhost:3119/api/v1/admin/impersonate:0
[11472115ms] [ERROR] Failed to load resource: the server responded with a status of 501 (Not Implemented) @ http://localhost:3119/api/v1/admin/impersonate:0
[11497334ms] [ERROR] Failed to load resource: the server responded with a status of 503 (Service Unavailable) @ http://localhost:3119/api/v1/system/health:0
[11502124ms] [ERROR] Failed to load resource: the server responded with a status of 501 (Not Implemented) @ http://localhost:3119/api/v1/admin/impersonate:0
[11502133ms] [ERROR] Failed to load resource: the server responded with a status of 501 (Not Implemented) @ http://localhost:3119/api/v1/admin/impersonate:0
[11527347ms] [ERROR] Failed to load resource: the server responded with a status of 503 (Service Unavailable) @ http://localhost:3119/api/v1/system/health:0
[11532148ms] [ERROR] Failed to load resource: the server responded with a status of 501 (Not Implemented) @ http://localhost:3119/api/v1/admin/impersonate:0
[11532158ms] [ERROR] Failed to load resource: the server responded with a status of 501 (Not Implemented) @ http://localhost:3119/api/v1/admin/impersonate:0
[11557360ms] [ERROR] Failed to load resource: the server responded with a status of 503 (Service Unavailable) @ http://localhost:3119/api/v1/system/health:0
[11562176ms] [ERROR] Failed to load resource: the server responded with a status of 501 (Not Implemented) @ http://localhost:3119/api/v1/admin/impersonate:0
[11562185ms] [ERROR] Failed to load resource: the server responded with a status of 501 (Not Implemented) @ http://localhost:3119/api/v1/admin/impersonate:0
[11587370ms] [ERROR] Failed to load resource: the server responded with a status of 503 (Service Unavailable) @ http://localhost:3119/api/v1/system/health:0
[11592200ms] [ERROR] Failed to load resource: the server responded with a status of 501 (Not Implemented) @ http://localhost:3119/api/v1/admin/impersonate:0
[11592210ms] [ERROR] Failed to load resource: the server responded with a status of 501 (Not Implemented) @ http://localhost:3119/api/v1/admin/impersonate:0
[11617387ms] [ERROR] Failed to load resource: the server responded with a status of 503 (Service Unavailable) @ http://localhost:3119/api/v1/system/health:0
[11622226ms] [ERROR] Failed to load resource: the server responded with a status of 501 (Not Implemented) @ http://localhost:3119/api/v1/admin/impersonate:0
[11622237ms] [ERROR] Failed to load resource: the server responded with a status of 501 (Not Implemented) @ http://localhost:3119/api/v1/admin/impersonate:0
[11647404ms] [ERROR] Failed to load resource: the server responded with a status of 503 (Service Unavailable) @ http://localhost:3119/api/v1/system/health:0
[11652254ms] [ERROR] Failed to load resource: the server responded with a status of 501 (Not Implemented) @ http://localhost:3119/api/v1/admin/impersonate:0
[11652265ms] [ERROR] Failed to load resource: the server responded with a status of 501 (Not Implemented) @ http://localhost:3119/api/v1/admin/impersonate:0
[11677422ms] [ERROR] Failed to load resource: the server responded with a status of 503 (Service Unavailable) @ http://localhost:3119/api/v1/system/health:0
[11682283ms] [ERROR] Failed to load resource: the server responded with a status of 501 (Not Implemented) @ http://localhost:3119/api/v1/admin/impersonate:0
[11682293ms] [ERROR] Failed to load resource: the server responded with a status of 501 (Not Implemented) @ http://localhost:3119/api/v1/admin/impersonate:0
[11707439ms] [ERROR] Failed to load resource: the server responded with a status of 503 (Service Unavailable) @ http://localhost:3119/api/v1/system/health:0
[11712303ms] [ERROR] Failed to load resource: the server responded with a status of 501 (Not Implemented) @ http://localhost:3119/api/v1/admin/impersonate:0
[11712317ms] [ERROR] Failed to load resource: the server responded with a status of 501 (Not Implemented) @ http://localhost:3119/api/v1/admin/impersonate:0
[11737448ms] [ERROR] Failed to load resource: the server responded with a status of 503 (Service Unavailable) @ http://localhost:3119/api/v1/system/health:0
[11742329ms] [ERROR] Failed to load resource: the server responded with a status of 501 (Not Implemented) @ http://localhost:3119/api/v1/admin/impersonate:0
[11742341ms] [ERROR] Failed to load resource: the server responded with a status of 501 (Not Implemented) @ http://localhost:3119/api/v1/admin/impersonate:0
[11767461ms] [ERROR] Failed to load resource: the server responded with a status of 503 (Service Unavailable) @ http://localhost:3119/api/v1/system/health:0
[11772359ms] [ERROR] Failed to load resource: the server responded with a status of 501 (Not Implemented) @ http://localhost:3119/api/v1/admin/impersonate:0
[11772375ms] [ERROR] Failed to load resource: the server responded with a status of 501 (Not Implemented) @ http://localhost:3119/api/v1/admin/impersonate:0
[11797475ms] [ERROR] Failed to load resource: the server responded with a status of 503 (Service Unavailable) @ http://localhost:3119/api/v1/system/health:0
[11802397ms] [ERROR] Failed to load resource: the server responded with a status of 501 (Not Implemented) @ http://localhost:3119/api/v1/admin/impersonate:0
[11802407ms] [ERROR] Failed to load resource: the server responded with a status of 501 (Not Implemented) @ http://localhost:3119/api/v1/admin/impersonate:0
[11827484ms] [ERROR] Failed to load resource: the server responded with a status of 503 (Service Unavailable) @ http://localhost:3119/api/v1/system/health:0
[11832421ms] [ERROR] Failed to load resource: the server responded with a status of 501 (Not Implemented) @ http://localhost:3119/api/v1/admin/impersonate:0
[11832430ms] [ERROR] Failed to load resource: the server responded with a status of 501 (Not Implemented) @ http://localhost:3119/api/v1/admin/impersonate:0
[11857500ms] [ERROR] Failed to load resource: the server responded with a status of 503 (Service Unavailable) @ http://localhost:3119/api/v1/system/health:0
[11862443ms] [ERROR] Failed to load resource: the server responded with a status of 501 (Not Implemented) @ http://localhost:3119/api/v1/admin/impersonate:0
[11862452ms] [ERROR] Failed to load resource: the server responded with a status of 501 (Not Implemented) @ http://localhost:3119/api/v1/admin/impersonate:0
[11887566ms] [ERROR] Failed to load resource: the server responded with a status of 503 (Service Unavailable) @ http://localhost:3119/api/v1/system/health:0
[11892463ms] [ERROR] Failed to load resource: the server responded with a status of 501 (Not Implemented) @ http://localhost:3119/api/v1/admin/impersonate:0
[11892473ms] [ERROR] Failed to load resource: the server responded with a status of 501 (Not Implemented) @ http://localhost:3119/api/v1/admin/impersonate:0
[11917580ms] [ERROR] Failed to load resource: the server responded with a status of 503 (Service Unavailable) @ http://localhost:3119/api/v1/system/health:0
[11922497ms] [ERROR] Failed to load resource: the server responded with a status of 501 (Not Implemented) @ http://localhost:3119/api/v1/admin/impersonate:0
[11922507ms] [ERROR] Failed to load resource: the server responded with a status of 501 (Not Implemented) @ http://localhost:3119/api/v1/admin/impersonate:0
[11947602ms] [ERROR] Failed to load resource: the server responded with a status of 503 (Service Unavailable) @ http://localhost:3119/api/v1/system/health:0
[11952520ms] [ERROR] Failed to load resource: the server responded with a status of 501 (Not Implemented) @ http://localhost:3119/api/v1/admin/impersonate:0
[11952531ms] [ERROR] Failed to load resource: the server responded with a status of 501 (Not Implemented) @ http://localhost:3119/api/v1/admin/impersonate:0
[11977612ms] [ERROR] Failed to load resource: the server responded with a status of 503 (Service Unavailable) @ http://localhost:3119/api/v1/system/health:0
[11982541ms] [ERROR] Failed to load resource: the server responded with a status of 501 (Not Implemented) @ http://localhost:3119/api/v1/admin/impersonate:0
[11982549ms] [ERROR] Failed to load resource: the server responded with a status of 501 (Not Implemented) @ http://localhost:3119/api/v1/admin/impersonate:0
[12007632ms] [ERROR] Failed to load resource: the server responded with a status of 503 (Service Unavailable) @ http://localhost:3119/api/v1/system/health:0
[12012567ms] [ERROR] Failed to load resource: the server responded with a status of 501 (Not Implemented) @ http://localhost:3119/api/v1/admin/impersonate:0
[12012577ms] [ERROR] Failed to load resource: the server responded with a status of 501 (Not Implemented) @ http://localhost:3119/api/v1/admin/impersonate:0
[12037647ms] [ERROR] Failed to load resource: the server responded with a status of 503 (Service Unavailable) @ http://localhost:3119/api/v1/system/health:0
[12042596ms] [ERROR] Failed to load resource: the server responded with a status of 501 (Not Implemented) @ http://localhost:3119/api/v1/admin/impersonate:0
[12042604ms] [ERROR] Failed to load resource: the server responded with a status of 501 (Not Implemented) @ http://localhost:3119/api/v1/admin/impersonate:0
[12067659ms] [ERROR] Failed to load resource: the server responded with a status of 503 (Service Unavailable) @ http://localhost:3119/api/v1/system/health:0
[12072617ms] [ERROR] Failed to load resource: the server responded with a status of 501 (Not Implemented) @ http://localhost:3119/api/v1/admin/impersonate:0
[12072627ms] [ERROR] Failed to load resource: the server responded with a status of 501 (Not Implemented) @ http://localhost:3119/api/v1/admin/impersonate:0
[12097675ms] [ERROR] Failed to load resource: the server responded with a status of 503 (Service Unavailable) @ http://localhost:3119/api/v1/system/health:0
[12102642ms] [ERROR] Failed to load resource: the server responded with a status of 501 (Not Implemented) @ http://localhost:3119/api/v1/admin/impersonate:0
[12102659ms] [ERROR] Failed to load resource: the server responded with a status of 501 (Not Implemented) @ http://localhost:3119/api/v1/admin/impersonate:0
[12127695ms] [ERROR] Failed to load resource: the server responded with a status of 503 (Service Unavailable) @ http://localhost:3119/api/v1/system/health:0
[12132673ms] [ERROR] Failed to load resource: the server responded with a status of 501 (Not Implemented) @ http://localhost:3119/api/v1/admin/impersonate:0
[12132682ms] [ERROR] Failed to load resource: the server responded with a status of 501 (Not Implemented) @ http://localhost:3119/api/v1/admin/impersonate:0
[12157709ms] [ERROR] Failed to load resource: the server responded with a status of 503 (Service Unavailable) @ http://localhost:3119/api/v1/system/health:0
[12162693ms] [ERROR] Failed to load resource: the server responded with a status of 501 (Not Implemented) @ http://localhost:3119/api/v1/admin/impersonate:0
[12162702ms] [ERROR] Failed to load resource: the server responded with a status of 501 (Not Implemented) @ http://localhost:3119/api/v1/admin/impersonate:0
[12187724ms] [ERROR] Failed to load resource: the server responded with a status of 503 (Service Unavailable) @ http://localhost:3119/api/v1/system/health:0
[12192716ms] [ERROR] Failed to load resource: the server responded with a status of 501 (Not Implemented) @ http://localhost:3119/api/v1/admin/impersonate:0
[12192725ms] [ERROR] Failed to load resource: the server responded with a status of 501 (Not Implemented) @ http://localhost:3119/api/v1/admin/impersonate:0
[12217737ms] [ERROR] Failed to load resource: the server responded with a status of 503 (Service Unavailable) @ http://localhost:3119/api/v1/system/health:0
[12222745ms] [ERROR] Failed to load resource: the server responded with a status of 501 (Not Implemented) @ http://localhost:3119/api/v1/admin/impersonate:0
[12222755ms] [ERROR] Failed to load resource: the server responded with a status of 501 (Not Implemented) @ http://localhost:3119/api/v1/admin/impersonate:0
[12247756ms] [ERROR] Failed to load resource: the server responded with a status of 503 (Service Unavailable) @ http://localhost:3119/api/v1/system/health:0
[12252773ms] [ERROR] Failed to load resource: the server responded with a status of 501 (Not Implemented) @ http://localhost:3119/api/v1/admin/impersonate:0
[12252783ms] [ERROR] Failed to load resource: the server responded with a status of 501 (Not Implemented) @ http://localhost:3119/api/v1/admin/impersonate:0
[12277772ms] [ERROR] Failed to load resource: the server responded with a status of 503 (Service Unavailable) @ http://localhost:3119/api/v1/system/health:0
[12282793ms] [ERROR] Failed to load resource: the server responded with a status of 501 (Not Implemented) @ http://localhost:3119/api/v1/admin/impersonate:0
[12282802ms] [ERROR] Failed to load resource: the server responded with a status of 501 (Not Implemented) @ http://localhost:3119/api/v1/admin/impersonate:0
[12307789ms] [ERROR] Failed to load resource: the server responded with a status of 503 (Service Unavailable) @ http://localhost:3119/api/v1/system/health:0
[12312820ms] [ERROR] Failed to load resource: the server responded with a status of 501 (Not Implemented) @ http://localhost:3119/api/v1/admin/impersonate:0
[12312831ms] [ERROR] Failed to load resource: the server responded with a status of 501 (Not Implemented) @ http://localhost:3119/api/v1/admin/impersonate:0
[12337806ms] [ERROR] Failed to load resource: the server responded with a status of 503 (Service Unavailable) @ http://localhost:3119/api/v1/system/health:0
[12342850ms] [ERROR] Failed to load resource: the server responded with a status of 501 (Not Implemented) @ http://localhost:3119/api/v1/admin/impersonate:0
[12342868ms] [ERROR] Failed to load resource: the server responded with a status of 501 (Not Implemented) @ http://localhost:3119/api/v1/admin/impersonate:0
[12367827ms] [ERROR] Failed to load resource: the server responded with a status of 503 (Service Unavailable) @ http://localhost:3119/api/v1/system/health:0
[12372894ms] [ERROR] Failed to load resource: the server responded with a status of 501 (Not Implemented) @ http://localhost:3119/api/v1/admin/impersonate:0
[12372910ms] [ERROR] Failed to load resource: the server responded with a status of 501 (Not Implemented) @ http://localhost:3119/api/v1/admin/impersonate:0
[12397840ms] [ERROR] Failed to load resource: the server responded with a status of 503 (Service Unavailable) @ http://localhost:3119/api/v1/system/health:0
[12402927ms] [ERROR] Failed to load resource: the server responded with a status of 501 (Not Implemented) @ http://localhost:3119/api/v1/admin/impersonate:0
[12402938ms] [ERROR] Failed to load resource: the server responded with a status of 501 (Not Implemented) @ http://localhost:3119/api/v1/admin/impersonate:0
[12427854ms] [ERROR] Failed to load resource: the server responded with a status of 503 (Service Unavailable) @ http://localhost:3119/api/v1/system/health:0
[12432953ms] [ERROR] Failed to load resource: the server responded with a status of 501 (Not Implemented) @ http://localhost:3119/api/v1/admin/impersonate:0
[12432964ms] [ERROR] Failed to load resource: the server responded with a status of 501 (Not Implemented) @ http://localhost:3119/api/v1/admin/impersonate:0
[12457872ms] [ERROR] Failed to load resource: the server responded with a status of 503 (Service Unavailable) @ http://localhost:3119/api/v1/system/health:0
[12462996ms] [ERROR] Failed to load resource: the server responded with a status of 501 (Not Implemented) @ http://localhost:3119/api/v1/admin/impersonate:0
[12463019ms] [ERROR] Failed to load resource: the server responded with a status of 501 (Not Implemented) @ http://localhost:3119/api/v1/admin/impersonate:0
[12487893ms] [ERROR] Failed to load resource: the server responded with a status of 503 (Service Unavailable) @ http://localhost:3119/api/v1/system/health:0
[12493055ms] [ERROR] Failed to load resource: the server responded with a status of 501 (Not Implemented) @ http://localhost:3119/api/v1/admin/impersonate:0
[12493091ms] [ERROR] Failed to load resource: the server responded with a status of 501 (Not Implemented) @ http://localhost:3119/api/v1/admin/impersonate:0
[12517918ms] [ERROR] Failed to load resource: the server responded with a status of 503 (Service Unavailable) @ http://localhost:3119/api/v1/system/health:0
[12523110ms] [ERROR] Failed to load resource: the server responded with a status of 501 (Not Implemented) @ http://localhost:3119/api/v1/admin/impersonate:0
[12523121ms] [ERROR] Failed to load resource: the server responded with a status of 501 (Not Implemented) @ http://localhost:3119/api/v1/admin/impersonate:0
[12547962ms] [ERROR] Failed to load resource: the server responded with a status of 503 (Service Unavailable) @ http://localhost:3119/api/v1/system/health:0
[12553147ms] [ERROR] Failed to load resource: the server responded with a status of 501 (Not Implemented) @ http://localhost:3119/api/v1/admin/impersonate:0
[12553180ms] [ERROR] Failed to load resource: the server responded with a status of 501 (Not Implemented) @ http://localhost:3119/api/v1/admin/impersonate:0
[12577973ms] [ERROR] Failed to load resource: the server responded with a status of 503 (Service Unavailable) @ http://localhost:3119/api/v1/system/health:0
[12583191ms] [ERROR] Failed to load resource: the server responded with a status of 501 (Not Implemented) @ http://localhost:3119/api/v1/admin/impersonate:0
[12583203ms] [ERROR] Failed to load resource: the server responded with a status of 501 (Not Implemented) @ http://localhost:3119/api/v1/admin/impersonate:0
[12608023ms] [ERROR] Failed to load resource: the server responded with a status of 503 (Service Unavailable) @ http://localhost:3119/api/v1/system/health:0
[12613217ms] [ERROR] Failed to load resource: the server responded with a status of 501 (Not Implemented) @ http://localhost:3119/api/v1/admin/impersonate:0
[12613227ms] [ERROR] Failed to load resource: the server responded with a status of 501 (Not Implemented) @ http://localhost:3119/api/v1/admin/impersonate:0
[12638040ms] [ERROR] Failed to load resource: the server responded with a status of 503 (Service Unavailable) @ http://localhost:3119/api/v1/system/health:0
[12643237ms] [ERROR] Failed to load resource: the server responded with a status of 501 (Not Implemented) @ http://localhost:3119/api/v1/admin/impersonate:0
[12643247ms] [ERROR] Failed to load resource: the server responded with a status of 501 (Not Implemented) @ http://localhost:3119/api/v1/admin/impersonate:0
[12668054ms] [ERROR] Failed to load resource: the server responded with a status of 503 (Service Unavailable) @ http://localhost:3119/api/v1/system/health:0
[12673266ms] [ERROR] Failed to load resource: the server responded with a status of 501 (Not Implemented) @ http://localhost:3119/api/v1/admin/impersonate:0
[12673287ms] [ERROR] Failed to load resource: the server responded with a status of 501 (Not Implemented) @ http://localhost:3119/api/v1/admin/impersonate:0
[12698072ms] [ERROR] Failed to load resource: the server responded with a status of 503 (Service Unavailable) @ http://localhost:3119/api/v1/system/health:0
[12703297ms] [ERROR] Failed to load resource: the server responded with a status of 501 (Not Implemented) @ http://localhost:3119/api/v1/admin/impersonate:0
[12703308ms] [ERROR] Failed to load resource: the server responded with a status of 501 (Not Implemented) @ http://localhost:3119/api/v1/admin/impersonate:0
[12728087ms] [ERROR] Failed to load resource: the server responded with a status of 503 (Service Unavailable) @ http://localhost:3119/api/v1/system/health:0
[12733322ms] [ERROR] Failed to load resource: the server responded with a status of 501 (Not Implemented) @ http://localhost:3119/api/v1/admin/impersonate:0
[12733334ms] [ERROR] Failed to load resource: the server responded with a status of 501 (Not Implemented) @ http://localhost:3119/api/v1/admin/impersonate:0
[12758100ms] [ERROR] Failed to load resource: the server responded with a status of 503 (Service Unavailable) @ http://localhost:3119/api/v1/system/health:0
[12763345ms] [ERROR] Failed to load resource: the server responded with a status of 501 (Not Implemented) @ http://localhost:3119/api/v1/admin/impersonate:0
[12763355ms] [ERROR] Failed to load resource: the server responded with a status of 501 (Not Implemented) @ http://localhost:3119/api/v1/admin/impersonate:0
[12788109ms] [ERROR] Failed to load resource: the server responded with a status of 503 (Service Unavailable) @ http://localhost:3119/api/v1/system/health:0
[12793368ms] [ERROR] Failed to load resource: the server responded with a status of 501 (Not Implemented) @ http://localhost:3119/api/v1/admin/impersonate:0
[12793378ms] [ERROR] Failed to load resource: the server responded with a status of 501 (Not Implemented) @ http://localhost:3119/api/v1/admin/impersonate:0
[12818120ms] [ERROR] Failed to load resource: the server responded with a status of 503 (Service Unavailable) @ http://localhost:3119/api/v1/system/health:0
[12823391ms] [ERROR] Failed to load resource: the server responded with a status of 501 (Not Implemented) @ http://localhost:3119/api/v1/admin/impersonate:0
[12823403ms] [ERROR] Failed to load resource: the server responded with a status of 501 (Not Implemented) @ http://localhost:3119/api/v1/admin/impersonate:0
[12848139ms] [ERROR] Failed to load resource: the server responded with a status of 503 (Service Unavailable) @ http://localhost:3119/api/v1/system/health:0
[12853422ms] [ERROR] Failed to load resource: the server responded with a status of 501 (Not Implemented) @ http://localhost:3119/api/v1/admin/impersonate:0
[12853432ms] [ERROR] Failed to load resource: the server responded with a status of 501 (Not Implemented) @ http://localhost:3119/api/v1/admin/impersonate:0
[12878152ms] [ERROR] Failed to load resource: the server responded with a status of 503 (Service Unavailable) @ http://localhost:3119/api/v1/system/health:0
[12883451ms] [ERROR] Failed to load resource: the server responded with a status of 501 (Not Implemented) @ http://localhost:3119/api/v1/admin/impersonate:0
[12883463ms] [ERROR] Failed to load resource: the server responded with a status of 501 (Not Implemented) @ http://localhost:3119/api/v1/admin/impersonate:0
[12908168ms] [ERROR] Failed to load resource: the server responded with a status of 503 (Service Unavailable) @ http://localhost:3119/api/v1/system/health:0
[12913486ms] [ERROR] Failed to load resource: the server responded with a status of 501 (Not Implemented) @ http://localhost:3119/api/v1/admin/impersonate:0
[12913498ms] [ERROR] Failed to load resource: the server responded with a status of 501 (Not Implemented) @ http://localhost:3119/api/v1/admin/impersonate:0
[12938182ms] [ERROR] Failed to load resource: the server responded with a status of 503 (Service Unavailable) @ http://localhost:3119/api/v1/system/health:0
[12943509ms] [ERROR] Failed to load resource: the server responded with a status of 501 (Not Implemented) @ http://localhost:3119/api/v1/admin/impersonate:0
[12943520ms] [ERROR] Failed to load resource: the server responded with a status of 501 (Not Implemented) @ http://localhost:3119/api/v1/admin/impersonate:0
[12968201ms] [ERROR] Failed to load resource: the server responded with a status of 503 (Service Unavailable) @ http://localhost:3119/api/v1/system/health:0
[12973532ms] [ERROR] Failed to load resource: the server responded with a status of 501 (Not Implemented) @ http://localhost:3119/api/v1/admin/impersonate:0
[12973542ms] [ERROR] Failed to load resource: the server responded with a status of 501 (Not Implemented) @ http://localhost:3119/api/v1/admin/impersonate:0
[12998215ms] [ERROR] Failed to load resource: the server responded with a status of 503 (Service Unavailable) @ http://localhost:3119/api/v1/system/health:0
[13003555ms] [ERROR] Failed to load resource: the server responded with a status of 501 (Not Implemented) @ http://localhost:3119/api/v1/admin/impersonate:0
[13003563ms] [ERROR] Failed to load resource: the server responded with a status of 501 (Not Implemented) @ http://localhost:3119/api/v1/admin/impersonate:0
[13028233ms] [ERROR] Failed to load resource: the server responded with a status of 503 (Service Unavailable) @ http://localhost:3119/api/v1/system/health:0
[13033574ms] [ERROR] Failed to load resource: the server responded with a status of 501 (Not Implemented) @ http://localhost:3119/api/v1/admin/impersonate:0
[13033582ms] [ERROR] Failed to load resource: the server responded with a status of 501 (Not Implemented) @ http://localhost:3119/api/v1/admin/impersonate:0
[13058243ms] [ERROR] Failed to load resource: the server responded with a status of 503 (Service Unavailable) @ http://localhost:3119/api/v1/system/health:0
[13063590ms] [ERROR] Failed to load resource: the server responded with a status of 501 (Not Implemented) @ http://localhost:3119/api/v1/admin/impersonate:0
[13063599ms] [ERROR] Failed to load resource: the server responded with a status of 501 (Not Implemented) @ http://localhost:3119/api/v1/admin/impersonate:0
[13088258ms] [ERROR] Failed to load resource: the server responded with a status of 503 (Service Unavailable) @ http://localhost:3119/api/v1/system/health:0
[13093610ms] [ERROR] Failed to load resource: the server responded with a status of 501 (Not Implemented) @ http://localhost:3119/api/v1/admin/impersonate:0
[13093620ms] [ERROR] Failed to load resource: the server responded with a status of 501 (Not Implemented) @ http://localhost:3119/api/v1/admin/impersonate:0
[13118278ms] [ERROR] Failed to load resource: the server responded with a status of 503 (Service Unavailable) @ http://localhost:3119/api/v1/system/health:0
[13123640ms] [ERROR] Failed to load resource: the server responded with a status of 501 (Not Implemented) @ http://localhost:3119/api/v1/admin/impersonate:0
[13123651ms] [ERROR] Failed to load resource: the server responded with a status of 501 (Not Implemented) @ http://localhost:3119/api/v1/admin/impersonate:0
[13148301ms] [ERROR] Failed to load resource: the server responded with a status of 503 (Service Unavailable) @ http://localhost:3119/api/v1/system/health:0
[13153660ms] [ERROR] Failed to load resource: the server responded with a status of 501 (Not Implemented) @ http://localhost:3119/api/v1/admin/impersonate:0
[13153669ms] [ERROR] Failed to load resource: the server responded with a status of 501 (Not Implemented) @ http://localhost:3119/api/v1/admin/impersonate:0
[13178310ms] [ERROR] Failed to load resource: the server responded with a status of 503 (Service Unavailable) @ http://localhost:3119/api/v1/system/health:0
[13183687ms] [ERROR] Failed to load resource: the server responded with a status of 501 (Not Implemented) @ http://localhost:3119/api/v1/admin/impersonate:0
[13183694ms] [ERROR] Failed to load resource: the server responded with a status of 501 (Not Implemented) @ http://localhost:3119/api/v1/admin/impersonate:0
[13208319ms] [ERROR] Failed to load resource: the server responded with a status of 503 (Service Unavailable) @ http://localhost:3119/api/v1/system/health:0
[13213708ms] [ERROR] Failed to load resource: the server responded with a status of 501 (Not Implemented) @ http://localhost:3119/api/v1/admin/impersonate:0
[13213717ms] [ERROR] Failed to load resource: the server responded with a status of 501 (Not Implemented) @ http://localhost:3119/api/v1/admin/impersonate:0
[13238333ms] [ERROR] Failed to load resource: the server responded with a status of 503 (Service Unavailable) @ http://localhost:3119/api/v1/system/health:0
[13243727ms] [ERROR] Failed to load resource: the server responded with a status of 501 (Not Implemented) @ http://localhost:3119/api/v1/admin/impersonate:0
[13243736ms] [ERROR] Failed to load resource: the server responded with a status of 501 (Not Implemented) @ http://localhost:3119/api/v1/admin/impersonate:0
[13268345ms] [ERROR] Failed to load resource: the server responded with a status of 503 (Service Unavailable) @ http://localhost:3119/api/v1/system/health:0
[13273753ms] [ERROR] Failed to load resource: the server responded with a status of 501 (Not Implemented) @ http://localhost:3119/api/v1/admin/impersonate:0
[13273765ms] [ERROR] Failed to load resource: the server responded with a status of 501 (Not Implemented) @ http://localhost:3119/api/v1/admin/impersonate:0
[13303778ms] [ERROR] Failed to load resource: the server responded with a status of 501 (Not Implemented) @ http://localhost:3119/api/v1/admin/impersonate:0
[13303789ms] [ERROR] Failed to load resource: the server responded with a status of 501 (Not Implemented) @ http://localhost:3119/api/v1/admin/impersonate:0
[13317317ms] [ERROR] Failed to load resource: the server responded with a status of 503 (Service Unavailable) @ http://localhost:3119/api/v1/system/health:0
[13333797ms] [ERROR] Failed to load resource: the server responded with a status of 501 (Not Implemented) @ http://localhost:3119/api/v1/admin/impersonate:0
[13333807ms] [ERROR] Failed to load resource: the server responded with a status of 501 (Not Implemented) @ http://localhost:3119/api/v1/admin/impersonate:0
[13347331ms] [ERROR] Failed to load resource: the server responded with a status of 503 (Service Unavailable) @ http://localhost:3119/api/v1/system/health:0
[13363822ms] [ERROR] Failed to load resource: the server responded with a status of 501 (Not Implemented) @ http://localhost:3119/api/v1/admin/impersonate:0
[13363831ms] [ERROR] Failed to load resource: the server responded with a status of 501 (Not Implemented) @ http://localhost:3119/api/v1/admin/impersonate:0
[13377349ms] [ERROR] Failed to load resource: the server responded with a status of 503 (Service Unavailable) @ http://localhost:3119/api/v1/system/health:0
[13393848ms] [ERROR] Failed to load resource: the server responded with a status of 501 (Not Implemented) @ http://localhost:3119/api/v1/admin/impersonate:0
[13393857ms] [ERROR] Failed to load resource: the server responded with a status of 501 (Not Implemented) @ http://localhost:3119/api/v1/admin/impersonate:0
[13407367ms] [ERROR] Failed to load resource: the server responded with a status of 503 (Service Unavailable) @ http://localhost:3119/api/v1/system/health:0
[13423867ms] [ERROR] Failed to load resource: the server responded with a status of 501 (Not Implemented) @ http://localhost:3119/api/v1/admin/impersonate:0
[13423875ms] [ERROR] Failed to load resource: the server responded with a status of 501 (Not Implemented) @ http://localhost:3119/api/v1/admin/impersonate:0
[13437384ms] [ERROR] Failed to load resource: the server responded with a status of 503 (Service Unavailable) @ http://localhost:3119/api/v1/system/health:0
[13453890ms] [ERROR] Failed to load resource: the server responded with a status of 501 (Not Implemented) @ http://localhost:3119/api/v1/admin/impersonate:0
[13453899ms] [ERROR] Failed to load resource: the server responded with a status of 501 (Not Implemented) @ http://localhost:3119/api/v1/admin/impersonate:0
[13467401ms] [ERROR] Failed to load resource: the server responded with a status of 503 (Service Unavailable) @ http://localhost:3119/api/v1/system/health:0
[13483913ms] [ERROR] Failed to load resource: the server responded with a status of 501 (Not Implemented) @ http://localhost:3119/api/v1/admin/impersonate:0
[13483921ms] [ERROR] Failed to load resource: the server responded with a status of 501 (Not Implemented) @ http://localhost:3119/api/v1/admin/impersonate:0
[13497418ms] [ERROR] Failed to load resource: the server responded with a status of 503 (Service Unavailable) @ http://localhost:3119/api/v1/system/health:0
[13513940ms] [ERROR] Failed to load resource: the server responded with a status of 501 (Not Implemented) @ http://localhost:3119/api/v1/admin/impersonate:0
[13513949ms] [ERROR] Failed to load resource: the server responded with a status of 501 (Not Implemented) @ http://localhost:3119/api/v1/admin/impersonate:0
[13527431ms] [ERROR] Failed to load resource: the server responded with a status of 503 (Service Unavailable) @ http://localhost:3119/api/v1/system/health:0
[13543961ms] [ERROR] Failed to load resource: the server responded with a status of 501 (Not Implemented) @ http://localhost:3119/api/v1/admin/impersonate:0
[13543970ms] [ERROR] Failed to load resource: the server responded with a status of 501 (Not Implemented) @ http://localhost:3119/api/v1/admin/impersonate:0
[13557445ms] [ERROR] Failed to load resource: the server responded with a status of 503 (Service Unavailable) @ http://localhost:3119/api/v1/system/health:0
[13573988ms] [ERROR] Failed to load resource: the server responded with a status of 501 (Not Implemented) @ http://localhost:3119/api/v1/admin/impersonate:0
[13573997ms] [ERROR] Failed to load resource: the server responded with a status of 501 (Not Implemented) @ http://localhost:3119/api/v1/admin/impersonate:0
[13587460ms] [ERROR] Failed to load resource: the server responded with a status of 503 (Service Unavailable) @ http://localhost:3119/api/v1/system/health:0
[13604014ms] [ERROR] Failed to load resource: the server responded with a status of 501 (Not Implemented) @ http://localhost:3119/api/v1/admin/impersonate:0
[13604025ms] [ERROR] Failed to load resource: the server responded with a status of 501 (Not Implemented) @ http://localhost:3119/api/v1/admin/impersonate:0
[13617470ms] [ERROR] Failed to load resource: the server responded with a status of 503 (Service Unavailable) @ http://localhost:3119/api/v1/system/health:0
[13634038ms] [ERROR] Failed to load resource: the server responded with a status of 501 (Not Implemented) @ http://localhost:3119/api/v1/admin/impersonate:0
[13634049ms] [ERROR] Failed to load resource: the server responded with a status of 501 (Not Implemented) @ http://localhost:3119/api/v1/admin/impersonate:0
[13647488ms] [ERROR] Failed to load resource: the server responded with a status of 503 (Service Unavailable) @ http://localhost:3119/api/v1/system/health:0
[13664064ms] [ERROR] Failed to load resource: the server responded with a status of 501 (Not Implemented) @ http://localhost:3119/api/v1/admin/impersonate:0
[13664072ms] [ERROR] Failed to load resource: the server responded with a status of 501 (Not Implemented) @ http://localhost:3119/api/v1/admin/impersonate:0
[13677502ms] [ERROR] Failed to load resource: the server responded with a status of 503 (Service Unavailable) @ http://localhost:3119/api/v1/system/health:0
[13694092ms] [ERROR] Failed to load resource: the server responded with a status of 501 (Not Implemented) @ http://localhost:3119/api/v1/admin/impersonate:0
[13694103ms] [ERROR] Failed to load resource: the server responded with a status of 501 (Not Implemented) @ http://localhost:3119/api/v1/admin/impersonate:0
[13707517ms] [ERROR] Failed to load resource: the server responded with a status of 503 (Service Unavailable) @ http://localhost:3119/api/v1/system/health:0
[13724118ms] [ERROR] Failed to load resource: the server responded with a status of 501 (Not Implemented) @ http://localhost:3119/api/v1/admin/impersonate:0
[13724128ms] [ERROR] Failed to load resource: the server responded with a status of 501 (Not Implemented) @ http://localhost:3119/api/v1/admin/impersonate:0
[13737534ms] [ERROR] Failed to load resource: the server responded with a status of 503 (Service Unavailable) @ http://localhost:3119/api/v1/system/health:0
[13754144ms] [ERROR] Failed to load resource: the server responded with a status of 501 (Not Implemented) @ http://localhost:3119/api/v1/admin/impersonate:0
[13754154ms] [ERROR] Failed to load resource: the server responded with a status of 501 (Not Implemented) @ http://localhost:3119/api/v1/admin/impersonate:0
[13767549ms] [ERROR] Failed to load resource: the server responded with a status of 503 (Service Unavailable) @ http://localhost:3119/api/v1/system/health:0
[13784167ms] [ERROR] Failed to load resource: the server responded with a status of 501 (Not Implemented) @ http://localhost:3119/api/v1/admin/impersonate:0
[13784183ms] [ERROR] Failed to load resource: the server responded with a status of 501 (Not Implemented) @ http://localhost:3119/api/v1/admin/impersonate:0
[13797565ms] [ERROR] Failed to load resource: the server responded with a status of 503 (Service Unavailable) @ http://localhost:3119/api/v1/system/health:0
[13814213ms] [ERROR] Failed to load resource: the server responded with a status of 501 (Not Implemented) @ http://localhost:3119/api/v1/admin/impersonate:0
[13814223ms] [ERROR] Failed to load resource: the server responded with a status of 501 (Not Implemented) @ http://localhost:3119/api/v1/admin/impersonate:0
[13827575ms] [ERROR] Failed to load resource: the server responded with a status of 503 (Service Unavailable) @ http://localhost:3119/api/v1/system/health:0
[13844240ms] [ERROR] Failed to load resource: the server responded with a status of 501 (Not Implemented) @ http://localhost:3119/api/v1/admin/impersonate:0
[13844251ms] [ERROR] Failed to load resource: the server responded with a status of 501 (Not Implemented) @ http://localhost:3119/api/v1/admin/impersonate:0
[13857585ms] [ERROR] Failed to load resource: the server responded with a status of 503 (Service Unavailable) @ http://localhost:3119/api/v1/system/health:0
[13874262ms] [ERROR] Failed to load resource: the server responded with a status of 501 (Not Implemented) @ http://localhost:3119/api/v1/admin/impersonate:0
[13874273ms] [ERROR] Failed to load resource: the server responded with a status of 501 (Not Implemented) @ http://localhost:3119/api/v1/admin/impersonate:0
[13887598ms] [ERROR] Failed to load resource: the server responded with a status of 503 (Service Unavailable) @ http://localhost:3119/api/v1/system/health:0
[13904287ms] [ERROR] Failed to load resource: the server responded with a status of 501 (Not Implemented) @ http://localhost:3119/api/v1/admin/impersonate:0
[13904296ms] [ERROR] Failed to load resource: the server responded with a status of 501 (Not Implemented) @ http://localhost:3119/api/v1/admin/impersonate:0
[13917611ms] [ERROR] Failed to load resource: the server responded with a status of 503 (Service Unavailable) @ http://localhost:3119/api/v1/system/health:0
[13934317ms] [ERROR] Failed to load resource: the server responded with a status of 501 (Not Implemented) @ http://localhost:3119/api/v1/admin/impersonate:0
[13934328ms] [ERROR] Failed to load resource: the server responded with a status of 501 (Not Implemented) @ http://localhost:3119/api/v1/admin/impersonate:0
[13947620ms] [ERROR] Failed to load resource: the server responded with a status of 503 (Service Unavailable) @ http://localhost:3119/api/v1/system/health:0
[13964337ms] [ERROR] Failed to load resource: the server responded with a status of 501 (Not Implemented) @ http://localhost:3119/api/v1/admin/impersonate:0
[13964345ms] [ERROR] Failed to load resource: the server responded with a status of 501 (Not Implemented) @ http://localhost:3119/api/v1/admin/impersonate:0
[13977637ms] [ERROR] Failed to load resource: the server responded with a status of 503 (Service Unavailable) @ http://localhost:3119/api/v1/system/health:0
[13994362ms] [ERROR] Failed to load resource: the server responded with a status of 501 (Not Implemented) @ http://localhost:3119/api/v1/admin/impersonate:0
[13994373ms] [ERROR] Failed to load resource: the server responded with a status of 501 (Not Implemented) @ http://localhost:3119/api/v1/admin/impersonate:0
[14007648ms] [ERROR] Failed to load resource: the server responded with a status of 503 (Service Unavailable) @ http://localhost:3119/api/v1/system/health:0
[14024389ms] [ERROR] Failed to load resource: the server responded with a status of 501 (Not Implemented) @ http://localhost:3119/api/v1/admin/impersonate:0
[14024398ms] [ERROR] Failed to load resource: the server responded with a status of 501 (Not Implemented) @ http://localhost:3119/api/v1/admin/impersonate:0
[14037663ms] [ERROR] Failed to load resource: the server responded with a status of 503 (Service Unavailable) @ http://localhost:3119/api/v1/system/health:0
[14054415ms] [ERROR] Failed to load resource: the server responded with a status of 501 (Not Implemented) @ http://localhost:3119/api/v1/admin/impersonate:0
[14054425ms] [ERROR] Failed to load resource: the server responded with a status of 501 (Not Implemented) @ http://localhost:3119/api/v1/admin/impersonate:0
[14067675ms] [ERROR] Failed to load resource: the server responded with a status of 503 (Service Unavailable) @ http://localhost:3119/api/v1/system/health:0
[14084435ms] [ERROR] Failed to load resource: the server responded with a status of 501 (Not Implemented) @ http://localhost:3119/api/v1/admin/impersonate:0
[14084443ms] [ERROR] Failed to load resource: the server responded with a status of 501 (Not Implemented) @ http://localhost:3119/api/v1/admin/impersonate:0
[14097690ms] [ERROR] Failed to load resource: the server responded with a status of 503 (Service Unavailable) @ http://localhost:3119/api/v1/system/health:0
[14114456ms] [ERROR] Failed to load resource: the server responded with a status of 501 (Not Implemented) @ http://localhost:3119/api/v1/admin/impersonate:0
[14114464ms] [ERROR] Failed to load resource: the server responded with a status of 501 (Not Implemented) @ http://localhost:3119/api/v1/admin/impersonate:0
[14127699ms] [ERROR] Failed to load resource: the server responded with a status of 503 (Service Unavailable) @ http://localhost:3119/api/v1/system/health:0
[14144473ms] [ERROR] Failed to load resource: the server responded with a status of 501 (Not Implemented) @ http://localhost:3119/api/v1/admin/impersonate:0
[14144480ms] [ERROR] Failed to load resource: the server responded with a status of 501 (Not Implemented) @ http://localhost:3119/api/v1/admin/impersonate:0
[14157713ms] [ERROR] Failed to load resource: the server responded with a status of 503 (Service Unavailable) @ http://localhost:3119/api/v1/system/health:0
[14174497ms] [ERROR] Failed to load resource: the server responded with a status of 501 (Not Implemented) @ http://localhost:3119/api/v1/admin/impersonate:0
[14174508ms] [ERROR] Failed to load resource: the server responded with a status of 501 (Not Implemented) @ http://localhost:3119/api/v1/admin/impersonate:0
[14187727ms] [ERROR] Failed to load resource: the server responded with a status of 503 (Service Unavailable) @ http://localhost:3119/api/v1/system/health:0
[14204521ms] [ERROR] Failed to load resource: the server responded with a status of 501 (Not Implemented) @ http://localhost:3119/api/v1/admin/impersonate:0
[14204543ms] [ERROR] Failed to load resource: the server responded with a status of 501 (Not Implemented) @ http://localhost:3119/api/v1/admin/impersonate:0
[14217739ms] [ERROR] Failed to load resource: the server responded with a status of 503 (Service Unavailable) @ http://localhost:3119/api/v1/system/health:0
[14234559ms] [ERROR] Failed to load resource: the server responded with a status of 501 (Not Implemented) @ http://localhost:3119/api/v1/admin/impersonate:0
[14234569ms] [ERROR] Failed to load resource: the server responded with a status of 501 (Not Implemented) @ http://localhost:3119/api/v1/admin/impersonate:0
[14247751ms] [ERROR] Failed to load resource: the server responded with a status of 503 (Service Unavailable) @ http://localhost:3119/api/v1/system/health:0
[14264578ms] [ERROR] Failed to load resource: the server responded with a status of 501 (Not Implemented) @ http://localhost:3119/api/v1/admin/impersonate:0
[14264602ms] [ERROR] Failed to load resource: the server responded with a status of 501 (Not Implemented) @ http://localhost:3119/api/v1/admin/impersonate:0
[14277763ms] [ERROR] Failed to load resource: the server responded with a status of 503 (Service Unavailable) @ http://localhost:3119/api/v1/system/health:0
[14294620ms] [ERROR] Failed to load resource: the server responded with a status of 501 (Not Implemented) @ http://localhost:3119/api/v1/admin/impersonate:0
[14294630ms] [ERROR] Failed to load resource: the server responded with a status of 501 (Not Implemented) @ http://localhost:3119/api/v1/admin/impersonate:0
[14307779ms] [ERROR] Failed to load resource: the server responded with a status of 503 (Service Unavailable) @ http://localhost:3119/api/v1/system/health:0
[14324638ms] [ERROR] Failed to load resource: the server responded with a status of 501 (Not Implemented) @ http://localhost:3119/api/v1/admin/impersonate:0
[14324646ms] [ERROR] Failed to load resource: the server responded with a status of 501 (Not Implemented) @ http://localhost:3119/api/v1/admin/impersonate:0
[14337796ms] [ERROR] Failed to load resource: the server responded with a status of 503 (Service Unavailable) @ http://localhost:3119/api/v1/system/health:0
[14354659ms] [ERROR] Failed to load resource: the server responded with a status of 501 (Not Implemented) @ http://localhost:3119/api/v1/admin/impersonate:0
[14354669ms] [ERROR] Failed to load resource: the server responded with a status of 501 (Not Implemented) @ http://localhost:3119/api/v1/admin/impersonate:0
[14367807ms] [ERROR] Failed to load resource: the server responded with a status of 503 (Service Unavailable) @ http://localhost:3119/api/v1/system/health:0
[14384681ms] [ERROR] Failed to load resource: the server responded with a status of 501 (Not Implemented) @ http://localhost:3119/api/v1/admin/impersonate:0
[14384698ms] [ERROR] Failed to load resource: the server responded with a status of 501 (Not Implemented) @ http://localhost:3119/api/v1/admin/impersonate:0
[14397825ms] [ERROR] Failed to load resource: the server responded with a status of 503 (Service Unavailable) @ http://localhost:3119/api/v1/system/health:0
[14414802ms] [ERROR] Failed to load resource: the server responded with a status of 501 (Not Implemented) @ http://localhost:3119/api/v1/admin/impersonate:0
[14414854ms] [ERROR] Failed to load resource: the server responded with a status of 501 (Not Implemented) @ http://localhost:3119/api/v1/admin/impersonate:0
[14427841ms] [ERROR] Failed to load resource: the server responded with a status of 503 (Service Unavailable) @ http://localhost:3119/api/v1/system/health:0
[14444864ms] [ERROR] Failed to load resource: the server responded with a status of 501 (Not Implemented) @ http://localhost:3119/api/v1/admin/impersonate:0
[14444873ms] [ERROR] Failed to load resource: the server responded with a status of 501 (Not Implemented) @ http://localhost:3119/api/v1/admin/impersonate:0
[14457859ms] [ERROR] Failed to load resource: the server responded with a status of 503 (Service Unavailable) @ http://localhost:3119/api/v1/system/health:0
[14474888ms] [ERROR] Failed to load resource: the server responded with a status of 501 (Not Implemented) @ http://localhost:3119/api/v1/admin/impersonate:0
[14474902ms] [ERROR] Failed to load resource: the server responded with a status of 501 (Not Implemented) @ http://localhost:3119/api/v1/admin/impersonate:0
[14487899ms] [ERROR] Failed to load resource: the server responded with a status of 503 (Service Unavailable) @ http://localhost:3119/api/v1/system/health:0
[14504917ms] [ERROR] Failed to load resource: the server responded with a status of 501 (Not Implemented) @ http://localhost:3119/api/v1/admin/impersonate:0
[14504926ms] [ERROR] Failed to load resource: the server responded with a status of 501 (Not Implemented) @ http://localhost:3119/api/v1/admin/impersonate:0
[14517912ms] [ERROR] Failed to load resource: the server responded with a status of 503 (Service Unavailable) @ http://localhost:3119/api/v1/system/health:0
[14534947ms] [ERROR] Failed to load resource: the server responded with a status of 501 (Not Implemented) @ http://localhost:3119/api/v1/admin/impersonate:0
[14534972ms] [ERROR] Failed to load resource: the server responded with a status of 501 (Not Implemented) @ http://localhost:3119/api/v1/admin/impersonate:0
[14547933ms] [ERROR] Failed to load resource: the server responded with a status of 503 (Service Unavailable) @ http://localhost:3119/api/v1/system/health:0
[14564987ms] [ERROR] Failed to load resource: the server responded with a status of 501 (Not Implemented) @ http://localhost:3119/api/v1/admin/impersonate:0
[14565000ms] [ERROR] Failed to load resource: the server responded with a status of 501 (Not Implemented) @ http://localhost:3119/api/v1/admin/impersonate:0
[14577947ms] [ERROR] Failed to load resource: the server responded with a status of 503 (Service Unavailable) @ http://localhost:3119/api/v1/system/health:0
[14595027ms] [ERROR] Failed to load resource: the server responded with a status of 501 (Not Implemented) @ http://localhost:3119/api/v1/admin/impersonate:0
[14595060ms] [ERROR] Failed to load resource: the server responded with a status of 501 (Not Implemented) @ http://localhost:3119/api/v1/admin/impersonate:0
[14607973ms] [ERROR] Failed to load resource: the server responded with a status of 503 (Service Unavailable) @ http://localhost:3119/api/v1/system/health:0
[14625072ms] [ERROR] Failed to load resource: the server responded with a status of 501 (Not Implemented) @ http://localhost:3119/api/v1/admin/impersonate:0
[14625083ms] [ERROR] Failed to load resource: the server responded with a status of 501 (Not Implemented) @ http://localhost:3119/api/v1/admin/impersonate:0
[14637988ms] [ERROR] Failed to load resource: the server responded with a status of 503 (Service Unavailable) @ http://localhost:3119/api/v1/system/health:0
[14655132ms] [ERROR] Failed to load resource: the server responded with a status of 501 (Not Implemented) @ http://localhost:3119/api/v1/admin/impersonate:0
[14655148ms] [ERROR] Failed to load resource: the server responded with a status of 501 (Not Implemented) @ http://localhost:3119/api/v1/admin/impersonate:0
[14668006ms] [ERROR] Failed to load resource: the server responded with a status of 503 (Service Unavailable) @ http://localhost:3119/api/v1/system/health:0
[14685204ms] [ERROR] Failed to load resource: the server responded with a status of 501 (Not Implemented) @ http://localhost:3119/api/v1/admin/impersonate:0
[14685250ms] [ERROR] Failed to load resource: the server responded with a status of 501 (Not Implemented) @ http://localhost:3119/api/v1/admin/impersonate:0
[14698036ms] [ERROR] Failed to load resource: the server responded with a status of 503 (Service Unavailable) @ http://localhost:3119/api/v1/system/health:0
[14715267ms] [ERROR] Failed to load resource: the server responded with a status of 501 (Not Implemented) @ http://localhost:3119/api/v1/admin/impersonate:0
[14715280ms] [ERROR] Failed to load resource: the server responded with a status of 501 (Not Implemented) @ http://localhost:3119/api/v1/admin/impersonate:0
[14728065ms] [ERROR] Failed to load resource: the server responded with a status of 503 (Service Unavailable) @ http://localhost:3119/api/v1/system/health:0
[14745318ms] [ERROR] Failed to load resource: the server responded with a status of 501 (Not Implemented) @ http://localhost:3119/api/v1/admin/impersonate:0
[14745389ms] [ERROR] Failed to load resource: the server responded with a status of 501 (Not Implemented) @ http://localhost:3119/api/v1/admin/impersonate:0
[14758081ms] [ERROR] Failed to load resource: the server responded with a status of 503 (Service Unavailable) @ http://localhost:3119/api/v1/system/health:0
[14775408ms] [ERROR] Failed to load resource: the server responded with a status of 501 (Not Implemented) @ http://localhost:3119/api/v1/admin/impersonate:0
[14775420ms] [ERROR] Failed to load resource: the server responded with a status of 501 (Not Implemented) @ http://localhost:3119/api/v1/admin/impersonate:0
[14788097ms] [ERROR] Failed to load resource: the server responded with a status of 503 (Service Unavailable) @ http://localhost:3119/api/v1/system/health:0
[14805432ms] [ERROR] Failed to load resource: the server responded with a status of 501 (Not Implemented) @ http://localhost:3119/api/v1/admin/impersonate:0
[14805444ms] [ERROR] Failed to load resource: the server responded with a status of 501 (Not Implemented) @ http://localhost:3119/api/v1/admin/impersonate:0
[14818111ms] [ERROR] Failed to load resource: the server responded with a status of 503 (Service Unavailable) @ http://localhost:3119/api/v1/system/health:0
[14835457ms] [ERROR] Failed to load resource: the server responded with a status of 501 (Not Implemented) @ http://localhost:3119/api/v1/admin/impersonate:0
[14835468ms] [ERROR] Failed to load resource: the server responded with a status of 501 (Not Implemented) @ http://localhost:3119/api/v1/admin/impersonate:0
[14848129ms] [ERROR] Failed to load resource: the server responded with a status of 503 (Service Unavailable) @ http://localhost:3119/api/v1/system/health:0
[14865484ms] [ERROR] Failed to load resource: the server responded with a status of 501 (Not Implemented) @ http://localhost:3119/api/v1/admin/impersonate:0
[14865495ms] [ERROR] Failed to load resource: the server responded with a status of 501 (Not Implemented) @ http://localhost:3119/api/v1/admin/impersonate:0
[14878163ms] [ERROR] Failed to load resource: the server responded with a status of 503 (Service Unavailable) @ http://localhost:3119/api/v1/system/health:0
[14895509ms] [ERROR] Failed to load resource: the server responded with a status of 501 (Not Implemented) @ http://localhost:3119/api/v1/admin/impersonate:0
[14895517ms] [ERROR] Failed to load resource: the server responded with a status of 501 (Not Implemented) @ http://localhost:3119/api/v1/admin/impersonate:0
[14908183ms] [ERROR] Failed to load resource: the server responded with a status of 503 (Service Unavailable) @ http://localhost:3119/api/v1/system/health:0
[14925533ms] [ERROR] Failed to load resource: the server responded with a status of 501 (Not Implemented) @ http://localhost:3119/api/v1/admin/impersonate:0
[14925545ms] [ERROR] Failed to load resource: the server responded with a status of 501 (Not Implemented) @ http://localhost:3119/api/v1/admin/impersonate:0
[14938202ms] [ERROR] Failed to load resource: the server responded with a status of 503 (Service Unavailable) @ http://localhost:3119/api/v1/system/health:0
[14955563ms] [ERROR] Failed to load resource: the server responded with a status of 501 (Not Implemented) @ http://localhost:3119/api/v1/admin/impersonate:0
[14955573ms] [ERROR] Failed to load resource: the server responded with a status of 501 (Not Implemented) @ http://localhost:3119/api/v1/admin/impersonate:0
[14968217ms] [ERROR] Failed to load resource: the server responded with a status of 503 (Service Unavailable) @ http://localhost:3119/api/v1/system/health:0
[14985597ms] [ERROR] Failed to load resource: the server responded with a status of 501 (Not Implemented) @ http://localhost:3119/api/v1/admin/impersonate:0
[14985611ms] [ERROR] Failed to load resource: the server responded with a status of 501 (Not Implemented) @ http://localhost:3119/api/v1/admin/impersonate:0
[14998230ms] [ERROR] Failed to load resource: the server responded with a status of 503 (Service Unavailable) @ http://localhost:3119/api/v1/system/health:0
[15015634ms] [ERROR] Failed to load resource: the server responded with a status of 501 (Not Implemented) @ http://localhost:3119/api/v1/admin/impersonate:0
[15015656ms] [ERROR] Failed to load resource: the server responded with a status of 501 (Not Implemented) @ http://localhost:3119/api/v1/admin/impersonate:0
[15028250ms] [ERROR] Failed to load resource: the server responded with a status of 503 (Service Unavailable) @ http://localhost:3119/api/v1/system/health:0
[15045675ms] [ERROR] Failed to load resource: the server responded with a status of 501 (Not Implemented) @ http://localhost:3119/api/v1/admin/impersonate:0
[15045686ms] [ERROR] Failed to load resource: the server responded with a status of 501 (Not Implemented) @ http://localhost:3119/api/v1/admin/impersonate:0
[15058267ms] [ERROR] Failed to load resource: the server responded with a status of 503 (Service Unavailable) @ http://localhost:3119/api/v1/system/health:0
[15075698ms] [ERROR] Failed to load resource: the server responded with a status of 501 (Not Implemented) @ http://localhost:3119/api/v1/admin/impersonate:0
[15075710ms] [ERROR] Failed to load resource: the server responded with a status of 501 (Not Implemented) @ http://localhost:3119/api/v1/admin/impersonate:0
[15088290ms] [ERROR] Failed to load resource: the server responded with a status of 503 (Service Unavailable) @ http://localhost:3119/api/v1/system/health:0
[15105761ms] [ERROR] Failed to load resource: the server responded with a status of 501 (Not Implemented) @ http://localhost:3119/api/v1/admin/impersonate:0
[15105817ms] [ERROR] Failed to load resource: the server responded with a status of 501 (Not Implemented) @ http://localhost:3119/api/v1/admin/impersonate:0
[15118314ms] [ERROR] Failed to load resource: the server responded with a status of 503 (Service Unavailable) @ http://localhost:3119/api/v1/system/health:0
[15135831ms] [ERROR] Failed to load resource: the server responded with a status of 501 (Not Implemented) @ http://localhost:3119/api/v1/admin/impersonate:0
[15135839ms] [ERROR] Failed to load resource: the server responded with a status of 501 (Not Implemented) @ http://localhost:3119/api/v1/admin/impersonate:0
[15148328ms] [ERROR] Failed to load resource: the server responded with a status of 503 (Service Unavailable) @ http://localhost:3119/api/v1/system/health:0
[15165849ms] [ERROR] Failed to load resource: the server responded with a status of 501 (Not Implemented) @ http://localhost:3119/api/v1/admin/impersonate:0
[15165857ms] [ERROR] Failed to load resource: the server responded with a status of 501 (Not Implemented) @ http://localhost:3119/api/v1/admin/impersonate:0
[15178347ms] [ERROR] Failed to load resource: the server responded with a status of 503 (Service Unavailable) @ http://localhost:3119/api/v1/system/health:0
[15195867ms] [ERROR] Failed to load resource: the server responded with a status of 501 (Not Implemented) @ http://localhost:3119/api/v1/admin/impersonate:0
[15195875ms] [ERROR] Failed to load resource: the server responded with a status of 501 (Not Implemented) @ http://localhost:3119/api/v1/admin/impersonate:0
[15208361ms] [ERROR] Failed to load resource: the server responded with a status of 503 (Service Unavailable) @ http://localhost:3119/api/v1/system/health:0
[15225884ms] [ERROR] Failed to load resource: the server responded with a status of 501 (Not Implemented) @ http://localhost:3119/api/v1/admin/impersonate:0
[15225893ms] [ERROR] Failed to load resource: the server responded with a status of 501 (Not Implemented) @ http://localhost:3119/api/v1/admin/impersonate:0
[15238382ms] [ERROR] Failed to load resource: the server responded with a status of 503 (Service Unavailable) @ http://localhost:3119/api/v1/system/health:0
[15255901ms] [ERROR] Failed to load resource: the server responded with a status of 501 (Not Implemented) @ http://localhost:3119/api/v1/admin/impersonate:0
[15255910ms] [ERROR] Failed to load resource: the server responded with a status of 501 (Not Implemented) @ http://localhost:3119/api/v1/admin/impersonate:0
[15268398ms] [ERROR] Failed to load resource: the server responded with a status of 503 (Service Unavailable) @ http://localhost:3119/api/v1/system/health:0
[15285918ms] [ERROR] Failed to load resource: the server responded with a status of 501 (Not Implemented) @ http://localhost:3119/api/v1/admin/impersonate:0
[15285926ms] [ERROR] Failed to load resource: the server responded with a status of 501 (Not Implemented) @ http://localhost:3119/api/v1/admin/impersonate:0
[15298417ms] [ERROR] Failed to load resource: the server responded with a status of 503 (Service Unavailable) @ http://localhost:3119/api/v1/system/health:0
[15315936ms] [ERROR] Failed to load resource: the server responded with a status of 501 (Not Implemented) @ http://localhost:3119/api/v1/admin/impersonate:0
[15315945ms] [ERROR] Failed to load resource: the server responded with a status of 501 (Not Implemented) @ http://localhost:3119/api/v1/admin/impersonate:0
[15328433ms] [ERROR] Failed to load resource: the server responded with a status of 503 (Service Unavailable) @ http://localhost:3119/api/v1/system/health:0
[15345955ms] [ERROR] Failed to load resource: the server responded with a status of 501 (Not Implemented) @ http://localhost:3119/api/v1/admin/impersonate:0
[15345964ms] [ERROR] Failed to load resource: the server responded with a status of 501 (Not Implemented) @ http://localhost:3119/api/v1/admin/impersonate:0
[15358452ms] [ERROR] Failed to load resource: the server responded with a status of 503 (Service Unavailable) @ http://localhost:3119/api/v1/system/health:0
[15375981ms] [ERROR] Failed to load resource: the server responded with a status of 501 (Not Implemented) @ http://localhost:3119/api/v1/admin/impersonate:0
[15375990ms] [ERROR] Failed to load resource: the server responded with a status of 501 (Not Implemented) @ http://localhost:3119/api/v1/admin/impersonate:0
[15388468ms] [ERROR] Failed to load resource: the server responded with a status of 503 (Service Unavailable) @ http://localhost:3119/api/v1/system/health:0
[15406007ms] [ERROR] Failed to load resource: the server responded with a status of 501 (Not Implemented) @ http://localhost:3119/api/v1/admin/impersonate:0
[15406018ms] [ERROR] Failed to load resource: the server responded with a status of 501 (Not Implemented) @ http://localhost:3119/api/v1/admin/impersonate:0
[15418483ms] [ERROR] Failed to load resource: the server responded with a status of 503 (Service Unavailable) @ http://localhost:3119/api/v1/system/health:0
[15436032ms] [ERROR] Failed to load resource: the server responded with a status of 501 (Not Implemented) @ http://localhost:3119/api/v1/admin/impersonate:0
[15436042ms] [ERROR] Failed to load resource: the server responded with a status of 501 (Not Implemented) @ http://localhost:3119/api/v1/admin/impersonate:0
[15448501ms] [ERROR] Failed to load resource: the server responded with a status of 503 (Service Unavailable) @ http://localhost:3119/api/v1/system/health:0
[15466058ms] [ERROR] Failed to load resource: the server responded with a status of 501 (Not Implemented) @ http://localhost:3119/api/v1/admin/impersonate:0
[15466069ms] [ERROR] Failed to load resource: the server responded with a status of 501 (Not Implemented) @ http://localhost:3119/api/v1/admin/impersonate:0
[15478520ms] [ERROR] Failed to load resource: the server responded with a status of 503 (Service Unavailable) @ http://localhost:3119/api/v1/system/health:0
[15496081ms] [ERROR] Failed to load resource: the server responded with a status of 501 (Not Implemented) @ http://localhost:3119/api/v1/admin/impersonate:0
[15496091ms] [ERROR] Failed to load resource: the server responded with a status of 501 (Not Implemented) @ http://localhost:3119/api/v1/admin/impersonate:0
[15508536ms] [ERROR] Failed to load resource: the server responded with a status of 503 (Service Unavailable) @ http://localhost:3119/api/v1/system/health:0
[15526102ms] [ERROR] Failed to load resource: the server responded with a status of 501 (Not Implemented) @ http://localhost:3119/api/v1/admin/impersonate:0
[15526112ms] [ERROR] Failed to load resource: the server responded with a status of 501 (Not Implemented) @ http://localhost:3119/api/v1/admin/impersonate:0
[15538553ms] [ERROR] Failed to load resource: the server responded with a status of 503 (Service Unavailable) @ http://localhost:3119/api/v1/system/health:0
[15556122ms] [ERROR] Failed to load resource: the server responded with a status of 501 (Not Implemented) @ http://localhost:3119/api/v1/admin/impersonate:0
[15556132ms] [ERROR] Failed to load resource: the server responded with a status of 501 (Not Implemented) @ http://localhost:3119/api/v1/admin/impersonate:0
[15568571ms] [ERROR] Failed to load resource: the server responded with a status of 503 (Service Unavailable) @ http://localhost:3119/api/v1/system/health:0
[15586147ms] [ERROR] Failed to load resource: the server responded with a status of 501 (Not Implemented) @ http://localhost:3119/api/v1/admin/impersonate:0
[15586155ms] [ERROR] Failed to load resource: the server responded with a status of 501 (Not Implemented) @ http://localhost:3119/api/v1/admin/impersonate:0
[15598588ms] [ERROR] Failed to load resource: the server responded with a status of 503 (Service Unavailable) @ http://localhost:3119/api/v1/system/health:0
[15616174ms] [ERROR] Failed to load resource: the server responded with a status of 501 (Not Implemented) @ http://localhost:3119/api/v1/admin/impersonate:0
[15616184ms] [ERROR] Failed to load resource: the server responded with a status of 501 (Not Implemented) @ http://localhost:3119/api/v1/admin/impersonate:0
[15628603ms] [ERROR] Failed to load resource: the server responded with a status of 503 (Service Unavailable) @ http://localhost:3119/api/v1/system/health:0
[15646196ms] [ERROR] Failed to load resource: the server responded with a status of 501 (Not Implemented) @ http://localhost:3119/api/v1/admin/impersonate:0
[15646206ms] [ERROR] Failed to load resource: the server responded with a status of 501 (Not Implemented) @ http://localhost:3119/api/v1/admin/impersonate:0
[15658621ms] [ERROR] Failed to load resource: the server responded with a status of 503 (Service Unavailable) @ http://localhost:3119/api/v1/system/health:0
[15676220ms] [ERROR] Failed to load resource: the server responded with a status of 501 (Not Implemented) @ http://localhost:3119/api/v1/admin/impersonate:0
[15676229ms] [ERROR] Failed to load resource: the server responded with a status of 501 (Not Implemented) @ http://localhost:3119/api/v1/admin/impersonate:0
[15688643ms] [ERROR] Failed to load resource: the server responded with a status of 503 (Service Unavailable) @ http://localhost:3119/api/v1/system/health:0
[15706243ms] [ERROR] Failed to load resource: the server responded with a status of 501 (Not Implemented) @ http://localhost:3119/api/v1/admin/impersonate:0
[15706252ms] [ERROR] Failed to load resource: the server responded with a status of 501 (Not Implemented) @ http://localhost:3119/api/v1/admin/impersonate:0
[15718660ms] [ERROR] Failed to load resource: the server responded with a status of 503 (Service Unavailable) @ http://localhost:3119/api/v1/system/health:0
[15736264ms] [ERROR] Failed to load resource: the server responded with a status of 501 (Not Implemented) @ http://localhost:3119/api/v1/admin/impersonate:0
[15736272ms] [ERROR] Failed to load resource: the server responded with a status of 501 (Not Implemented) @ http://localhost:3119/api/v1/admin/impersonate:0
[15748677ms] [ERROR] Failed to load resource: the server responded with a status of 503 (Service Unavailable) @ http://localhost:3119/api/v1/system/health:0
[15766282ms] [ERROR] Failed to load resource: the server responded with a status of 501 (Not Implemented) @ http://localhost:3119/api/v1/admin/impersonate:0
[15766291ms] [ERROR] Failed to load resource: the server responded with a status of 501 (Not Implemented) @ http://localhost:3119/api/v1/admin/impersonate:0
[15778694ms] [ERROR] Failed to load resource: the server responded with a status of 503 (Service Unavailable) @ http://localhost:3119/api/v1/system/health:0
[15796299ms] [ERROR] Failed to load resource: the server responded with a status of 501 (Not Implemented) @ http://localhost:3119/api/v1/admin/impersonate:0
[15796307ms] [ERROR] Failed to load resource: the server responded with a status of 501 (Not Implemented) @ http://localhost:3119/api/v1/admin/impersonate:0
[15808708ms] [ERROR] Failed to load resource: the server responded with a status of 503 (Service Unavailable) @ http://localhost:3119/api/v1/system/health:0
[15826322ms] [ERROR] Failed to load resource: the server responded with a status of 501 (Not Implemented) @ http://localhost:3119/api/v1/admin/impersonate:0
[15826332ms] [ERROR] Failed to load resource: the server responded with a status of 501 (Not Implemented) @ http://localhost:3119/api/v1/admin/impersonate:0
[15838723ms] [ERROR] Failed to load resource: the server responded with a status of 503 (Service Unavailable) @ http://localhost:3119/api/v1/system/health:0
[15856342ms] [ERROR] Failed to load resource: the server responded with a status of 501 (Not Implemented) @ http://localhost:3119/api/v1/admin/impersonate:0
[15856350ms] [ERROR] Failed to load resource: the server responded with a status of 501 (Not Implemented) @ http://localhost:3119/api/v1/admin/impersonate:0
[15868740ms] [ERROR] Failed to load resource: the server responded with a status of 503 (Service Unavailable) @ http://localhost:3119/api/v1/system/health:0
[15886358ms] [ERROR] Failed to load resource: the server responded with a status of 501 (Not Implemented) @ http://localhost:3119/api/v1/admin/impersonate:0
[15886367ms] [ERROR] Failed to load resource: the server responded with a status of 501 (Not Implemented) @ http://localhost:3119/api/v1/admin/impersonate:0
[15898755ms] [ERROR] Failed to load resource: the server responded with a status of 503 (Service Unavailable) @ http://localhost:3119/api/v1/system/health:0
[15916378ms] [ERROR] Failed to load resource: the server responded with a status of 501 (Not Implemented) @ http://localhost:3119/api/v1/admin/impersonate:0
[15916387ms] [ERROR] Failed to load resource: the server responded with a status of 501 (Not Implemented) @ http://localhost:3119/api/v1/admin/impersonate:0
[15928771ms] [ERROR] Failed to load resource: the server responded with a status of 503 (Service Unavailable) @ http://localhost:3119/api/v1/system/health:0
[15946398ms] [ERROR] Failed to load resource: the server responded with a status of 501 (Not Implemented) @ http://localhost:3119/api/v1/admin/impersonate:0
[15946406ms] [ERROR] Failed to load resource: the server responded with a status of 501 (Not Implemented) @ http://localhost:3119/api/v1/admin/impersonate:0
[15958791ms] [ERROR] Failed to load resource: the server responded with a status of 503 (Service Unavailable) @ http://localhost:3119/api/v1/system/health:0
[15976423ms] [ERROR] Failed to load resource: the server responded with a status of 501 (Not Implemented) @ http://localhost:3119/api/v1/admin/impersonate:0
[15976435ms] [ERROR] Failed to load resource: the server responded with a status of 501 (Not Implemented) @ http://localhost:3119/api/v1/admin/impersonate:0
[15988806ms] [ERROR] Failed to load resource: the server responded with a status of 503 (Service Unavailable) @ http://localhost:3119/api/v1/system/health:0
[16007619ms] [ERROR] Failed to load resource: the server responded with a status of 501 (Not Implemented) @ http://localhost:3119/api/v1/admin/impersonate:0
[16007636ms] [ERROR] Failed to load resource: the server responded with a status of 501 (Not Implemented) @ http://localhost:3119/api/v1/admin/impersonate:0
[16018826ms] [ERROR] Failed to load resource: the server responded with a status of 503 (Service Unavailable) @ http://localhost:3119/api/v1/system/health:0
[16037644ms] [ERROR] Failed to load resource: the server responded with a status of 501 (Not Implemented) @ http://localhost:3119/api/v1/admin/impersonate:0
[16037652ms] [ERROR] Failed to load resource: the server responded with a status of 501 (Not Implemented) @ http://localhost:3119/api/v1/admin/impersonate:0
[16048842ms] [ERROR] Failed to load resource: the server responded with a status of 503 (Service Unavailable) @ http://localhost:3119/api/v1/system/health:0
[16067670ms] [ERROR] Failed to load resource: the server responded with a status of 501 (Not Implemented) @ http://localhost:3119/api/v1/admin/impersonate:0
[16067678ms] [ERROR] Failed to load resource: the server responded with a status of 501 (Not Implemented) @ http://localhost:3119/api/v1/admin/impersonate:0
[16078856ms] [ERROR] Failed to load resource: the server responded with a status of 503 (Service Unavailable) @ http://localhost:3119/api/v1/system/health:0
[16097688ms] [ERROR] Failed to load resource: the server responded with a status of 501 (Not Implemented) @ http://localhost:3119/api/v1/admin/impersonate:0
[16097698ms] [ERROR] Failed to load resource: the server responded with a status of 501 (Not Implemented) @ http://localhost:3119/api/v1/admin/impersonate:0
[16108868ms] [ERROR] Failed to load resource: the server responded with a status of 503 (Service Unavailable) @ http://localhost:3119/api/v1/system/health:0
[16127713ms] [ERROR] Failed to load resource: the server responded with a status of 501 (Not Implemented) @ http://localhost:3119/api/v1/admin/impersonate:0
[16127722ms] [ERROR] Failed to load resource: the server responded with a status of 501 (Not Implemented) @ http://localhost:3119/api/v1/admin/impersonate:0
[16138886ms] [ERROR] Failed to load resource: the server responded with a status of 503 (Service Unavailable) @ http://localhost:3119/api/v1/system/health:0
[16157732ms] [ERROR] Failed to load resource: the server responded with a status of 501 (Not Implemented) @ http://localhost:3119/api/v1/admin/impersonate:0
[16157741ms] [ERROR] Failed to load resource: the server responded with a status of 501 (Not Implemented) @ http://localhost:3119/api/v1/admin/impersonate:0
[16168904ms] [ERROR] Failed to load resource: the server responded with a status of 503 (Service Unavailable) @ http://localhost:3119/api/v1/system/health:0
[16187752ms] [ERROR] Failed to load resource: the server responded with a status of 501 (Not Implemented) @ http://localhost:3119/api/v1/admin/impersonate:0
[16187760ms] [ERROR] Failed to load resource: the server responded with a status of 501 (Not Implemented) @ http://localhost:3119/api/v1/admin/impersonate:0
[16198921ms] [ERROR] Failed to load resource: the server responded with a status of 503 (Service Unavailable) @ http://localhost:3119/api/v1/system/health:0
[16217771ms] [ERROR] Failed to load resource: the server responded with a status of 501 (Not Implemented) @ http://localhost:3119/api/v1/admin/impersonate:0
[16217780ms] [ERROR] Failed to load resource: the server responded with a status of 501 (Not Implemented) @ http://localhost:3119/api/v1/admin/impersonate:0
[16228937ms] [ERROR] Failed to load resource: the server responded with a status of 503 (Service Unavailable) @ http://localhost:3119/api/v1/system/health:0
[16247804ms] [ERROR] Failed to load resource: the server responded with a status of 501 (Not Implemented) @ http://localhost:3119/api/v1/admin/impersonate:0
[16247814ms] [ERROR] Failed to load resource: the server responded with a status of 501 (Not Implemented) @ http://localhost:3119/api/v1/admin/impersonate:0
[16258955ms] [ERROR] Failed to load resource: the server responded with a status of 503 (Service Unavailable) @ http://localhost:3119/api/v1/system/health:0
[16277828ms] [ERROR] Failed to load resource: the server responded with a status of 501 (Not Implemented) @ http://localhost:3119/api/v1/admin/impersonate:0
[16277838ms] [ERROR] Failed to load resource: the server responded with a status of 501 (Not Implemented) @ http://localhost:3119/api/v1/admin/impersonate:0
[16288972ms] [ERROR] Failed to load resource: the server responded with a status of 503 (Service Unavailable) @ http://localhost:3119/api/v1/system/health:0
[16307853ms] [ERROR] Failed to load resource: the server responded with a status of 501 (Not Implemented) @ http://localhost:3119/api/v1/admin/impersonate:0
[16307862ms] [ERROR] Failed to load resource: the server responded with a status of 501 (Not Implemented) @ http://localhost:3119/api/v1/admin/impersonate:0
[16318993ms] [ERROR] Failed to load resource: the server responded with a status of 503 (Service Unavailable) @ http://localhost:3119/api/v1/system/health:0
[16337870ms] [ERROR] Failed to load resource: the server responded with a status of 501 (Not Implemented) @ http://localhost:3119/api/v1/admin/impersonate:0
[16337878ms] [ERROR] Failed to load resource: the server responded with a status of 501 (Not Implemented) @ http://localhost:3119/api/v1/admin/impersonate:0
[16349007ms] [ERROR] Failed to load resource: the server responded with a status of 503 (Service Unavailable) @ http://localhost:3119/api/v1/system/health:0
[16367888ms] [ERROR] Failed to load resource: the server responded with a status of 501 (Not Implemented) @ http://localhost:3119/api/v1/admin/impersonate:0
[16367896ms] [ERROR] Failed to load resource: the server responded with a status of 501 (Not Implemented) @ http://localhost:3119/api/v1/admin/impersonate:0
[16379025ms] [ERROR] Failed to load resource: the server responded with a status of 503 (Service Unavailable) @ http://localhost:3119/api/v1/system/health:0
[16397905ms] [ERROR] Failed to load resource: the server responded with a status of 501 (Not Implemented) @ http://localhost:3119/api/v1/admin/impersonate:0
[16397914ms] [ERROR] Failed to load resource: the server responded with a status of 501 (Not Implemented) @ http://localhost:3119/api/v1/admin/impersonate:0
[16409042ms] [ERROR] Failed to load resource: the server responded with a status of 503 (Service Unavailable) @ http://localhost:3119/api/v1/system/health:0
[16427924ms] [ERROR] Failed to load resource: the server responded with a status of 501 (Not Implemented) @ http://localhost:3119/api/v1/admin/impersonate:0
[16427932ms] [ERROR] Failed to load resource: the server responded with a status of 501 (Not Implemented) @ http://localhost:3119/api/v1/admin/impersonate:0
[16439068ms] [ERROR] Failed to load resource: the server responded with a status of 503 (Service Unavailable) @ http://localhost:3119/api/v1/system/health:0
[16457944ms] [ERROR] Failed to load resource: the server responded with a status of 501 (Not Implemented) @ http://localhost:3119/api/v1/admin/impersonate:0
[16457953ms] [ERROR] Failed to load resource: the server responded with a status of 501 (Not Implemented) @ http://localhost:3119/api/v1/admin/impersonate:0
[16469082ms] [ERROR] Failed to load resource: the server responded with a status of 503 (Service Unavailable) @ http://localhost:3119/api/v1/system/health:0
[16487962ms] [ERROR] Failed to load resource: the server responded with a status of 501 (Not Implemented) @ http://localhost:3119/api/v1/admin/impersonate:0
[16487970ms] [ERROR] Failed to load resource: the server responded with a status of 501 (Not Implemented) @ http://localhost:3119/api/v1/admin/impersonate:0
[16499094ms] [ERROR] Failed to load resource: the server responded with a status of 503 (Service Unavailable) @ http://localhost:3119/api/v1/system/health:0
[16517980ms] [ERROR] Failed to load resource: the server responded with a status of 501 (Not Implemented) @ http://localhost:3119/api/v1/admin/impersonate:0
[16517990ms] [ERROR] Failed to load resource: the server responded with a status of 501 (Not Implemented) @ http://localhost:3119/api/v1/admin/impersonate:0
[16529112ms] [ERROR] Failed to load resource: the server responded with a status of 503 (Service Unavailable) @ http://localhost:3119/api/v1/system/health:0
[16547999ms] [ERROR] Failed to load resource: the server responded with a status of 501 (Not Implemented) @ http://localhost:3119/api/v1/admin/impersonate:0
[16548007ms] [ERROR] Failed to load resource: the server responded with a status of 501 (Not Implemented) @ http://localhost:3119/api/v1/admin/impersonate:0
[16559130ms] [ERROR] Failed to load resource: the server responded with a status of 503 (Service Unavailable) @ http://localhost:3119/api/v1/system/health:0
[16578025ms] [ERROR] Failed to load resource: the server responded with a status of 501 (Not Implemented) @ http://localhost:3119/api/v1/admin/impersonate:0
[16578036ms] [ERROR] Failed to load resource: the server responded with a status of 501 (Not Implemented) @ http://localhost:3119/api/v1/admin/impersonate:0
[16589147ms] [ERROR] Failed to load resource: the server responded with a status of 503 (Service Unavailable) @ http://localhost:3119/api/v1/system/health:0
[16608045ms] [ERROR] Failed to load resource: the server responded with a status of 501 (Not Implemented) @ http://localhost:3119/api/v1/admin/impersonate:0
[16608053ms] [ERROR] Failed to load resource: the server responded with a status of 501 (Not Implemented) @ http://localhost:3119/api/v1/admin/impersonate:0
[16619160ms] [ERROR] Failed to load resource: the server responded with a status of 503 (Service Unavailable) @ http://localhost:3119/api/v1/system/health:0
[16638068ms] [ERROR] Failed to load resource: the server responded with a status of 501 (Not Implemented) @ http://localhost:3119/api/v1/admin/impersonate:0
[16638078ms] [ERROR] Failed to load resource: the server responded with a status of 501 (Not Implemented) @ http://localhost:3119/api/v1/admin/impersonate:0
[16649173ms] [ERROR] Failed to load resource: the server responded with a status of 503 (Service Unavailable) @ http://localhost:3119/api/v1/system/health:0
[16668088ms] [ERROR] Failed to load resource: the server responded with a status of 501 (Not Implemented) @ http://localhost:3119/api/v1/admin/impersonate:0
[16668097ms] [ERROR] Failed to load resource: the server responded with a status of 501 (Not Implemented) @ http://localhost:3119/api/v1/admin/impersonate:0
[16679190ms] [ERROR] Failed to load resource: the server responded with a status of 503 (Service Unavailable) @ http://localhost:3119/api/v1/system/health:0
[16698111ms] [ERROR] Failed to load resource: the server responded with a status of 501 (Not Implemented) @ http://localhost:3119/api/v1/admin/impersonate:0
[16698121ms] [ERROR] Failed to load resource: the server responded with a status of 501 (Not Implemented) @ http://localhost:3119/api/v1/admin/impersonate:0
[16709207ms] [ERROR] Failed to load resource: the server responded with a status of 503 (Service Unavailable) @ http://localhost:3119/api/v1/system/health:0
[16728132ms] [ERROR] Failed to load resource: the server responded with a status of 501 (Not Implemented) @ http://localhost:3119/api/v1/admin/impersonate:0
[16728140ms] [ERROR] Failed to load resource: the server responded with a status of 501 (Not Implemented) @ http://localhost:3119/api/v1/admin/impersonate:0
[16739226ms] [ERROR] Failed to load resource: the server responded with a status of 503 (Service Unavailable) @ http://localhost:3119/api/v1/system/health:0
[16758152ms] [ERROR] Failed to load resource: the server responded with a status of 501 (Not Implemented) @ http://localhost:3119/api/v1/admin/impersonate:0
[16758161ms] [ERROR] Failed to load resource: the server responded with a status of 501 (Not Implemented) @ http://localhost:3119/api/v1/admin/impersonate:0
[16769240ms] [ERROR] Failed to load resource: the server responded with a status of 503 (Service Unavailable) @ http://localhost:3119/api/v1/system/health:0
[16788171ms] [ERROR] Failed to load resource: the server responded with a status of 501 (Not Implemented) @ http://localhost:3119/api/v1/admin/impersonate:0
[16788180ms] [ERROR] Failed to load resource: the server responded with a status of 501 (Not Implemented) @ http://localhost:3119/api/v1/admin/impersonate:0
[16799256ms] [ERROR] Failed to load resource: the server responded with a status of 503 (Service Unavailable) @ http://localhost:3119/api/v1/system/health:0
[16818202ms] [ERROR] Failed to load resource: the server responded with a status of 501 (Not Implemented) @ http://localhost:3119/api/v1/admin/impersonate:0
[16818219ms] [ERROR] Failed to load resource: the server responded with a status of 501 (Not Implemented) @ http://localhost:3119/api/v1/admin/impersonate:0
[16829273ms] [ERROR] Failed to load resource: the server responded with a status of 503 (Service Unavailable) @ http://localhost:3119/api/v1/system/health:0
[16848233ms] [ERROR] Failed to load resource: the server responded with a status of 501 (Not Implemented) @ http://localhost:3119/api/v1/admin/impersonate:0
[16848243ms] [ERROR] Failed to load resource: the server responded with a status of 501 (Not Implemented) @ http://localhost:3119/api/v1/admin/impersonate:0
[16859290ms] [ERROR] Failed to load resource: the server responded with a status of 503 (Service Unavailable) @ http://localhost:3119/api/v1/system/health:0
[16878251ms] [ERROR] Failed to load resource: the server responded with a status of 501 (Not Implemented) @ http://localhost:3119/api/v1/admin/impersonate:0
[16878260ms] [ERROR] Failed to load resource: the server responded with a status of 501 (Not Implemented) @ http://localhost:3119/api/v1/admin/impersonate:0
[16889302ms] [ERROR] Failed to load resource: the server responded with a status of 503 (Service Unavailable) @ http://localhost:3119/api/v1/system/health:0
[16908269ms] [ERROR] Failed to load resource: the server responded with a status of 501 (Not Implemented) @ http://localhost:3119/api/v1/admin/impersonate:0
[16908279ms] [ERROR] Failed to load resource: the server responded with a status of 501 (Not Implemented) @ http://localhost:3119/api/v1/admin/impersonate:0
[16919320ms] [ERROR] Failed to load resource: the server responded with a status of 503 (Service Unavailable) @ http://localhost:3119/api/v1/system/health:0
[16938292ms] [ERROR] Failed to load resource: the server responded with a status of 501 (Not Implemented) @ http://localhost:3119/api/v1/admin/impersonate:0
[16938302ms] [ERROR] Failed to load resource: the server responded with a status of 501 (Not Implemented) @ http://localhost:3119/api/v1/admin/impersonate:0
[16949338ms] [ERROR] Failed to load resource: the server responded with a status of 503 (Service Unavailable) @ http://localhost:3119/api/v1/system/health:0
[16968312ms] [ERROR] Failed to load resource: the server responded with a status of 501 (Not Implemented) @ http://localhost:3119/api/v1/admin/impersonate:0
[16968322ms] [ERROR] Failed to load resource: the server responded with a status of 501 (Not Implemented) @ http://localhost:3119/api/v1/admin/impersonate:0
[16979357ms] [ERROR] Failed to load resource: the server responded with a status of 503 (Service Unavailable) @ http://localhost:3119/api/v1/system/health:0
[16998338ms] [ERROR] Failed to load resource: the server responded with a status of 501 (Not Implemented) @ http://localhost:3119/api/v1/admin/impersonate:0
[16998347ms] [ERROR] Failed to load resource: the server responded with a status of 501 (Not Implemented) @ http://localhost:3119/api/v1/admin/impersonate:0
[17009375ms] [ERROR] Failed to load resource: the server responded with a status of 503 (Service Unavailable) @ http://localhost:3119/api/v1/system/health:0
[17028356ms] [ERROR] Failed to load resource: the server responded with a status of 501 (Not Implemented) @ http://localhost:3119/api/v1/admin/impersonate:0
[17028365ms] [ERROR] Failed to load resource: the server responded with a status of 501 (Not Implemented) @ http://localhost:3119/api/v1/admin/impersonate:0
[17039395ms] [ERROR] Failed to load resource: the server responded with a status of 503 (Service Unavailable) @ http://localhost:3119/api/v1/system/health:0
[17058375ms] [ERROR] Failed to load resource: the server responded with a status of 501 (Not Implemented) @ http://localhost:3119/api/v1/admin/impersonate:0
[17058383ms] [ERROR] Failed to load resource: the server responded with a status of 501 (Not Implemented) @ http://localhost:3119/api/v1/admin/impersonate:0
[17069408ms] [ERROR] Failed to load resource: the server responded with a status of 503 (Service Unavailable) @ http://localhost:3119/api/v1/system/health:0
[17088396ms] [ERROR] Failed to load resource: the server responded with a status of 501 (Not Implemented) @ http://localhost:3119/api/v1/admin/impersonate:0
[17088404ms] [ERROR] Failed to load resource: the server responded with a status of 501 (Not Implemented) @ http://localhost:3119/api/v1/admin/impersonate:0
[17099435ms] [ERROR] Failed to load resource: the server responded with a status of 503 (Service Unavailable) @ http://localhost:3119/api/v1/system/health:0
[17118414ms] [ERROR] Failed to load resource: the server responded with a status of 501 (Not Implemented) @ http://localhost:3119/api/v1/admin/impersonate:0
[17118421ms] [ERROR] Failed to load resource: the server responded with a status of 501 (Not Implemented) @ http://localhost:3119/api/v1/admin/impersonate:0
[17129452ms] [ERROR] Failed to load resource: the server responded with a status of 503 (Service Unavailable) @ http://localhost:3119/api/v1/system/health:0
[17148431ms] [ERROR] Failed to load resource: the server responded with a status of 501 (Not Implemented) @ http://localhost:3119/api/v1/admin/impersonate:0
[17148439ms] [ERROR] Failed to load resource: the server responded with a status of 501 (Not Implemented) @ http://localhost:3119/api/v1/admin/impersonate:0
[17159470ms] [ERROR] Failed to load resource: the server responded with a status of 503 (Service Unavailable) @ http://localhost:3119/api/v1/system/health:0
[17178525ms] [ERROR] Failed to load resource: the server responded with a status of 501 (Not Implemented) @ http://localhost:3119/api/v1/admin/impersonate:0
[17178689ms] [ERROR] Failed to load resource: the server responded with a status of 501 (Not Implemented) @ http://localhost:3119/api/v1/admin/impersonate:0
[17189502ms] [ERROR] Failed to load resource: the server responded with a status of 503 (Service Unavailable) @ http://localhost:3119/api/v1/system/health:0
[17208755ms] [ERROR] Failed to load resource: the server responded with a status of 501 (Not Implemented) @ http://localhost:3119/api/v1/admin/impersonate:0
[17208779ms] [ERROR] Failed to load resource: the server responded with a status of 501 (Not Implemented) @ http://localhost:3119/api/v1/admin/impersonate:0
[17219517ms] [ERROR] Failed to load resource: the server responded with a status of 503 (Service Unavailable) @ http://localhost:3119/api/v1/system/health:0
[17238795ms] [ERROR] Failed to load resource: the server responded with a status of 501 (Not Implemented) @ http://localhost:3119/api/v1/admin/impersonate:0
[17238805ms] [ERROR] Failed to load resource: the server responded with a status of 501 (Not Implemented) @ http://localhost:3119/api/v1/admin/impersonate:0
[17249528ms] [ERROR] Failed to load resource: the server responded with a status of 503 (Service Unavailable) @ http://localhost:3119/api/v1/system/health:0
[17268819ms] [ERROR] Failed to load resource: the server responded with a status of 501 (Not Implemented) @ http://localhost:3119/api/v1/admin/impersonate:0
[17268829ms] [ERROR] Failed to load resource: the server responded with a status of 501 (Not Implemented) @ http://localhost:3119/api/v1/admin/impersonate:0
[17279548ms] [ERROR] Failed to load resource: the server responded with a status of 503 (Service Unavailable) @ http://localhost:3119/api/v1/system/health:0
[17298837ms] [ERROR] Failed to load resource: the server responded with a status of 501 (Not Implemented) @ http://localhost:3119/api/v1/admin/impersonate:0
[17298845ms] [ERROR] Failed to load resource: the server responded with a status of 501 (Not Implemented) @ http://localhost:3119/api/v1/admin/impersonate:0
[17309563ms] [ERROR] Failed to load resource: the server responded with a status of 503 (Service Unavailable) @ http://localhost:3119/api/v1/system/health:0
[17328854ms] [ERROR] Failed to load resource: the server responded with a status of 501 (Not Implemented) @ http://localhost:3119/api/v1/admin/impersonate:0
[17328862ms] [ERROR] Failed to load resource: the server responded with a status of 501 (Not Implemented) @ http://localhost:3119/api/v1/admin/impersonate:0
[17339580ms] [ERROR] Failed to load resource: the server responded with a status of 503 (Service Unavailable) @ http://localhost:3119/api/v1/system/health:0
[17358871ms] [ERROR] Failed to load resource: the server responded with a status of 501 (Not Implemented) @ http://localhost:3119/api/v1/admin/impersonate:0
[17358880ms] [ERROR] Failed to load resource: the server responded with a status of 501 (Not Implemented) @ http://localhost:3119/api/v1/admin/impersonate:0
[17369595ms] [ERROR] Failed to load resource: the server responded with a status of 503 (Service Unavailable) @ http://localhost:3119/api/v1/system/health:0
[17388892ms] [ERROR] Failed to load resource: the server responded with a status of 501 (Not Implemented) @ http://localhost:3119/api/v1/admin/impersonate:0
[17388901ms] [ERROR] Failed to load resource: the server responded with a status of 501 (Not Implemented) @ http://localhost:3119/api/v1/admin/impersonate:0
[17399608ms] [ERROR] Failed to load resource: the server responded with a status of 503 (Service Unavailable) @ http://localhost:3119/api/v1/system/health:0
[17418914ms] [ERROR] Failed to load resource: the server responded with a status of 501 (Not Implemented) @ http://localhost:3119/api/v1/admin/impersonate:0
[17418922ms] [ERROR] Failed to load resource: the server responded with a status of 501 (Not Implemented) @ http://localhost:3119/api/v1/admin/impersonate:0
[17429621ms] [ERROR] Failed to load resource: the server responded with a status of 503 (Service Unavailable) @ http://localhost:3119/api/v1/system/health:0
[17448931ms] [ERROR] Failed to load resource: the server responded with a status of 501 (Not Implemented) @ http://localhost:3119/api/v1/admin/impersonate:0
[17448939ms] [ERROR] Failed to load resource: the server responded with a status of 501 (Not Implemented) @ http://localhost:3119/api/v1/admin/impersonate:0
[17459636ms] [ERROR] Failed to load resource: the server responded with a status of 503 (Service Unavailable) @ http://localhost:3119/api/v1/system/health:0
[17478949ms] [ERROR] Failed to load resource: the server responded with a status of 501 (Not Implemented) @ http://localhost:3119/api/v1/admin/impersonate:0
[17478957ms] [ERROR] Failed to load resource: the server responded with a status of 501 (Not Implemented) @ http://localhost:3119/api/v1/admin/impersonate:0
[17489652ms] [ERROR] Failed to load resource: the server responded with a status of 503 (Service Unavailable) @ http://localhost:3119/api/v1/system/health:0
[17508966ms] [ERROR] Failed to load resource: the server responded with a status of 501 (Not Implemented) @ http://localhost:3119/api/v1/admin/impersonate:0
[17508974ms] [ERROR] Failed to load resource: the server responded with a status of 501 (Not Implemented) @ http://localhost:3119/api/v1/admin/impersonate:0
[17519669ms] [ERROR] Failed to load resource: the server responded with a status of 503 (Service Unavailable) @ http://localhost:3119/api/v1/system/health:0
[17538984ms] [ERROR] Failed to load resource: the server responded with a status of 501 (Not Implemented) @ http://localhost:3119/api/v1/admin/impersonate:0
[17538994ms] [ERROR] Failed to load resource: the server responded with a status of 501 (Not Implemented) @ http://localhost:3119/api/v1/admin/impersonate:0
[17549682ms] [ERROR] Failed to load resource: the server responded with a status of 503 (Service Unavailable) @ http://localhost:3119/api/v1/system/health:0
[17569007ms] [ERROR] Failed to load resource: the server responded with a status of 501 (Not Implemented) @ http://localhost:3119/api/v1/admin/impersonate:0
[17569015ms] [ERROR] Failed to load resource: the server responded with a status of 501 (Not Implemented) @ http://localhost:3119/api/v1/admin/impersonate:0
[17579696ms] [ERROR] Failed to load resource: the server responded with a status of 503 (Service Unavailable) @ http://localhost:3119/api/v1/system/health:0
[17599028ms] [ERROR] Failed to load resource: the server responded with a status of 501 (Not Implemented) @ http://localhost:3119/api/v1/admin/impersonate:0
[17599038ms] [ERROR] Failed to load resource: the server responded with a status of 501 (Not Implemented) @ http://localhost:3119/api/v1/admin/impersonate:0
[17609709ms] [ERROR] Failed to load resource: the server responded with a status of 503 (Service Unavailable) @ http://localhost:3119/api/v1/system/health:0
[17629052ms] [ERROR] Failed to load resource: the server responded with a status of 501 (Not Implemented) @ http://localhost:3119/api/v1/admin/impersonate:0
[17629060ms] [ERROR] Failed to load resource: the server responded with a status of 501 (Not Implemented) @ http://localhost:3119/api/v1/admin/impersonate:0
[17639723ms] [ERROR] Failed to load resource: the server responded with a status of 503 (Service Unavailable) @ http://localhost:3119/api/v1/system/health:0
[17659069ms] [ERROR] Failed to load resource: the server responded with a status of 501 (Not Implemented) @ http://localhost:3119/api/v1/admin/impersonate:0
[17659077ms] [ERROR] Failed to load resource: the server responded with a status of 501 (Not Implemented) @ http://localhost:3119/api/v1/admin/impersonate:0
[17669740ms] [ERROR] Failed to load resource: the server responded with a status of 503 (Service Unavailable) @ http://localhost:3119/api/v1/system/health:0
[17689087ms] [ERROR] Failed to load resource: the server responded with a status of 501 (Not Implemented) @ http://localhost:3119/api/v1/admin/impersonate:0
[17689096ms] [ERROR] Failed to load resource: the server responded with a status of 501 (Not Implemented) @ http://localhost:3119/api/v1/admin/impersonate:0
[17699763ms] [ERROR] Failed to load resource: the server responded with a status of 503 (Service Unavailable) @ http://localhost:3119/api/v1/system/health:0
[17719106ms] [ERROR] Failed to load resource: the server responded with a status of 501 (Not Implemented) @ http://localhost:3119/api/v1/admin/impersonate:0
[17719116ms] [ERROR] Failed to load resource: the server responded with a status of 501 (Not Implemented) @ http://localhost:3119/api/v1/admin/impersonate:0
[17729775ms] [ERROR] Failed to load resource: the server responded with a status of 503 (Service Unavailable) @ http://localhost:3119/api/v1/system/health:0
[17749131ms] [ERROR] Failed to load resource: the server responded with a status of 501 (Not Implemented) @ http://localhost:3119/api/v1/admin/impersonate:0
[17749140ms] [ERROR] Failed to load resource: the server responded with a status of 501 (Not Implemented) @ http://localhost:3119/api/v1/admin/impersonate:0
[17759793ms] [ERROR] Failed to load resource: the server responded with a status of 503 (Service Unavailable) @ http://localhost:3119/api/v1/system/health:0
[17779149ms] [ERROR] Failed to load resource: the server responded with a status of 501 (Not Implemented) @ http://localhost:3119/api/v1/admin/impersonate:0
[17779158ms] [ERROR] Failed to load resource: the server responded with a status of 501 (Not Implemented) @ http://localhost:3119/api/v1/admin/impersonate:0
[17789823ms] [ERROR] Failed to load resource: the server responded with a status of 503 (Service Unavailable) @ http://localhost:3119/api/v1/system/health:0
[17809165ms] [ERROR] Failed to load resource: the server responded with a status of 501 (Not Implemented) @ http://localhost:3119/api/v1/admin/impersonate:0
[17809174ms] [ERROR] Failed to load resource: the server responded with a status of 501 (Not Implemented) @ http://localhost:3119/api/v1/admin/impersonate:0
[17819835ms] [ERROR] Failed to load resource: the server responded with a status of 503 (Service Unavailable) @ http://localhost:3119/api/v1/system/health:0
[17839185ms] [ERROR] Failed to load resource: the server responded with a status of 501 (Not Implemented) @ http://localhost:3119/api/v1/admin/impersonate:0
[17839195ms] [ERROR] Failed to load resource: the server responded with a status of 501 (Not Implemented) @ http://localhost:3119/api/v1/admin/impersonate:0
[17849851ms] [ERROR] Failed to load resource: the server responded with a status of 503 (Service Unavailable) @ http://localhost:3119/api/v1/system/health:0
[17869207ms] [ERROR] Failed to load resource: the server responded with a status of 501 (Not Implemented) @ http://localhost:3119/api/v1/admin/impersonate:0
[17869218ms] [ERROR] Failed to load resource: the server responded with a status of 501 (Not Implemented) @ http://localhost:3119/api/v1/admin/impersonate:0
[17879861ms] [ERROR] Failed to load resource: the server responded with a status of 503 (Service Unavailable) @ http://localhost:3119/api/v1/system/health:0
[17899237ms] [ERROR] Failed to load resource: the server responded with a status of 501 (Not Implemented) @ http://localhost:3119/api/v1/admin/impersonate:0
[17899248ms] [ERROR] Failed to load resource: the server responded with a status of 501 (Not Implemented) @ http://localhost:3119/api/v1/admin/impersonate:0
[17909881ms] [ERROR] Failed to load resource: the server responded with a status of 503 (Service Unavailable) @ http://localhost:3119/api/v1/system/health:0
[17929262ms] [ERROR] Failed to load resource: the server responded with a status of 501 (Not Implemented) @ http://localhost:3119/api/v1/admin/impersonate:0
[17929272ms] [ERROR] Failed to load resource: the server responded with a status of 501 (Not Implemented) @ http://localhost:3119/api/v1/admin/impersonate:0
[17939896ms] [ERROR] Failed to load resource: the server responded with a status of 503 (Service Unavailable) @ http://localhost:3119/api/v1/system/health:0
[17959284ms] [ERROR] Failed to load resource: the server responded with a status of 501 (Not Implemented) @ http://localhost:3119/api/v1/admin/impersonate:0
[17959293ms] [ERROR] Failed to load resource: the server responded with a status of 501 (Not Implemented) @ http://localhost:3119/api/v1/admin/impersonate:0
[17969912ms] [ERROR] Failed to load resource: the server responded with a status of 503 (Service Unavailable) @ http://localhost:3119/api/v1/system/health:0
[17989305ms] [ERROR] Failed to load resource: the server responded with a status of 501 (Not Implemented) @ http://localhost:3119/api/v1/admin/impersonate:0
[17989316ms] [ERROR] Failed to load resource: the server responded with a status of 501 (Not Implemented) @ http://localhost:3119/api/v1/admin/impersonate:0
[17999925ms] [ERROR] Failed to load resource: the server responded with a status of 503 (Service Unavailable) @ http://localhost:3119/api/v1/system/health:0
[18019331ms] [ERROR] Failed to load resource: the server responded with a status of 501 (Not Implemented) @ http://localhost:3119/api/v1/admin/impersonate:0
[18019342ms] [ERROR] Failed to load resource: the server responded with a status of 501 (Not Implemented) @ http://localhost:3119/api/v1/admin/impersonate:0
[18029942ms] [ERROR] Failed to load resource: the server responded with a status of 503 (Service Unavailable) @ http://localhost:3119/api/v1/system/health:0
[18049351ms] [ERROR] Failed to load resource: the server responded with a status of 501 (Not Implemented) @ http://localhost:3119/api/v1/admin/impersonate:0
[18049361ms] [ERROR] Failed to load resource: the server responded with a status of 501 (Not Implemented) @ http://localhost:3119/api/v1/admin/impersonate:0
[18059962ms] [ERROR] Failed to load resource: the server responded with a status of 503 (Service Unavailable) @ http://localhost:3119/api/v1/system/health:0
[18079482ms] [ERROR] Failed to load resource: the server responded with a status of 501 (Not Implemented) @ http://localhost:3119/api/v1/admin/impersonate:0
[18079506ms] [ERROR] Failed to load resource: the server responded with a status of 501 (Not Implemented) @ http://localhost:3119/api/v1/admin/impersonate:0
[18089983ms] [ERROR] Failed to load resource: the server responded with a status of 503 (Service Unavailable) @ http://localhost:3119/api/v1/system/health:0
[18109517ms] [ERROR] Failed to load resource: the server responded with a status of 501 (Not Implemented) @ http://localhost:3119/api/v1/admin/impersonate:0
[18109528ms] [ERROR] Failed to load resource: the server responded with a status of 501 (Not Implemented) @ http://localhost:3119/api/v1/admin/impersonate:0
[18120000ms] [ERROR] Failed to load resource: the server responded with a status of 503 (Service Unavailable) @ http://localhost:3119/api/v1/system/health:0
[18139541ms] [ERROR] Failed to load resource: the server responded with a status of 501 (Not Implemented) @ http://localhost:3119/api/v1/admin/impersonate:0
[18139551ms] [ERROR] Failed to load resource: the server responded with a status of 501 (Not Implemented) @ http://localhost:3119/api/v1/admin/impersonate:0
[18150015ms] [ERROR] Failed to load resource: the server responded with a status of 503 (Service Unavailable) @ http://localhost:3119/api/v1/system/health:0
[18169571ms] [ERROR] Failed to load resource: the server responded with a status of 501 (Not Implemented) @ http://localhost:3119/api/v1/admin/impersonate:0
[18169584ms] [ERROR] Failed to load resource: the server responded with a status of 501 (Not Implemented) @ http://localhost:3119/api/v1/admin/impersonate:0
[18180029ms] [ERROR] Failed to load resource: the server responded with a status of 503 (Service Unavailable) @ http://localhost:3119/api/v1/system/health:0
[18199595ms] [ERROR] Failed to load resource: the server responded with a status of 501 (Not Implemented) @ http://localhost:3119/api/v1/admin/impersonate:0
[18199607ms] [ERROR] Failed to load resource: the server responded with a status of 501 (Not Implemented) @ http://localhost:3119/api/v1/admin/impersonate:0
[18210046ms] [ERROR] Failed to load resource: the server responded with a status of 503 (Service Unavailable) @ http://localhost:3119/api/v1/system/health:0
[18229651ms] [ERROR] Failed to load resource: the server responded with a status of 501 (Not Implemented) @ http://localhost:3119/api/v1/admin/impersonate:0
[18229691ms] [ERROR] Failed to load resource: the server responded with a status of 501 (Not Implemented) @ http://localhost:3119/api/v1/admin/impersonate:0
[18240066ms] [ERROR] Failed to load resource: the server responded with a status of 503 (Service Unavailable) @ http://localhost:3119/api/v1/system/health:0
[18259702ms] [ERROR] Failed to load resource: the server responded with a status of 501 (Not Implemented) @ http://localhost:3119/api/v1/admin/impersonate:0
[18259713ms] [ERROR] Failed to load resource: the server responded with a status of 501 (Not Implemented) @ http://localhost:3119/api/v1/admin/impersonate:0
[18270079ms] [ERROR] Failed to load resource: the server responded with a status of 503 (Service Unavailable) @ http://localhost:3119/api/v1/system/health:0
[18289728ms] [ERROR] Failed to load resource: the server responded with a status of 501 (Not Implemented) @ http://localhost:3119/api/v1/admin/impersonate:0
[18289736ms] [ERROR] Failed to load resource: the server responded with a status of 501 (Not Implemented) @ http://localhost:3119/api/v1/admin/impersonate:0
[18300108ms] [ERROR] Failed to load resource: the server responded with a status of 503 (Service Unavailable) @ http://localhost:3119/api/v1/system/health:0
[18319745ms] [ERROR] Failed to load resource: the server responded with a status of 501 (Not Implemented) @ http://localhost:3119/api/v1/admin/impersonate:0
[18319755ms] [ERROR] Failed to load resource: the server responded with a status of 501 (Not Implemented) @ http://localhost:3119/api/v1/admin/impersonate:0
[18330125ms] [ERROR] Failed to load resource: the server responded with a status of 503 (Service Unavailable) @ http://localhost:3119/api/v1/system/health:0
[18349765ms] [ERROR] Failed to load resource: the server responded with a status of 501 (Not Implemented) @ http://localhost:3119/api/v1/admin/impersonate:0
[18349776ms] [ERROR] Failed to load resource: the server responded with a status of 501 (Not Implemented) @ http://localhost:3119/api/v1/admin/impersonate:0
[18360144ms] [ERROR] Failed to load resource: the server responded with a status of 503 (Service Unavailable) @ http://localhost:3119/api/v1/system/health:0
[18379789ms] [ERROR] Failed to load resource: the server responded with a status of 501 (Not Implemented) @ http://localhost:3119/api/v1/admin/impersonate:0
[18379800ms] [ERROR] Failed to load resource: the server responded with a status of 501 (Not Implemented) @ http://localhost:3119/api/v1/admin/impersonate:0
[18390161ms] [ERROR] Failed to load resource: the server responded with a status of 503 (Service Unavailable) @ http://localhost:3119/api/v1/system/health:0
[18409811ms] [ERROR] Failed to load resource: the server responded with a status of 501 (Not Implemented) @ http://localhost:3119/api/v1/admin/impersonate:0
[18409822ms] [ERROR] Failed to load resource: the server responded with a status of 501 (Not Implemented) @ http://localhost:3119/api/v1/admin/impersonate:0
[18420179ms] [ERROR] Failed to load resource: the server responded with a status of 503 (Service Unavailable) @ http://localhost:3119/api/v1/system/health:0
[18439834ms] [ERROR] Failed to load resource: the server responded with a status of 501 (Not Implemented) @ http://localhost:3119/api/v1/admin/impersonate:0
[18439846ms] [ERROR] Failed to load resource: the server responded with a status of 501 (Not Implemented) @ http://localhost:3119/api/v1/admin/impersonate:0
[18450195ms] [ERROR] Failed to load resource: the server responded with a status of 503 (Service Unavailable) @ http://localhost:3119/api/v1/system/health:0
[18469859ms] [ERROR] Failed to load resource: the server responded with a status of 501 (Not Implemented) @ http://localhost:3119/api/v1/admin/impersonate:0
[18469872ms] [ERROR] Failed to load resource: the server responded with a status of 501 (Not Implemented) @ http://localhost:3119/api/v1/admin/impersonate:0
[18480210ms] [ERROR] Failed to load resource: the server responded with a status of 503 (Service Unavailable) @ http://localhost:3119/api/v1/system/health:0
[18499887ms] [ERROR] Failed to load resource: the server responded with a status of 501 (Not Implemented) @ http://localhost:3119/api/v1/admin/impersonate:0
[18499907ms] [ERROR] Failed to load resource: the server responded with a status of 501 (Not Implemented) @ http://localhost:3119/api/v1/admin/impersonate:0
[18510225ms] [ERROR] Failed to load resource: the server responded with a status of 503 (Service Unavailable) @ http://localhost:3119/api/v1/system/health:0
[18529920ms] [ERROR] Failed to load resource: the server responded with a status of 501 (Not Implemented) @ http://localhost:3119/api/v1/admin/impersonate:0
[18529929ms] [ERROR] Failed to load resource: the server responded with a status of 501 (Not Implemented) @ http://localhost:3119/api/v1/admin/impersonate:0
[18540240ms] [ERROR] Failed to load resource: the server responded with a status of 503 (Service Unavailable) @ http://localhost:3119/api/v1/system/health:0
[18559944ms] [ERROR] Failed to load resource: the server responded with a status of 501 (Not Implemented) @ http://localhost:3119/api/v1/admin/impersonate:0
[18559966ms] [ERROR] Failed to load resource: the server responded with a status of 501 (Not Implemented) @ http://localhost:3119/api/v1/admin/impersonate:0
[18570254ms] [ERROR] Failed to load resource: the server responded with a status of 503 (Service Unavailable) @ http://localhost:3119/api/v1/system/health:0
[18589977ms] [ERROR] Failed to load resource: the server responded with a status of 501 (Not Implemented) @ http://localhost:3119/api/v1/admin/impersonate:0
[18589985ms] [ERROR] Failed to load resource: the server responded with a status of 501 (Not Implemented) @ http://localhost:3119/api/v1/admin/impersonate:0
[18600272ms] [ERROR] Failed to load resource: the server responded with a status of 503 (Service Unavailable) @ http://localhost:3119/api/v1/system/health:0
[18619995ms] [ERROR] Failed to load resource: the server responded with a status of 501 (Not Implemented) @ http://localhost:3119/api/v1/admin/impersonate:0
[18620005ms] [ERROR] Failed to load resource: the server responded with a status of 501 (Not Implemented) @ http://localhost:3119/api/v1/admin/impersonate:0
[18630290ms] [ERROR] Failed to load resource: the server responded with a status of 503 (Service Unavailable) @ http://localhost:3119/api/v1/system/health:0
[18650021ms] [ERROR] Failed to load resource: the server responded with a status of 501 (Not Implemented) @ http://localhost:3119/api/v1/admin/impersonate:0
[18650031ms] [ERROR] Failed to load resource: the server responded with a status of 501 (Not Implemented) @ http://localhost:3119/api/v1/admin/impersonate:0
[18660314ms] [ERROR] Failed to load resource: the server responded with a status of 503 (Service Unavailable) @ http://localhost:3119/api/v1/system/health:0
[18680047ms] [ERROR] Failed to load resource: the server responded with a status of 501 (Not Implemented) @ http://localhost:3119/api/v1/admin/impersonate:0
[18680058ms] [ERROR] Failed to load resource: the server responded with a status of 501 (Not Implemented) @ http://localhost:3119/api/v1/admin/impersonate:0
[18690333ms] [ERROR] Failed to load resource: the server responded with a status of 503 (Service Unavailable) @ http://localhost:3119/api/v1/system/health:0
[18710072ms] [ERROR] Failed to load resource: the server responded with a status of 501 (Not Implemented) @ http://localhost:3119/api/v1/admin/impersonate:0
[18710081ms] [ERROR] Failed to load resource: the server responded with a status of 501 (Not Implemented) @ http://localhost:3119/api/v1/admin/impersonate:0
[18720349ms] [ERROR] Failed to load resource: the server responded with a status of 503 (Service Unavailable) @ http://localhost:3119/api/v1/system/health:0
[18740184ms] [ERROR] Failed to load resource: the server responded with a status of 501 (Not Implemented) @ http://localhost:3119/api/v1/admin/impersonate:0
[18740209ms] [ERROR] Failed to load resource: the server responded with a status of 501 (Not Implemented) @ http://localhost:3119/api/v1/admin/impersonate:0
[18750369ms] [ERROR] Failed to load resource: the server responded with a status of 503 (Service Unavailable) @ http://localhost:3119/api/v1/system/health:0
[18770231ms] [ERROR] Failed to load resource: the server responded with a status of 501 (Not Implemented) @ http://localhost:3119/api/v1/admin/impersonate:0
[18770243ms] [ERROR] Failed to load resource: the server responded with a status of 501 (Not Implemented) @ http://localhost:3119/api/v1/admin/impersonate:0
[18780391ms] [ERROR] Failed to load resource: the server responded with a status of 503 (Service Unavailable) @ http://localhost:3119/api/v1/system/health:0
[18800265ms] [ERROR] Failed to load resource: the server responded with a status of 501 (Not Implemented) @ http://localhost:3119/api/v1/admin/impersonate:0
[18800278ms] [ERROR] Failed to load resource: the server responded with a status of 501 (Not Implemented) @ http://localhost:3119/api/v1/admin/impersonate:0
[18810411ms] [ERROR] Failed to load resource: the server responded with a status of 503 (Service Unavailable) @ http://localhost:3119/api/v1/system/health:0
[18830298ms] [ERROR] Failed to load resource: the server responded with a status of 501 (Not Implemented) @ http://localhost:3119/api/v1/admin/impersonate:0
[18830307ms] [ERROR] Failed to load resource: the server responded with a status of 501 (Not Implemented) @ http://localhost:3119/api/v1/admin/impersonate:0
[18840429ms] [ERROR] Failed to load resource: the server responded with a status of 503 (Service Unavailable) @ http://localhost:3119/api/v1/system/health:0
[18860326ms] [ERROR] Failed to load resource: the server responded with a status of 501 (Not Implemented) @ http://localhost:3119/api/v1/admin/impersonate:0
[18860334ms] [ERROR] Failed to load resource: the server responded with a status of 501 (Not Implemented) @ http://localhost:3119/api/v1/admin/impersonate:0
[18870447ms] [ERROR] Failed to load resource: the server responded with a status of 503 (Service Unavailable) @ http://localhost:3119/api/v1/system/health:0
[18890351ms] [ERROR] Failed to load resource: the server responded with a status of 501 (Not Implemented) @ http://localhost:3119/api/v1/admin/impersonate:0
[18890363ms] [ERROR] Failed to load resource: the server responded with a status of 501 (Not Implemented) @ http://localhost:3119/api/v1/admin/impersonate:0
[18900618ms] [ERROR] Failed to load resource: the server responded with a status of 503 (Service Unavailable) @ http://localhost:3119/api/v1/system/health:0
[18920386ms] [ERROR] Failed to load resource: the server responded with a status of 501 (Not Implemented) @ http://localhost:3119/api/v1/admin/impersonate:0
[18920398ms] [ERROR] Failed to load resource: the server responded with a status of 501 (Not Implemented) @ http://localhost:3119/api/v1/admin/impersonate:0
[18930713ms] [ERROR] Failed to load resource: the server responded with a status of 503 (Service Unavailable) @ http://localhost:3119/api/v1/system/health:0
[18950418ms] [ERROR] Failed to load resource: the server responded with a status of 501 (Not Implemented) @ http://localhost:3119/api/v1/admin/impersonate:0
[18950428ms] [ERROR] Failed to load resource: the server responded with a status of 501 (Not Implemented) @ http://localhost:3119/api/v1/admin/impersonate:0
[18960735ms] [ERROR] Failed to load resource: the server responded with a status of 503 (Service Unavailable) @ http://localhost:3119/api/v1/system/health:0
[18980445ms] [ERROR] Failed to load resource: the server responded with a status of 501 (Not Implemented) @ http://localhost:3119/api/v1/admin/impersonate:0
[18980458ms] [ERROR] Failed to load resource: the server responded with a status of 501 (Not Implemented) @ http://localhost:3119/api/v1/admin/impersonate:0
[18990748ms] [ERROR] Failed to load resource: the server responded with a status of 503 (Service Unavailable) @ http://localhost:3119/api/v1/system/health:0
[19010471ms] [ERROR] Failed to load resource: the server responded with a status of 501 (Not Implemented) @ http://localhost:3119/api/v1/admin/impersonate:0
[19010481ms] [ERROR] Failed to load resource: the server responded with a status of 501 (Not Implemented) @ http://localhost:3119/api/v1/admin/impersonate:0
[19020763ms] [ERROR] Failed to load resource: the server responded with a status of 503 (Service Unavailable) @ http://localhost:3119/api/v1/system/health:0
[19040503ms] [ERROR] Failed to load resource: the server responded with a status of 501 (Not Implemented) @ http://localhost:3119/api/v1/admin/impersonate:0
[19040513ms] [ERROR] Failed to load resource: the server responded with a status of 501 (Not Implemented) @ http://localhost:3119/api/v1/admin/impersonate:0
[19050778ms] [ERROR] Failed to load resource: the server responded with a status of 503 (Service Unavailable) @ http://localhost:3119/api/v1/system/health:0
[19070528ms] [ERROR] Failed to load resource: the server responded with a status of 501 (Not Implemented) @ http://localhost:3119/api/v1/admin/impersonate:0
[19070555ms] [ERROR] Failed to load resource: the server responded with a status of 501 (Not Implemented) @ http://localhost:3119/api/v1/admin/impersonate:0
[19080796ms] [ERROR] Failed to load resource: the server responded with a status of 503 (Service Unavailable) @ http://localhost:3119/api/v1/system/health:0
[19100573ms] [ERROR] Failed to load resource: the server responded with a status of 501 (Not Implemented) @ http://localhost:3119/api/v1/admin/impersonate:0
[19100584ms] [ERROR] Failed to load resource: the server responded with a status of 501 (Not Implemented) @ http://localhost:3119/api/v1/admin/impersonate:0
[19110812ms] [ERROR] Failed to load resource: the server responded with a status of 503 (Service Unavailable) @ http://localhost:3119/api/v1/system/health:0
[19130598ms] [ERROR] Failed to load resource: the server responded with a status of 501 (Not Implemented) @ http://localhost:3119/api/v1/admin/impersonate:0
[19130608ms] [ERROR] Failed to load resource: the server responded with a status of 501 (Not Implemented) @ http://localhost:3119/api/v1/admin/impersonate:0
[19140829ms] [ERROR] Failed to load resource: the server responded with a status of 503 (Service Unavailable) @ http://localhost:3119/api/v1/system/health:0
[19160624ms] [ERROR] Failed to load resource: the server responded with a status of 501 (Not Implemented) @ http://localhost:3119/api/v1/admin/impersonate:0
[19160633ms] [ERROR] Failed to load resource: the server responded with a status of 501 (Not Implemented) @ http://localhost:3119/api/v1/admin/impersonate:0
[19170843ms] [ERROR] Failed to load resource: the server responded with a status of 503 (Service Unavailable) @ http://localhost:3119/api/v1/system/health:0
[19190643ms] [ERROR] Failed to load resource: the server responded with a status of 501 (Not Implemented) @ http://localhost:3119/api/v1/admin/impersonate:0
[19190651ms] [ERROR] Failed to load resource: the server responded with a status of 501 (Not Implemented) @ http://localhost:3119/api/v1/admin/impersonate:0
[19200865ms] [ERROR] Failed to load resource: the server responded with a status of 503 (Service Unavailable) @ http://localhost:3119/api/v1/system/health:0
[19220672ms] [ERROR] Failed to load resource: the server responded with a status of 501 (Not Implemented) @ http://localhost:3119/api/v1/admin/impersonate:0
[19220681ms] [ERROR] Failed to load resource: the server responded with a status of 501 (Not Implemented) @ http://localhost:3119/api/v1/admin/impersonate:0
[19230882ms] [ERROR] Failed to load resource: the server responded with a status of 503 (Service Unavailable) @ http://localhost:3119/api/v1/system/health:0
[19250699ms] [ERROR] Failed to load resource: the server responded with a status of 501 (Not Implemented) @ http://localhost:3119/api/v1/admin/impersonate:0
[19250709ms] [ERROR] Failed to load resource: the server responded with a status of 501 (Not Implemented) @ http://localhost:3119/api/v1/admin/impersonate:0
[19260901ms] [ERROR] Failed to load resource: the server responded with a status of 503 (Service Unavailable) @ http://localhost:3119/api/v1/system/health:0
[19280727ms] [ERROR] Failed to load resource: the server responded with a status of 501 (Not Implemented) @ http://localhost:3119/api/v1/admin/impersonate:0
[19280736ms] [ERROR] Failed to load resource: the server responded with a status of 501 (Not Implemented) @ http://localhost:3119/api/v1/admin/impersonate:0
[19290916ms] [ERROR] Failed to load resource: the server responded with a status of 503 (Service Unavailable) @ http://localhost:3119/api/v1/system/health:0
[19310747ms] [ERROR] Failed to load resource: the server responded with a status of 501 (Not Implemented) @ http://localhost:3119/api/v1/admin/impersonate:0
[19310760ms] [ERROR] Failed to load resource: the server responded with a status of 501 (Not Implemented) @ http://localhost:3119/api/v1/admin/impersonate:0
[19320932ms] [ERROR] Failed to load resource: the server responded with a status of 503 (Service Unavailable) @ http://localhost:3119/api/v1/system/health:0
[19340776ms] [ERROR] Failed to load resource: the server responded with a status of 501 (Not Implemented) @ http://localhost:3119/api/v1/admin/impersonate:0
[19340796ms] [ERROR] Failed to load resource: the server responded with a status of 501 (Not Implemented) @ http://localhost:3119/api/v1/admin/impersonate:0
[19350949ms] [ERROR] Failed to load resource: the server responded with a status of 503 (Service Unavailable) @ http://localhost:3119/api/v1/system/health:0
[19370807ms] [ERROR] Failed to load resource: the server responded with a status of 501 (Not Implemented) @ http://localhost:3119/api/v1/admin/impersonate:0
[19370825ms] [ERROR] Failed to load resource: the server responded with a status of 501 (Not Implemented) @ http://localhost:3119/api/v1/admin/impersonate:0
[19380970ms] [ERROR] Failed to load resource: the server responded with a status of 503 (Service Unavailable) @ http://localhost:3119/api/v1/system/health:0
[19400842ms] [ERROR] Failed to load resource: the server responded with a status of 501 (Not Implemented) @ http://localhost:3119/api/v1/admin/impersonate:0
[19400852ms] [ERROR] Failed to load resource: the server responded with a status of 501 (Not Implemented) @ http://localhost:3119/api/v1/admin/impersonate:0
[19410984ms] [ERROR] Failed to load resource: the server responded with a status of 503 (Service Unavailable) @ http://localhost:3119/api/v1/system/health:0
[19430867ms] [ERROR] Failed to load resource: the server responded with a status of 501 (Not Implemented) @ http://localhost:3119/api/v1/admin/impersonate:0
[19430876ms] [ERROR] Failed to load resource: the server responded with a status of 501 (Not Implemented) @ http://localhost:3119/api/v1/admin/impersonate:0
[19441008ms] [ERROR] Failed to load resource: the server responded with a status of 503 (Service Unavailable) @ http://localhost:3119/api/v1/system/health:0
[19460892ms] [ERROR] Failed to load resource: the server responded with a status of 501 (Not Implemented) @ http://localhost:3119/api/v1/admin/impersonate:0
[19460900ms] [ERROR] Failed to load resource: the server responded with a status of 501 (Not Implemented) @ http://localhost:3119/api/v1/admin/impersonate:0
[19471026ms] [ERROR] Failed to load resource: the server responded with a status of 503 (Service Unavailable) @ http://localhost:3119/api/v1/system/health:0
[19490914ms] [ERROR] Failed to load resource: the server responded with a status of 501 (Not Implemented) @ http://localhost:3119/api/v1/admin/impersonate:0
[19490924ms] [ERROR] Failed to load resource: the server responded with a status of 501 (Not Implemented) @ http://localhost:3119/api/v1/admin/impersonate:0
[19501044ms] [ERROR] Failed to load resource: the server responded with a status of 503 (Service Unavailable) @ http://localhost:3119/api/v1/system/health:0
[19520934ms] [ERROR] Failed to load resource: the server responded with a status of 501 (Not Implemented) @ http://localhost:3119/api/v1/admin/impersonate:0
[19520953ms] [ERROR] Failed to load resource: the server responded with a status of 501 (Not Implemented) @ http://localhost:3119/api/v1/admin/impersonate:0
[19531061ms] [ERROR] Failed to load resource: the server responded with a status of 503 (Service Unavailable) @ http://localhost:3119/api/v1/system/health:0
[19550970ms] [ERROR] Failed to load resource: the server responded with a status of 501 (Not Implemented) @ http://localhost:3119/api/v1/admin/impersonate:0
[19550985ms] [ERROR] Failed to load resource: the server responded with a status of 501 (Not Implemented) @ http://localhost:3119/api/v1/admin/impersonate:0
[19561083ms] [ERROR] Failed to load resource: the server responded with a status of 503 (Service Unavailable) @ http://localhost:3119/api/v1/system/health:0
[19580996ms] [ERROR] Failed to load resource: the server responded with a status of 501 (Not Implemented) @ http://localhost:3119/api/v1/admin/impersonate:0
[19581007ms] [ERROR] Failed to load resource: the server responded with a status of 501 (Not Implemented) @ http://localhost:3119/api/v1/admin/impersonate:0
[19591102ms] [ERROR] Failed to load resource: the server responded with a status of 503 (Service Unavailable) @ http://localhost:3119/api/v1/system/health:0
[19611032ms] [ERROR] Failed to load resource: the server responded with a status of 501 (Not Implemented) @ http://localhost:3119/api/v1/admin/impersonate:0
[19611048ms] [ERROR] Failed to load resource: the server responded with a status of 501 (Not Implemented) @ http://localhost:3119/api/v1/admin/impersonate:0
[19621119ms] [ERROR] Failed to load resource: the server responded with a status of 503 (Service Unavailable) @ http://localhost:3119/api/v1/system/health:0
[19641064ms] [ERROR] Failed to load resource: the server responded with a status of 501 (Not Implemented) @ http://localhost:3119/api/v1/admin/impersonate:0
[19641077ms] [ERROR] Failed to load resource: the server responded with a status of 501 (Not Implemented) @ http://localhost:3119/api/v1/admin/impersonate:0
[19651136ms] [ERROR] Failed to load resource: the server responded with a status of 503 (Service Unavailable) @ http://localhost:3119/api/v1/system/health:0
[19671092ms] [ERROR] Failed to load resource: the server responded with a status of 501 (Not Implemented) @ http://localhost:3119/api/v1/admin/impersonate:0
[19671103ms] [ERROR] Failed to load resource: the server responded with a status of 501 (Not Implemented) @ http://localhost:3119/api/v1/admin/impersonate:0
[19681159ms] [ERROR] Failed to load resource: the server responded with a status of 503 (Service Unavailable) @ http://localhost:3119/api/v1/system/health:0
[19701119ms] [ERROR] Failed to load resource: the server responded with a status of 501 (Not Implemented) @ http://localhost:3119/api/v1/admin/impersonate:0
[19701134ms] [ERROR] Failed to load resource: the server responded with a status of 501 (Not Implemented) @ http://localhost:3119/api/v1/admin/impersonate:0
[19711178ms] [ERROR] Failed to load resource: the server responded with a status of 503 (Service Unavailable) @ http://localhost:3119/api/v1/system/health:0
[19731149ms] [ERROR] Failed to load resource: the server responded with a status of 501 (Not Implemented) @ http://localhost:3119/api/v1/admin/impersonate:0
[19731159ms] [ERROR] Failed to load resource: the server responded with a status of 501 (Not Implemented) @ http://localhost:3119/api/v1/admin/impersonate:0
[19741194ms] [ERROR] Failed to load resource: the server responded with a status of 503 (Service Unavailable) @ http://localhost:3119/api/v1/system/health:0
[19761174ms] [ERROR] Failed to load resource: the server responded with a status of 501 (Not Implemented) @ http://localhost:3119/api/v1/admin/impersonate:0
[19761185ms] [ERROR] Failed to load resource: the server responded with a status of 501 (Not Implemented) @ http://localhost:3119/api/v1/admin/impersonate:0
[19771211ms] [ERROR] Failed to load resource: the server responded with a status of 503 (Service Unavailable) @ http://localhost:3119/api/v1/system/health:0
[19791204ms] [ERROR] Failed to load resource: the server responded with a status of 501 (Not Implemented) @ http://localhost:3119/api/v1/admin/impersonate:0
[19791221ms] [ERROR] Failed to load resource: the server responded with a status of 501 (Not Implemented) @ http://localhost:3119/api/v1/admin/impersonate:0
[19801231ms] [ERROR] Failed to load resource: the server responded with a status of 503 (Service Unavailable) @ http://localhost:3119/api/v1/system/health:0
[19821244ms] [ERROR] Failed to load resource: the server responded with a status of 501 (Not Implemented) @ http://localhost:3119/api/v1/admin/impersonate:0
[19821255ms] [ERROR] Failed to load resource: the server responded with a status of 501 (Not Implemented) @ http://localhost:3119/api/v1/admin/impersonate:0
[19831248ms] [ERROR] Failed to load resource: the server responded with a status of 503 (Service Unavailable) @ http://localhost:3119/api/v1/system/health:0
[19851269ms] [ERROR] Failed to load resource: the server responded with a status of 501 (Not Implemented) @ http://localhost:3119/api/v1/admin/impersonate:0
[19851280ms] [ERROR] Failed to load resource: the server responded with a status of 501 (Not Implemented) @ http://localhost:3119/api/v1/admin/impersonate:0
[19861268ms] [ERROR] Failed to load resource: the server responded with a status of 503 (Service Unavailable) @ http://localhost:3119/api/v1/system/health:0
[19881299ms] [ERROR] Failed to load resource: the server responded with a status of 501 (Not Implemented) @ http://localhost:3119/api/v1/admin/impersonate:0
[19881311ms] [ERROR] Failed to load resource: the server responded with a status of 501 (Not Implemented) @ http://localhost:3119/api/v1/admin/impersonate:0
[19891288ms] [ERROR] Failed to load resource: the server responded with a status of 503 (Service Unavailable) @ http://localhost:3119/api/v1/system/health:0
[19911328ms] [ERROR] Failed to load resource: the server responded with a status of 501 (Not Implemented) @ http://localhost:3119/api/v1/admin/impersonate:0
[19911338ms] [ERROR] Failed to load resource: the server responded with a status of 501 (Not Implemented) @ http://localhost:3119/api/v1/admin/impersonate:0
[19921303ms] [ERROR] Failed to load resource: the server responded with a status of 503 (Service Unavailable) @ http://localhost:3119/api/v1/system/health:0
[19941354ms] [ERROR] Failed to load resource: the server responded with a status of 501 (Not Implemented) @ http://localhost:3119/api/v1/admin/impersonate:0
[19941365ms] [ERROR] Failed to load resource: the server responded with a status of 501 (Not Implemented) @ http://localhost:3119/api/v1/admin/impersonate:0
[19951325ms] [ERROR] Failed to load resource: the server responded with a status of 503 (Service Unavailable) @ http://localhost:3119/api/v1/system/health:0
[19971376ms] [ERROR] Failed to load resource: the server responded with a status of 501 (Not Implemented) @ http://localhost:3119/api/v1/admin/impersonate:0
[19971389ms] [ERROR] Failed to load resource: the server responded with a status of 501 (Not Implemented) @ http://localhost:3119/api/v1/admin/impersonate:0
[19981348ms] [ERROR] Failed to load resource: the server responded with a status of 503 (Service Unavailable) @ http://localhost:3119/api/v1/system/health:0
[20001408ms] [ERROR] Failed to load resource: the server responded with a status of 501 (Not Implemented) @ http://localhost:3119/api/v1/admin/impersonate:0
[20001420ms] [ERROR] Failed to load resource: the server responded with a status of 501 (Not Implemented) @ http://localhost:3119/api/v1/admin/impersonate:0
[20011368ms] [ERROR] Failed to load resource: the server responded with a status of 503 (Service Unavailable) @ http://localhost:3119/api/v1/system/health:0
[20031431ms] [ERROR] Failed to load resource: the server responded with a status of 501 (Not Implemented) @ http://localhost:3119/api/v1/admin/impersonate:0
[20031441ms] [ERROR] Failed to load resource: the server responded with a status of 501 (Not Implemented) @ http://localhost:3119/api/v1/admin/impersonate:0
[20041383ms] [ERROR] Failed to load resource: the server responded with a status of 503 (Service Unavailable) @ http://localhost:3119/api/v1/system/health:0
[20061456ms] [ERROR] Failed to load resource: the server responded with a status of 501 (Not Implemented) @ http://localhost:3119/api/v1/admin/impersonate:0
[20061465ms] [ERROR] Failed to load resource: the server responded with a status of 501 (Not Implemented) @ http://localhost:3119/api/v1/admin/impersonate:0
[20071403ms] [ERROR] Failed to load resource: the server responded with a status of 503 (Service Unavailable) @ http://localhost:3119/api/v1/system/health:0
[20091481ms] [ERROR] Failed to load resource: the server responded with a status of 501 (Not Implemented) @ http://localhost:3119/api/v1/admin/impersonate:0
[20091491ms] [ERROR] Failed to load resource: the server responded with a status of 501 (Not Implemented) @ http://localhost:3119/api/v1/admin/impersonate:0
[20101429ms] [ERROR] Failed to load resource: the server responded with a status of 503 (Service Unavailable) @ http://localhost:3119/api/v1/system/health:0
[20121516ms] [ERROR] Failed to load resource: the server responded with a status of 501 (Not Implemented) @ http://localhost:3119/api/v1/admin/impersonate:0
[20121536ms] [ERROR] Failed to load resource: the server responded with a status of 501 (Not Implemented) @ http://localhost:3119/api/v1/admin/impersonate:0
[20131452ms] [ERROR] Failed to load resource: the server responded with a status of 503 (Service Unavailable) @ http://localhost:3119/api/v1/system/health:0
[20151558ms] [ERROR] Failed to load resource: the server responded with a status of 501 (Not Implemented) @ http://localhost:3119/api/v1/admin/impersonate:0
[20151589ms] [ERROR] Failed to load resource: the server responded with a status of 501 (Not Implemented) @ http://localhost:3119/api/v1/admin/impersonate:0
[20161495ms] [ERROR] Failed to load resource: the server responded with a status of 503 (Service Unavailable) @ http://localhost:3119/api/v1/system/health:0
[20181605ms] [ERROR] Failed to load resource: the server responded with a status of 501 (Not Implemented) @ http://localhost:3119/api/v1/admin/impersonate:0
[20181615ms] [ERROR] Failed to load resource: the server responded with a status of 501 (Not Implemented) @ http://localhost:3119/api/v1/admin/impersonate:0
[20191508ms] [ERROR] Failed to load resource: the server responded with a status of 503 (Service Unavailable) @ http://localhost:3119/api/v1/system/health:0
[20211626ms] [ERROR] Failed to load resource: the server responded with a status of 501 (Not Implemented) @ http://localhost:3119/api/v1/admin/impersonate:0
[20211636ms] [ERROR] Failed to load resource: the server responded with a status of 501 (Not Implemented) @ http://localhost:3119/api/v1/admin/impersonate:0
[20221524ms] [ERROR] Failed to load resource: the server responded with a status of 503 (Service Unavailable) @ http://localhost:3119/api/v1/system/health:0
[20241648ms] [ERROR] Failed to load resource: the server responded with a status of 501 (Not Implemented) @ http://localhost:3119/api/v1/admin/impersonate:0
[20241658ms] [ERROR] Failed to load resource: the server responded with a status of 501 (Not Implemented) @ http://localhost:3119/api/v1/admin/impersonate:0
[20251540ms] [ERROR] Failed to load resource: the server responded with a status of 503 (Service Unavailable) @ http://localhost:3119/api/v1/system/health:0
[20271668ms] [ERROR] Failed to load resource: the server responded with a status of 501 (Not Implemented) @ http://localhost:3119/api/v1/admin/impersonate:0
[20271677ms] [ERROR] Failed to load resource: the server responded with a status of 501 (Not Implemented) @ http://localhost:3119/api/v1/admin/impersonate:0
[20281557ms] [ERROR] Failed to load resource: the server responded with a status of 503 (Service Unavailable) @ http://localhost:3119/api/v1/system/health:0
[20301698ms] [ERROR] Failed to load resource: the server responded with a status of 501 (Not Implemented) @ http://localhost:3119/api/v1/admin/impersonate:0
[20301720ms] [ERROR] Failed to load resource: the server responded with a status of 501 (Not Implemented) @ http://localhost:3119/api/v1/admin/impersonate:0
[20311573ms] [ERROR] Failed to load resource: the server responded with a status of 503 (Service Unavailable) @ http://localhost:3119/api/v1/system/health:0
[20331730ms] [ERROR] Failed to load resource: the server responded with a status of 501 (Not Implemented) @ http://localhost:3119/api/v1/admin/impersonate:0
[20331739ms] [ERROR] Failed to load resource: the server responded with a status of 501 (Not Implemented) @ http://localhost:3119/api/v1/admin/impersonate:0
[20341592ms] [ERROR] Failed to load resource: the server responded with a status of 503 (Service Unavailable) @ http://localhost:3119/api/v1/system/health:0
[20361755ms] [ERROR] Failed to load resource: the server responded with a status of 501 (Not Implemented) @ http://localhost:3119/api/v1/admin/impersonate:0
[20361767ms] [ERROR] Failed to load resource: the server responded with a status of 501 (Not Implemented) @ http://localhost:3119/api/v1/admin/impersonate:0
[20371607ms] [ERROR] Failed to load resource: the server responded with a status of 503 (Service Unavailable) @ http://localhost:3119/api/v1/system/health:0
[20391782ms] [ERROR] Failed to load resource: the server responded with a status of 501 (Not Implemented) @ http://localhost:3119/api/v1/admin/impersonate:0
[20391794ms] [ERROR] Failed to load resource: the server responded with a status of 501 (Not Implemented) @ http://localhost:3119/api/v1/admin/impersonate:0
[20401622ms] [ERROR] Failed to load resource: the server responded with a status of 503 (Service Unavailable) @ http://localhost:3119/api/v1/system/health:0
[20421806ms] [ERROR] Failed to load resource: the server responded with a status of 501 (Not Implemented) @ http://localhost:3119/api/v1/admin/impersonate:0
[20421816ms] [ERROR] Failed to load resource: the server responded with a status of 501 (Not Implemented) @ http://localhost:3119/api/v1/admin/impersonate:0
[20431661ms] [ERROR] Failed to load resource: the server responded with a status of 503 (Service Unavailable) @ http://localhost:3119/api/v1/system/health:0
[20451832ms] [ERROR] Failed to load resource: the server responded with a status of 501 (Not Implemented) @ http://localhost:3119/api/v1/admin/impersonate:0
[20451841ms] [ERROR] Failed to load resource: the server responded with a status of 501 (Not Implemented) @ http://localhost:3119/api/v1/admin/impersonate:0
[20461678ms] [ERROR] Failed to load resource: the server responded with a status of 503 (Service Unavailable) @ http://localhost:3119/api/v1/system/health:0
[20481850ms] [ERROR] Failed to load resource: the server responded with a status of 501 (Not Implemented) @ http://localhost:3119/api/v1/admin/impersonate:0
[20481858ms] [ERROR] Failed to load resource: the server responded with a status of 501 (Not Implemented) @ http://localhost:3119/api/v1/admin/impersonate:0
[20491694ms] [ERROR] Failed to load resource: the server responded with a status of 503 (Service Unavailable) @ http://localhost:3119/api/v1/system/health:0
[20511869ms] [ERROR] Failed to load resource: the server responded with a status of 501 (Not Implemented) @ http://localhost:3119/api/v1/admin/impersonate:0
[20511881ms] [ERROR] Failed to load resource: the server responded with a status of 501 (Not Implemented) @ http://localhost:3119/api/v1/admin/impersonate:0
[20521715ms] [ERROR] Failed to load resource: the server responded with a status of 503 (Service Unavailable) @ http://localhost:3119/api/v1/system/health:0
[20541892ms] [ERROR] Failed to load resource: the server responded with a status of 501 (Not Implemented) @ http://localhost:3119/api/v1/admin/impersonate:0
[20541901ms] [ERROR] Failed to load resource: the server responded with a status of 501 (Not Implemented) @ http://localhost:3119/api/v1/admin/impersonate:0
[20551730ms] [ERROR] Failed to load resource: the server responded with a status of 503 (Service Unavailable) @ http://localhost:3119/api/v1/system/health:0
[20571910ms] [ERROR] Failed to load resource: the server responded with a status of 501 (Not Implemented) @ http://localhost:3119/api/v1/admin/impersonate:0
[20571919ms] [ERROR] Failed to load resource: the server responded with a status of 501 (Not Implemented) @ http://localhost:3119/api/v1/admin/impersonate:0
[20581747ms] [ERROR] Failed to load resource: the server responded with a status of 503 (Service Unavailable) @ http://localhost:3119/api/v1/system/health:0
[20601929ms] [ERROR] Failed to load resource: the server responded with a status of 501 (Not Implemented) @ http://localhost:3119/api/v1/admin/impersonate:0
[20601939ms] [ERROR] Failed to load resource: the server responded with a status of 501 (Not Implemented) @ http://localhost:3119/api/v1/admin/impersonate:0
[20611773ms] [ERROR] Failed to load resource: the server responded with a status of 503 (Service Unavailable) @ http://localhost:3119/api/v1/system/health:0
[20631952ms] [ERROR] Failed to load resource: the server responded with a status of 501 (Not Implemented) @ http://localhost:3119/api/v1/admin/impersonate:0
[20631963ms] [ERROR] Failed to load resource: the server responded with a status of 501 (Not Implemented) @ http://localhost:3119/api/v1/admin/impersonate:0
[20641786ms] [ERROR] Failed to load resource: the server responded with a status of 503 (Service Unavailable) @ http://localhost:3119/api/v1/system/health:0
[20661978ms] [ERROR] Failed to load resource: the server responded with a status of 501 (Not Implemented) @ http://localhost:3119/api/v1/admin/impersonate:0
[20661986ms] [ERROR] Failed to load resource: the server responded with a status of 501 (Not Implemented) @ http://localhost:3119/api/v1/admin/impersonate:0
[20671801ms] [ERROR] Failed to load resource: the server responded with a status of 503 (Service Unavailable) @ http://localhost:3119/api/v1/system/health:0
[20691996ms] [ERROR] Failed to load resource: the server responded with a status of 501 (Not Implemented) @ http://localhost:3119/api/v1/admin/impersonate:0
[20692005ms] [ERROR] Failed to load resource: the server responded with a status of 501 (Not Implemented) @ http://localhost:3119/api/v1/admin/impersonate:0
[20701816ms] [ERROR] Failed to load resource: the server responded with a status of 503 (Service Unavailable) @ http://localhost:3119/api/v1/system/health:0
[20722033ms] [ERROR] Failed to load resource: the server responded with a status of 501 (Not Implemented) @ http://localhost:3119/api/v1/admin/impersonate:0
[20722046ms] [ERROR] Failed to load resource: the server responded with a status of 501 (Not Implemented) @ http://localhost:3119/api/v1/admin/impersonate:0
[20731852ms] [ERROR] Failed to load resource: the server responded with a status of 503 (Service Unavailable) @ http://localhost:3119/api/v1/system/health:0
[20752056ms] [ERROR] Failed to load resource: the server responded with a status of 501 (Not Implemented) @ http://localhost:3119/api/v1/admin/impersonate:0
[20752067ms] [ERROR] Failed to load resource: the server responded with a status of 501 (Not Implemented) @ http://localhost:3119/api/v1/admin/impersonate:0
[20761870ms] [ERROR] Failed to load resource: the server responded with a status of 503 (Service Unavailable) @ http://localhost:3119/api/v1/system/health:0
[20782084ms] [ERROR] Failed to load resource: the server responded with a status of 501 (Not Implemented) @ http://localhost:3119/api/v1/admin/impersonate:0
[20782095ms] [ERROR] Failed to load resource: the server responded with a status of 501 (Not Implemented) @ http://localhost:3119/api/v1/admin/impersonate:0
[20791904ms] [ERROR] Failed to load resource: the server responded with a status of 503 (Service Unavailable) @ http://localhost:3119/api/v1/system/health:0
[20812110ms] [ERROR] Failed to load resource: the server responded with a status of 501 (Not Implemented) @ http://localhost:3119/api/v1/admin/impersonate:0
[20812123ms] [ERROR] Failed to load resource: the server responded with a status of 501 (Not Implemented) @ http://localhost:3119/api/v1/admin/impersonate:0
[20821918ms] [ERROR] Failed to load resource: the server responded with a status of 503 (Service Unavailable) @ http://localhost:3119/api/v1/system/health:0
[20842135ms] [ERROR] Failed to load resource: the server responded with a status of 501 (Not Implemented) @ http://localhost:3119/api/v1/admin/impersonate:0
[20842144ms] [ERROR] Failed to load resource: the server responded with a status of 501 (Not Implemented) @ http://localhost:3119/api/v1/admin/impersonate:0
[20851931ms] [ERROR] Failed to load resource: the server responded with a status of 503 (Service Unavailable) @ http://localhost:3119/api/v1/system/health:0
[20872161ms] [ERROR] Failed to load resource: the server responded with a status of 501 (Not Implemented) @ http://localhost:3119/api/v1/admin/impersonate:0
[20872171ms] [ERROR] Failed to load resource: the server responded with a status of 501 (Not Implemented) @ http://localhost:3119/api/v1/admin/impersonate:0
[20881947ms] [ERROR] Failed to load resource: the server responded with a status of 503 (Service Unavailable) @ http://localhost:3119/api/v1/system/health:0
[20902183ms] [ERROR] Failed to load resource: the server responded with a status of 501 (Not Implemented) @ http://localhost:3119/api/v1/admin/impersonate:0
[20902193ms] [ERROR] Failed to load resource: the server responded with a status of 501 (Not Implemented) @ http://localhost:3119/api/v1/admin/impersonate:0
[20911960ms] [ERROR] Failed to load resource: the server responded with a status of 503 (Service Unavailable) @ http://localhost:3119/api/v1/system/health:0
[20932203ms] [ERROR] Failed to load resource: the server responded with a status of 501 (Not Implemented) @ http://localhost:3119/api/v1/admin/impersonate:0
[20932213ms] [ERROR] Failed to load resource: the server responded with a status of 501 (Not Implemented) @ http://localhost:3119/api/v1/admin/impersonate:0
[20941973ms] [ERROR] Failed to load resource: the server responded with a status of 503 (Service Unavailable) @ http://localhost:3119/api/v1/system/health:0
[20962230ms] [ERROR] Failed to load resource: the server responded with a status of 501 (Not Implemented) @ http://localhost:3119/api/v1/admin/impersonate:0
[20962240ms] [ERROR] Failed to load resource: the server responded with a status of 501 (Not Implemented) @ http://localhost:3119/api/v1/admin/impersonate:0
[20971990ms] [ERROR] Failed to load resource: the server responded with a status of 503 (Service Unavailable) @ http://localhost:3119/api/v1/system/health:0
[20992255ms] [ERROR] Failed to load resource: the server responded with a status of 501 (Not Implemented) @ http://localhost:3119/api/v1/admin/impersonate:0
[20992266ms] [ERROR] Failed to load resource: the server responded with a status of 501 (Not Implemented) @ http://localhost:3119/api/v1/admin/impersonate:0
[21002007ms] [ERROR] Failed to load resource: the server responded with a status of 503 (Service Unavailable) @ http://localhost:3119/api/v1/system/health:0
[21022279ms] [ERROR] Failed to load resource: the server responded with a status of 501 (Not Implemented) @ http://localhost:3119/api/v1/admin/impersonate:0
[21022289ms] [ERROR] Failed to load resource: the server responded with a status of 501 (Not Implemented) @ http://localhost:3119/api/v1/admin/impersonate:0
[21032025ms] [ERROR] Failed to load resource: the server responded with a status of 503 (Service Unavailable) @ http://localhost:3119/api/v1/system/health:0
[21052304ms] [ERROR] Failed to load resource: the server responded with a status of 501 (Not Implemented) @ http://localhost:3119/api/v1/admin/impersonate:0
[21052313ms] [ERROR] Failed to load resource: the server responded with a status of 501 (Not Implemented) @ http://localhost:3119/api/v1/admin/impersonate:0
[21062042ms] [ERROR] Failed to load resource: the server responded with a status of 503 (Service Unavailable) @ http://localhost:3119/api/v1/system/health:0
[21082324ms] [ERROR] Failed to load resource: the server responded with a status of 501 (Not Implemented) @ http://localhost:3119/api/v1/admin/impersonate:0
[21082335ms] [ERROR] Failed to load resource: the server responded with a status of 501 (Not Implemented) @ http://localhost:3119/api/v1/admin/impersonate:0
[21092054ms] [ERROR] Failed to load resource: the server responded with a status of 503 (Service Unavailable) @ http://localhost:3119/api/v1/system/health:0
[21112352ms] [ERROR] Failed to load resource: the server responded with a status of 501 (Not Implemented) @ http://localhost:3119/api/v1/admin/impersonate:0
[21112364ms] [ERROR] Failed to load resource: the server responded with a status of 501 (Not Implemented) @ http://localhost:3119/api/v1/admin/impersonate:0
[21122071ms] [ERROR] Failed to load resource: the server responded with a status of 503 (Service Unavailable) @ http://localhost:3119/api/v1/system/health:0
[21142373ms] [ERROR] Failed to load resource: the server responded with a status of 501 (Not Implemented) @ http://localhost:3119/api/v1/admin/impersonate:0
[21142382ms] [ERROR] Failed to load resource: the server responded with a status of 501 (Not Implemented) @ http://localhost:3119/api/v1/admin/impersonate:0
[21152085ms] [ERROR] Failed to load resource: the server responded with a status of 503 (Service Unavailable) @ http://localhost:3119/api/v1/system/health:0
[21172393ms] [ERROR] Failed to load resource: the server responded with a status of 501 (Not Implemented) @ http://localhost:3119/api/v1/admin/impersonate:0
[21172405ms] [ERROR] Failed to load resource: the server responded with a status of 501 (Not Implemented) @ http://localhost:3119/api/v1/admin/impersonate:0
[21182098ms] [ERROR] Failed to load resource: the server responded with a status of 503 (Service Unavailable) @ http://localhost:3119/api/v1/system/health:0
[21202418ms] [ERROR] Failed to load resource: the server responded with a status of 501 (Not Implemented) @ http://localhost:3119/api/v1/admin/impersonate:0
[21202428ms] [ERROR] Failed to load resource: the server responded with a status of 501 (Not Implemented) @ http://localhost:3119/api/v1/admin/impersonate:0
[21212114ms] [ERROR] Failed to load resource: the server responded with a status of 503 (Service Unavailable) @ http://localhost:3119/api/v1/system/health:0
[21232446ms] [ERROR] Failed to load resource: the server responded with a status of 501 (Not Implemented) @ http://localhost:3119/api/v1/admin/impersonate:0
[21232458ms] [ERROR] Failed to load resource: the server responded with a status of 501 (Not Implemented) @ http://localhost:3119/api/v1/admin/impersonate:0
[21242131ms] [ERROR] Failed to load resource: the server responded with a status of 503 (Service Unavailable) @ http://localhost:3119/api/v1/system/health:0
[21262469ms] [ERROR] Failed to load resource: the server responded with a status of 501 (Not Implemented) @ http://localhost:3119/api/v1/admin/impersonate:0
[21262479ms] [ERROR] Failed to load resource: the server responded with a status of 501 (Not Implemented) @ http://localhost:3119/api/v1/admin/impersonate:0
[21272162ms] [ERROR] Failed to load resource: the server responded with a status of 503 (Service Unavailable) @ http://localhost:3119/api/v1/system/health:0
[21292495ms] [ERROR] Failed to load resource: the server responded with a status of 501 (Not Implemented) @ http://localhost:3119/api/v1/admin/impersonate:0
[21292506ms] [ERROR] Failed to load resource: the server responded with a status of 501 (Not Implemented) @ http://localhost:3119/api/v1/admin/impersonate:0
[21302181ms] [ERROR] Failed to load resource: the server responded with a status of 503 (Service Unavailable) @ http://localhost:3119/api/v1/system/health:0
[21322518ms] [ERROR] Failed to load resource: the server responded with a status of 501 (Not Implemented) @ http://localhost:3119/api/v1/admin/impersonate:0
[21322529ms] [ERROR] Failed to load resource: the server responded with a status of 501 (Not Implemented) @ http://localhost:3119/api/v1/admin/impersonate:0
[21332195ms] [ERROR] Failed to load resource: the server responded with a status of 503 (Service Unavailable) @ http://localhost:3119/api/v1/system/health:0
[21352539ms] [ERROR] Failed to load resource: the server responded with a status of 501 (Not Implemented) @ http://localhost:3119/api/v1/admin/impersonate:0
[21352549ms] [ERROR] Failed to load resource: the server responded with a status of 501 (Not Implemented) @ http://localhost:3119/api/v1/admin/impersonate:0
[21362208ms] [ERROR] Failed to load resource: the server responded with a status of 503 (Service Unavailable) @ http://localhost:3119/api/v1/system/health:0
[21382562ms] [ERROR] Failed to load resource: the server responded with a status of 501 (Not Implemented) @ http://localhost:3119/api/v1/admin/impersonate:0
[21382572ms] [ERROR] Failed to load resource: the server responded with a status of 501 (Not Implemented) @ http://localhost:3119/api/v1/admin/impersonate:0
[21392222ms] [ERROR] Failed to load resource: the server responded with a status of 503 (Service Unavailable) @ http://localhost:3119/api/v1/system/health:0
[21412582ms] [ERROR] Failed to load resource: the server responded with a status of 501 (Not Implemented) @ http://localhost:3119/api/v1/admin/impersonate:0
[21412592ms] [ERROR] Failed to load resource: the server responded with a status of 501 (Not Implemented) @ http://localhost:3119/api/v1/admin/impersonate:0
[21422244ms] [ERROR] Failed to load resource: the server responded with a status of 503 (Service Unavailable) @ http://localhost:3119/api/v1/system/health:0
[21442608ms] [ERROR] Failed to load resource: the server responded with a status of 501 (Not Implemented) @ http://localhost:3119/api/v1/admin/impersonate:0
[21442618ms] [ERROR] Failed to load resource: the server responded with a status of 501 (Not Implemented) @ http://localhost:3119/api/v1/admin/impersonate:0
[21452261ms] [ERROR] Failed to load resource: the server responded with a status of 503 (Service Unavailable) @ http://localhost:3119/api/v1/system/health:0
[21472629ms] [ERROR] Failed to load resource: the server responded with a status of 501 (Not Implemented) @ http://localhost:3119/api/v1/admin/impersonate:0
[21472639ms] [ERROR] Failed to load resource: the server responded with a status of 501 (Not Implemented) @ http://localhost:3119/api/v1/admin/impersonate:0
[21482279ms] [ERROR] Failed to load resource: the server responded with a status of 503 (Service Unavailable) @ http://localhost:3119/api/v1/system/health:0
[21502651ms] [ERROR] Failed to load resource: the server responded with a status of 501 (Not Implemented) @ http://localhost:3119/api/v1/admin/impersonate:0
[21502660ms] [ERROR] Failed to load resource: the server responded with a status of 501 (Not Implemented) @ http://localhost:3119/api/v1/admin/impersonate:0
[21512296ms] [ERROR] Failed to load resource: the server responded with a status of 503 (Service Unavailable) @ http://localhost:3119/api/v1/system/health:0
[21532676ms] [ERROR] Failed to load resource: the server responded with a status of 501 (Not Implemented) @ http://localhost:3119/api/v1/admin/impersonate:0
[21532686ms] [ERROR] Failed to load resource: the server responded with a status of 501 (Not Implemented) @ http://localhost:3119/api/v1/admin/impersonate:0
[21542313ms] [ERROR] Failed to load resource: the server responded with a status of 503 (Service Unavailable) @ http://localhost:3119/api/v1/system/health:0
[21562702ms] [ERROR] Failed to load resource: the server responded with a status of 501 (Not Implemented) @ http://localhost:3119/api/v1/admin/impersonate:0
[21562712ms] [ERROR] Failed to load resource: the server responded with a status of 501 (Not Implemented) @ http://localhost:3119/api/v1/admin/impersonate:0
[21572331ms] [ERROR] Failed to load resource: the server responded with a status of 503 (Service Unavailable) @ http://localhost:3119/api/v1/system/health:0
[21592722ms] [ERROR] Failed to load resource: the server responded with a status of 501 (Not Implemented) @ http://localhost:3119/api/v1/admin/impersonate:0
[21592732ms] [ERROR] Failed to load resource: the server responded with a status of 501 (Not Implemented) @ http://localhost:3119/api/v1/admin/impersonate:0
[21602348ms] [ERROR] Failed to load resource: the server responded with a status of 503 (Service Unavailable) @ http://localhost:3119/api/v1/system/health:0
[21622746ms] [ERROR] Failed to load resource: the server responded with a status of 501 (Not Implemented) @ http://localhost:3119/api/v1/admin/impersonate:0
[21622755ms] [ERROR] Failed to load resource: the server responded with a status of 501 (Not Implemented) @ http://localhost:3119/api/v1/admin/impersonate:0
[21632360ms] [ERROR] Failed to load resource: the server responded with a status of 503 (Service Unavailable) @ http://localhost:3119/api/v1/system/health:0
[21652767ms] [ERROR] Failed to load resource: the server responded with a status of 501 (Not Implemented) @ http://localhost:3119/api/v1/admin/impersonate:0
[21652776ms] [ERROR] Failed to load resource: the server responded with a status of 501 (Not Implemented) @ http://localhost:3119/api/v1/admin/impersonate:0
[21662377ms] [ERROR] Failed to load resource: the server responded with a status of 503 (Service Unavailable) @ http://localhost:3119/api/v1/system/health:0
[21682787ms] [ERROR] Failed to load resource: the server responded with a status of 501 (Not Implemented) @ http://localhost:3119/api/v1/admin/impersonate:0
[21682796ms] [ERROR] Failed to load resource: the server responded with a status of 501 (Not Implemented) @ http://localhost:3119/api/v1/admin/impersonate:0
[21692391ms] [ERROR] Failed to load resource: the server responded with a status of 503 (Service Unavailable) @ http://localhost:3119/api/v1/system/health:0
[21712806ms] [ERROR] Failed to load resource: the server responded with a status of 501 (Not Implemented) @ http://localhost:3119/api/v1/admin/impersonate:0
[21712817ms] [ERROR] Failed to load resource: the server responded with a status of 501 (Not Implemented) @ http://localhost:3119/api/v1/admin/impersonate:0
[21722412ms] [ERROR] Failed to load resource: the server responded with a status of 503 (Service Unavailable) @ http://localhost:3119/api/v1/system/health:0
[21742832ms] [ERROR] Failed to load resource: the server responded with a status of 501 (Not Implemented) @ http://localhost:3119/api/v1/admin/impersonate:0
[21742841ms] [ERROR] Failed to load resource: the server responded with a status of 501 (Not Implemented) @ http://localhost:3119/api/v1/admin/impersonate:0
[21752429ms] [ERROR] Failed to load resource: the server responded with a status of 503 (Service Unavailable) @ http://localhost:3119/api/v1/system/health:0
[21772852ms] [ERROR] Failed to load resource: the server responded with a status of 501 (Not Implemented) @ http://localhost:3119/api/v1/admin/impersonate:0
[21772863ms] [ERROR] Failed to load resource: the server responded with a status of 501 (Not Implemented) @ http://localhost:3119/api/v1/admin/impersonate:0
[21782450ms] [ERROR] Failed to load resource: the server responded with a status of 503 (Service Unavailable) @ http://localhost:3119/api/v1/system/health:0
[21802876ms] [ERROR] Failed to load resource: the server responded with a status of 501 (Not Implemented) @ http://localhost:3119/api/v1/admin/impersonate:0
[21802888ms] [ERROR] Failed to load resource: the server responded with a status of 501 (Not Implemented) @ http://localhost:3119/api/v1/admin/impersonate:0
[21812465ms] [ERROR] Failed to load resource: the server responded with a status of 503 (Service Unavailable) @ http://localhost:3119/api/v1/system/health:0
[21832899ms] [ERROR] Failed to load resource: the server responded with a status of 501 (Not Implemented) @ http://localhost:3119/api/v1/admin/impersonate:0
[21832909ms] [ERROR] Failed to load resource: the server responded with a status of 501 (Not Implemented) @ http://localhost:3119/api/v1/admin/impersonate:0
[21842479ms] [ERROR] Failed to load resource: the server responded with a status of 503 (Service Unavailable) @ http://localhost:3119/api/v1/system/health:0
[21862919ms] [ERROR] Failed to load resource: the server responded with a status of 501 (Not Implemented) @ http://localhost:3119/api/v1/admin/impersonate:0
[21862930ms] [ERROR] Failed to load resource: the server responded with a status of 501 (Not Implemented) @ http://localhost:3119/api/v1/admin/impersonate:0
[21872497ms] [ERROR] Failed to load resource: the server responded with a status of 503 (Service Unavailable) @ http://localhost:3119/api/v1/system/health:0
[21892943ms] [ERROR] Failed to load resource: the server responded with a status of 501 (Not Implemented) @ http://localhost:3119/api/v1/admin/impersonate:0
[21892953ms] [ERROR] Failed to load resource: the server responded with a status of 501 (Not Implemented) @ http://localhost:3119/api/v1/admin/impersonate:0
[21902513ms] [ERROR] Failed to load resource: the server responded with a status of 503 (Service Unavailable) @ http://localhost:3119/api/v1/system/health:0
[21922970ms] [ERROR] Failed to load resource: the server responded with a status of 501 (Not Implemented) @ http://localhost:3119/api/v1/admin/impersonate:0
[21922979ms] [ERROR] Failed to load resource: the server responded with a status of 501 (Not Implemented) @ http://localhost:3119/api/v1/admin/impersonate:0
[21932527ms] [ERROR] Failed to load resource: the server responded with a status of 503 (Service Unavailable) @ http://localhost:3119/api/v1/system/health:0
[21952989ms] [ERROR] Failed to load resource: the server responded with a status of 501 (Not Implemented) @ http://localhost:3119/api/v1/admin/impersonate:0
[21952998ms] [ERROR] Failed to load resource: the server responded with a status of 501 (Not Implemented) @ http://localhost:3119/api/v1/admin/impersonate:0
[21962541ms] [ERROR] Failed to load resource: the server responded with a status of 503 (Service Unavailable) @ http://localhost:3119/api/v1/system/health:0
[21983013ms] [ERROR] Failed to load resource: the server responded with a status of 501 (Not Implemented) @ http://localhost:3119/api/v1/admin/impersonate:0
[21983024ms] [ERROR] Failed to load resource: the server responded with a status of 501 (Not Implemented) @ http://localhost:3119/api/v1/admin/impersonate:0
[21992558ms] [ERROR] Failed to load resource: the server responded with a status of 503 (Service Unavailable) @ http://localhost:3119/api/v1/system/health:0
[22013039ms] [ERROR] Failed to load resource: the server responded with a status of 501 (Not Implemented) @ http://localhost:3119/api/v1/admin/impersonate:0
[22013049ms] [ERROR] Failed to load resource: the server responded with a status of 501 (Not Implemented) @ http://localhost:3119/api/v1/admin/impersonate:0
[22022575ms] [ERROR] Failed to load resource: the server responded with a status of 503 (Service Unavailable) @ http://localhost:3119/api/v1/system/health:0
[22043071ms] [ERROR] Failed to load resource: the server responded with a status of 501 (Not Implemented) @ http://localhost:3119/api/v1/admin/impersonate:0
[22043084ms] [ERROR] Failed to load resource: the server responded with a status of 501 (Not Implemented) @ http://localhost:3119/api/v1/admin/impersonate:0
[22052591ms] [ERROR] Failed to load resource: the server responded with a status of 503 (Service Unavailable) @ http://localhost:3119/api/v1/system/health:0
[22073098ms] [ERROR] Failed to load resource: the server responded with a status of 501 (Not Implemented) @ http://localhost:3119/api/v1/admin/impersonate:0
[22073108ms] [ERROR] Failed to load resource: the server responded with a status of 501 (Not Implemented) @ http://localhost:3119/api/v1/admin/impersonate:0
[22082610ms] [ERROR] Failed to load resource: the server responded with a status of 503 (Service Unavailable) @ http://localhost:3119/api/v1/system/health:0
[22103123ms] [ERROR] Failed to load resource: the server responded with a status of 501 (Not Implemented) @ http://localhost:3119/api/v1/admin/impersonate:0
[22103132ms] [ERROR] Failed to load resource: the server responded with a status of 501 (Not Implemented) @ http://localhost:3119/api/v1/admin/impersonate:0
[22112627ms] [ERROR] Failed to load resource: the server responded with a status of 503 (Service Unavailable) @ http://localhost:3119/api/v1/system/health:0
[22133142ms] [ERROR] Failed to load resource: the server responded with a status of 501 (Not Implemented) @ http://localhost:3119/api/v1/admin/impersonate:0
[22133152ms] [ERROR] Failed to load resource: the server responded with a status of 501 (Not Implemented) @ http://localhost:3119/api/v1/admin/impersonate:0
[22142644ms] [ERROR] Failed to load resource: the server responded with a status of 503 (Service Unavailable) @ http://localhost:3119/api/v1/system/health:0
[22163167ms] [ERROR] Failed to load resource: the server responded with a status of 501 (Not Implemented) @ http://localhost:3119/api/v1/admin/impersonate:0
[22163177ms] [ERROR] Failed to load resource: the server responded with a status of 501 (Not Implemented) @ http://localhost:3119/api/v1/admin/impersonate:0
[22172660ms] [ERROR] Failed to load resource: the server responded with a status of 503 (Service Unavailable) @ http://localhost:3119/api/v1/system/health:0
[22193193ms] [ERROR] Failed to load resource: the server responded with a status of 501 (Not Implemented) @ http://localhost:3119/api/v1/admin/impersonate:0
[22193203ms] [ERROR] Failed to load resource: the server responded with a status of 501 (Not Implemented) @ http://localhost:3119/api/v1/admin/impersonate:0
[22202680ms] [ERROR] Failed to load resource: the server responded with a status of 503 (Service Unavailable) @ http://localhost:3119/api/v1/system/health:0
[22223218ms] [ERROR] Failed to load resource: the server responded with a status of 501 (Not Implemented) @ http://localhost:3119/api/v1/admin/impersonate:0
[22223227ms] [ERROR] Failed to load resource: the server responded with a status of 501 (Not Implemented) @ http://localhost:3119/api/v1/admin/impersonate:0
[22232694ms] [ERROR] Failed to load resource: the server responded with a status of 503 (Service Unavailable) @ http://localhost:3119/api/v1/system/health:0
[22253235ms] [ERROR] Failed to load resource: the server responded with a status of 501 (Not Implemented) @ http://localhost:3119/api/v1/admin/impersonate:0
[22253249ms] [ERROR] Failed to load resource: the server responded with a status of 501 (Not Implemented) @ http://localhost:3119/api/v1/admin/impersonate:0
[22262708ms] [ERROR] Failed to load resource: the server responded with a status of 503 (Service Unavailable) @ http://localhost:3119/api/v1/system/health:0
[22283262ms] [ERROR] Failed to load resource: the server responded with a status of 501 (Not Implemented) @ http://localhost:3119/api/v1/admin/impersonate:0
[22283272ms] [ERROR] Failed to load resource: the server responded with a status of 501 (Not Implemented) @ http://localhost:3119/api/v1/admin/impersonate:0
[22292723ms] [ERROR] Failed to load resource: the server responded with a status of 503 (Service Unavailable) @ http://localhost:3119/api/v1/system/health:0
[22313283ms] [ERROR] Failed to load resource: the server responded with a status of 501 (Not Implemented) @ http://localhost:3119/api/v1/admin/impersonate:0
[22313292ms] [ERROR] Failed to load resource: the server responded with a status of 501 (Not Implemented) @ http://localhost:3119/api/v1/admin/impersonate:0
[22322741ms] [ERROR] Failed to load resource: the server responded with a status of 503 (Service Unavailable) @ http://localhost:3119/api/v1/system/health:0
[22343305ms] [ERROR] Failed to load resource: the server responded with a status of 501 (Not Implemented) @ http://localhost:3119/api/v1/admin/impersonate:0
[22343316ms] [ERROR] Failed to load resource: the server responded with a status of 501 (Not Implemented) @ http://localhost:3119/api/v1/admin/impersonate:0
[22352757ms] [ERROR] Failed to load resource: the server responded with a status of 503 (Service Unavailable) @ http://localhost:3119/api/v1/system/health:0
[22373332ms] [ERROR] Failed to load resource: the server responded with a status of 501 (Not Implemented) @ http://localhost:3119/api/v1/admin/impersonate:0
[22373342ms] [ERROR] Failed to load resource: the server responded with a status of 501 (Not Implemented) @ http://localhost:3119/api/v1/admin/impersonate:0
[22382775ms] [ERROR] Failed to load resource: the server responded with a status of 503 (Service Unavailable) @ http://localhost:3119/api/v1/system/health:0
[22403357ms] [ERROR] Failed to load resource: the server responded with a status of 501 (Not Implemented) @ http://localhost:3119/api/v1/admin/impersonate:0
[22403366ms] [ERROR] Failed to load resource: the server responded with a status of 501 (Not Implemented) @ http://localhost:3119/api/v1/admin/impersonate:0
[22412793ms] [ERROR] Failed to load resource: the server responded with a status of 503 (Service Unavailable) @ http://localhost:3119/api/v1/system/health:0
[22433376ms] [ERROR] Failed to load resource: the server responded with a status of 501 (Not Implemented) @ http://localhost:3119/api/v1/admin/impersonate:0
[22433384ms] [ERROR] Failed to load resource: the server responded with a status of 501 (Not Implemented) @ http://localhost:3119/api/v1/admin/impersonate:0
[22442813ms] [ERROR] Failed to load resource: the server responded with a status of 503 (Service Unavailable) @ http://localhost:3119/api/v1/system/health:0
[22463400ms] [ERROR] Failed to load resource: the server responded with a status of 501 (Not Implemented) @ http://localhost:3119/api/v1/admin/impersonate:0
[22463410ms] [ERROR] Failed to load resource: the server responded with a status of 501 (Not Implemented) @ http://localhost:3119/api/v1/admin/impersonate:0
[22472832ms] [ERROR] Failed to load resource: the server responded with a status of 503 (Service Unavailable) @ http://localhost:3119/api/v1/system/health:0
[22493424ms] [ERROR] Failed to load resource: the server responded with a status of 501 (Not Implemented) @ http://localhost:3119/api/v1/admin/impersonate:0
[22493434ms] [ERROR] Failed to load resource: the server responded with a status of 501 (Not Implemented) @ http://localhost:3119/api/v1/admin/impersonate:0
[22502848ms] [ERROR] Failed to load resource: the server responded with a status of 503 (Service Unavailable) @ http://localhost:3119/api/v1/system/health:0
[22523443ms] [ERROR] Failed to load resource: the server responded with a status of 501 (Not Implemented) @ http://localhost:3119/api/v1/admin/impersonate:0
[22523454ms] [ERROR] Failed to load resource: the server responded with a status of 501 (Not Implemented) @ http://localhost:3119/api/v1/admin/impersonate:0
[22532863ms] [ERROR] Failed to load resource: the server responded with a status of 503 (Service Unavailable) @ http://localhost:3119/api/v1/system/health:0
[22553470ms] [ERROR] Failed to load resource: the server responded with a status of 501 (Not Implemented) @ http://localhost:3119/api/v1/admin/impersonate:0
[22553481ms] [ERROR] Failed to load resource: the server responded with a status of 501 (Not Implemented) @ http://localhost:3119/api/v1/admin/impersonate:0
[22562879ms] [ERROR] Failed to load resource: the server responded with a status of 503 (Service Unavailable) @ http://localhost:3119/api/v1/system/health:0
[22583497ms] [ERROR] Failed to load resource: the server responded with a status of 501 (Not Implemented) @ http://localhost:3119/api/v1/admin/impersonate:0
[22583506ms] [ERROR] Failed to load resource: the server responded with a status of 501 (Not Implemented) @ http://localhost:3119/api/v1/admin/impersonate:0
[22592893ms] [ERROR] Failed to load resource: the server responded with a status of 503 (Service Unavailable) @ http://localhost:3119/api/v1/system/health:0
[22613517ms] [ERROR] Failed to load resource: the server responded with a status of 501 (Not Implemented) @ http://localhost:3119/api/v1/admin/impersonate:0
[22613526ms] [ERROR] Failed to load resource: the server responded with a status of 501 (Not Implemented) @ http://localhost:3119/api/v1/admin/impersonate:0
[22622909ms] [ERROR] Failed to load resource: the server responded with a status of 503 (Service Unavailable) @ http://localhost:3119/api/v1/system/health:0
[22643538ms] [ERROR] Failed to load resource: the server responded with a status of 501 (Not Implemented) @ http://localhost:3119/api/v1/admin/impersonate:0
[22643547ms] [ERROR] Failed to load resource: the server responded with a status of 501 (Not Implemented) @ http://localhost:3119/api/v1/admin/impersonate:0
[22652924ms] [ERROR] Failed to load resource: the server responded with a status of 503 (Service Unavailable) @ http://localhost:3119/api/v1/system/health:0
[22673564ms] [ERROR] Failed to load resource: the server responded with a status of 501 (Not Implemented) @ http://localhost:3119/api/v1/admin/impersonate:0
[22673572ms] [ERROR] Failed to load resource: the server responded with a status of 501 (Not Implemented) @ http://localhost:3119/api/v1/admin/impersonate:0
[22682943ms] [ERROR] Failed to load resource: the server responded with a status of 503 (Service Unavailable) @ http://localhost:3119/api/v1/system/health:0
[22703583ms] [ERROR] Failed to load resource: the server responded with a status of 501 (Not Implemented) @ http://localhost:3119/api/v1/admin/impersonate:0
[22703592ms] [ERROR] Failed to load resource: the server responded with a status of 501 (Not Implemented) @ http://localhost:3119/api/v1/admin/impersonate:0
[22712959ms] [ERROR] Failed to load resource: the server responded with a status of 503 (Service Unavailable) @ http://localhost:3119/api/v1/system/health:0
[22733608ms] [ERROR] Failed to load resource: the server responded with a status of 501 (Not Implemented) @ http://localhost:3119/api/v1/admin/impersonate:0
[22733620ms] [ERROR] Failed to load resource: the server responded with a status of 501 (Not Implemented) @ http://localhost:3119/api/v1/admin/impersonate:0
[22742976ms] [ERROR] Failed to load resource: the server responded with a status of 503 (Service Unavailable) @ http://localhost:3119/api/v1/system/health:0
[22763633ms] [ERROR] Failed to load resource: the server responded with a status of 501 (Not Implemented) @ http://localhost:3119/api/v1/admin/impersonate:0
[22763658ms] [ERROR] Failed to load resource: the server responded with a status of 501 (Not Implemented) @ http://localhost:3119/api/v1/admin/impersonate:0
[22772992ms] [ERROR] Failed to load resource: the server responded with a status of 503 (Service Unavailable) @ http://localhost:3119/api/v1/system/health:0
[22793674ms] [ERROR] Failed to load resource: the server responded with a status of 501 (Not Implemented) @ http://localhost:3119/api/v1/admin/impersonate:0
[22793683ms] [ERROR] Failed to load resource: the server responded with a status of 501 (Not Implemented) @ http://localhost:3119/api/v1/admin/impersonate:0
[22803022ms] [ERROR] Failed to load resource: the server responded with a status of 503 (Service Unavailable) @ http://localhost:3119/api/v1/system/health:0
[22823694ms] [ERROR] Failed to load resource: the server responded with a status of 501 (Not Implemented) @ http://localhost:3119/api/v1/admin/impersonate:0
[22823705ms] [ERROR] Failed to load resource: the server responded with a status of 501 (Not Implemented) @ http://localhost:3119/api/v1/admin/impersonate:0
[22833037ms] [ERROR] Failed to load resource: the server responded with a status of 503 (Service Unavailable) @ http://localhost:3119/api/v1/system/health:0
[22853719ms] [ERROR] Failed to load resource: the server responded with a status of 501 (Not Implemented) @ http://localhost:3119/api/v1/admin/impersonate:0
[22853730ms] [ERROR] Failed to load resource: the server responded with a status of 501 (Not Implemented) @ http://localhost:3119/api/v1/admin/impersonate:0
[22863141ms] [ERROR] Failed to load resource: the server responded with a status of 503 (Service Unavailable) @ http://localhost:3119/api/v1/system/health:0
[22883744ms] [ERROR] Failed to load resource: the server responded with a status of 501 (Not Implemented) @ http://localhost:3119/api/v1/admin/impersonate:0
[22883754ms] [ERROR] Failed to load resource: the server responded with a status of 501 (Not Implemented) @ http://localhost:3119/api/v1/admin/impersonate:0
[22893165ms] [ERROR] Failed to load resource: the server responded with a status of 503 (Service Unavailable) @ http://localhost:3119/api/v1/system/health:0
[22913771ms] [ERROR] Failed to load resource: the server responded with a status of 501 (Not Implemented) @ http://localhost:3119/api/v1/admin/impersonate:0
[22913782ms] [ERROR] Failed to load resource: the server responded with a status of 501 (Not Implemented) @ http://localhost:3119/api/v1/admin/impersonate:0
[22923182ms] [ERROR] Failed to load resource: the server responded with a status of 503 (Service Unavailable) @ http://localhost:3119/api/v1/system/health:0
[22943796ms] [ERROR] Failed to load resource: the server responded with a status of 501 (Not Implemented) @ http://localhost:3119/api/v1/admin/impersonate:0
[22943807ms] [ERROR] Failed to load resource: the server responded with a status of 501 (Not Implemented) @ http://localhost:3119/api/v1/admin/impersonate:0
[22953198ms] [ERROR] Failed to load resource: the server responded with a status of 503 (Service Unavailable) @ http://localhost:3119/api/v1/system/health:0
[22973821ms] [ERROR] Failed to load resource: the server responded with a status of 501 (Not Implemented) @ http://localhost:3119/api/v1/admin/impersonate:0
[22973831ms] [ERROR] Failed to load resource: the server responded with a status of 501 (Not Implemented) @ http://localhost:3119/api/v1/admin/impersonate:0
[22983216ms] [ERROR] Failed to load resource: the server responded with a status of 503 (Service Unavailable) @ http://localhost:3119/api/v1/system/health:0
[23003846ms] [ERROR] Failed to load resource: the server responded with a status of 501 (Not Implemented) @ http://localhost:3119/api/v1/admin/impersonate:0
[23003857ms] [ERROR] Failed to load resource: the server responded with a status of 501 (Not Implemented) @ http://localhost:3119/api/v1/admin/impersonate:0
[23013236ms] [ERROR] Failed to load resource: the server responded with a status of 503 (Service Unavailable) @ http://localhost:3119/api/v1/system/health:0
[23033868ms] [ERROR] Failed to load resource: the server responded with a status of 501 (Not Implemented) @ http://localhost:3119/api/v1/admin/impersonate:0
[23033878ms] [ERROR] Failed to load resource: the server responded with a status of 501 (Not Implemented) @ http://localhost:3119/api/v1/admin/impersonate:0
[23043250ms] [ERROR] Failed to load resource: the server responded with a status of 503 (Service Unavailable) @ http://localhost:3119/api/v1/system/health:0
[23063890ms] [ERROR] Failed to load resource: the server responded with a status of 501 (Not Implemented) @ http://localhost:3119/api/v1/admin/impersonate:0
[23063900ms] [ERROR] Failed to load resource: the server responded with a status of 501 (Not Implemented) @ http://localhost:3119/api/v1/admin/impersonate:0
[23073264ms] [ERROR] Failed to load resource: the server responded with a status of 503 (Service Unavailable) @ http://localhost:3119/api/v1/system/health:0
[23093916ms] [ERROR] Failed to load resource: the server responded with a status of 501 (Not Implemented) @ http://localhost:3119/api/v1/admin/impersonate:0
[23093925ms] [ERROR] Failed to load resource: the server responded with a status of 501 (Not Implemented) @ http://localhost:3119/api/v1/admin/impersonate:0
[23103275ms] [ERROR] Failed to load resource: the server responded with a status of 503 (Service Unavailable) @ http://localhost:3119/api/v1/system/health:0
[23123943ms] [ERROR] Failed to load resource: the server responded with a status of 501 (Not Implemented) @ http://localhost:3119/api/v1/admin/impersonate:0
[23123956ms] [ERROR] Failed to load resource: the server responded with a status of 501 (Not Implemented) @ http://localhost:3119/api/v1/admin/impersonate:0
[23133287ms] [ERROR] Failed to load resource: the server responded with a status of 503 (Service Unavailable) @ http://localhost:3119/api/v1/system/health:0
[23153971ms] [ERROR] Failed to load resource: the server responded with a status of 501 (Not Implemented) @ http://localhost:3119/api/v1/admin/impersonate:0
[23153983ms] [ERROR] Failed to load resource: the server responded with a status of 501 (Not Implemented) @ http://localhost:3119/api/v1/admin/impersonate:0
[23163304ms] [ERROR] Failed to load resource: the server responded with a status of 503 (Service Unavailable) @ http://localhost:3119/api/v1/system/health:0
[23184016ms] [ERROR] Failed to load resource: the server responded with a status of 501 (Not Implemented) @ http://localhost:3119/api/v1/admin/impersonate:0
[23184073ms] [ERROR] Failed to load resource: the server responded with a status of 501 (Not Implemented) @ http://localhost:3119/api/v1/admin/impersonate:0
[23193318ms] [ERROR] Failed to load resource: the server responded with a status of 503 (Service Unavailable) @ http://localhost:3119/api/v1/system/health:0
[23214099ms] [ERROR] Failed to load resource: the server responded with a status of 501 (Not Implemented) @ http://localhost:3119/api/v1/admin/impersonate:0
[23214136ms] [ERROR] Failed to load resource: the server responded with a status of 501 (Not Implemented) @ http://localhost:3119/api/v1/admin/impersonate:0
[23223332ms] [ERROR] Failed to load resource: the server responded with a status of 503 (Service Unavailable) @ http://localhost:3119/api/v1/system/health:0
[23244163ms] [ERROR] Failed to load resource: the server responded with a status of 501 (Not Implemented) @ http://localhost:3119/api/v1/admin/impersonate:0
[23244181ms] [ERROR] Failed to load resource: the server responded with a status of 501 (Not Implemented) @ http://localhost:3119/api/v1/admin/impersonate:0
[23253375ms] [ERROR] Failed to load resource: the server responded with a status of 503 (Service Unavailable) @ http://localhost:3119/api/v1/system/health:0
[23274206ms] [ERROR] Failed to load resource: the server responded with a status of 501 (Not Implemented) @ http://localhost:3119/api/v1/admin/impersonate:0
[23274220ms] [ERROR] Failed to load resource: the server responded with a status of 501 (Not Implemented) @ http://localhost:3119/api/v1/admin/impersonate:0
[23283619ms] [ERROR] Failed to load resource: the server responded with a status of 503 (Service Unavailable) @ http://localhost:3119/api/v1/system/health:0
[23304248ms] [ERROR] Failed to load resource: the server responded with a status of 501 (Not Implemented) @ http://localhost:3119/api/v1/admin/impersonate:0
[23304489ms] [ERROR] Failed to load resource: the server responded with a status of 501 (Not Implemented) @ http://localhost:3119/api/v1/admin/impersonate:0
[23313641ms] [ERROR] Failed to load resource: the server responded with a status of 503 (Service Unavailable) @ http://localhost:3119/api/v1/system/health:0
[23334569ms] [ERROR] Failed to load resource: the server responded with a status of 501 (Not Implemented) @ http://localhost:3119/api/v1/admin/impersonate:0
[23334588ms] [ERROR] Failed to load resource: the server responded with a status of 501 (Not Implemented) @ http://localhost:3119/api/v1/admin/impersonate:0
[23343662ms] [ERROR] Failed to load resource: the server responded with a status of 503 (Service Unavailable) @ http://localhost:3119/api/v1/system/health:0
[23364604ms] [ERROR] Failed to load resource: the server responded with a status of 501 (Not Implemented) @ http://localhost:3119/api/v1/admin/impersonate:0
[23364618ms] [ERROR] Failed to load resource: the server responded with a status of 501 (Not Implemented) @ http://localhost:3119/api/v1/admin/impersonate:0
[23373677ms] [ERROR] Failed to load resource: the server responded with a status of 503 (Service Unavailable) @ http://localhost:3119/api/v1/system/health:0
[23394645ms] [ERROR] Failed to load resource: the server responded with a status of 501 (Not Implemented) @ http://localhost:3119/api/v1/admin/impersonate:0
[23394664ms] [ERROR] Failed to load resource: the server responded with a status of 501 (Not Implemented) @ http://localhost:3119/api/v1/admin/impersonate:0
[23403695ms] [ERROR] Failed to load resource: the server responded with a status of 503 (Service Unavailable) @ http://localhost:3119/api/v1/system/health:0
[23424674ms] [ERROR] Failed to load resource: the server responded with a status of 501 (Not Implemented) @ http://localhost:3119/api/v1/admin/impersonate:0
[23424686ms] [ERROR] Failed to load resource: the server responded with a status of 501 (Not Implemented) @ http://localhost:3119/api/v1/admin/impersonate:0
[23433705ms] [ERROR] Failed to load resource: the server responded with a status of 503 (Service Unavailable) @ http://localhost:3119/api/v1/system/health:0
[23454699ms] [ERROR] Failed to load resource: the server responded with a status of 501 (Not Implemented) @ http://localhost:3119/api/v1/admin/impersonate:0
[23454711ms] [ERROR] Failed to load resource: the server responded with a status of 501 (Not Implemented) @ http://localhost:3119/api/v1/admin/impersonate:0
[23463721ms] [ERROR] Failed to load resource: the server responded with a status of 503 (Service Unavailable) @ http://localhost:3119/api/v1/system/health:0
[23484734ms] [ERROR] Failed to load resource: the server responded with a status of 501 (Not Implemented) @ http://localhost:3119/api/v1/admin/impersonate:0
[23484748ms] [ERROR] Failed to load resource: the server responded with a status of 501 (Not Implemented) @ http://localhost:3119/api/v1/admin/impersonate:0
[23493746ms] [ERROR] Failed to load resource: the server responded with a status of 503 (Service Unavailable) @ http://localhost:3119/api/v1/system/health:0
[23514761ms] [ERROR] Failed to load resource: the server responded with a status of 501 (Not Implemented) @ http://localhost:3119/api/v1/admin/impersonate:0
[23514773ms] [ERROR] Failed to load resource: the server responded with a status of 501 (Not Implemented) @ http://localhost:3119/api/v1/admin/impersonate:0
[23523760ms] [ERROR] Failed to load resource: the server responded with a status of 503 (Service Unavailable) @ http://localhost:3119/api/v1/system/health:0
[23544787ms] [ERROR] Failed to load resource: the server responded with a status of 501 (Not Implemented) @ http://localhost:3119/api/v1/admin/impersonate:0
[23544800ms] [ERROR] Failed to load resource: the server responded with a status of 501 (Not Implemented) @ http://localhost:3119/api/v1/admin/impersonate:0
[23553772ms] [ERROR] Failed to load resource: the server responded with a status of 503 (Service Unavailable) @ http://localhost:3119/api/v1/system/health:0
[23574816ms] [ERROR] Failed to load resource: the server responded with a status of 501 (Not Implemented) @ http://localhost:3119/api/v1/admin/impersonate:0
[23574827ms] [ERROR] Failed to load resource: the server responded with a status of 501 (Not Implemented) @ http://localhost:3119/api/v1/admin/impersonate:0
[23583787ms] [ERROR] Failed to load resource: the server responded with a status of 503 (Service Unavailable) @ http://localhost:3119/api/v1/system/health:0
[23604839ms] [ERROR] Failed to load resource: the server responded with a status of 501 (Not Implemented) @ http://localhost:3119/api/v1/admin/impersonate:0
[23604851ms] [ERROR] Failed to load resource: the server responded with a status of 501 (Not Implemented) @ http://localhost:3119/api/v1/admin/impersonate:0
[23613810ms] [ERROR] Failed to load resource: the server responded with a status of 503 (Service Unavailable) @ http://localhost:3119/api/v1/system/health:0
[23634864ms] [ERROR] Failed to load resource: the server responded with a status of 501 (Not Implemented) @ http://localhost:3119/api/v1/admin/impersonate:0
[23634875ms] [ERROR] Failed to load resource: the server responded with a status of 501 (Not Implemented) @ http://localhost:3119/api/v1/admin/impersonate:0
[23643822ms] [ERROR] Failed to load resource: the server responded with a status of 503 (Service Unavailable) @ http://localhost:3119/api/v1/system/health:0
[23664890ms] [ERROR] Failed to load resource: the server responded with a status of 501 (Not Implemented) @ http://localhost:3119/api/v1/admin/impersonate:0
[23664901ms] [ERROR] Failed to load resource: the server responded with a status of 501 (Not Implemented) @ http://localhost:3119/api/v1/admin/impersonate:0
[23673834ms] [ERROR] Failed to load resource: the server responded with a status of 503 (Service Unavailable) @ http://localhost:3119/api/v1/system/health:0
[23694918ms] [ERROR] Failed to load resource: the server responded with a status of 501 (Not Implemented) @ http://localhost:3119/api/v1/admin/impersonate:0
[23694928ms] [ERROR] Failed to load resource: the server responded with a status of 501 (Not Implemented) @ http://localhost:3119/api/v1/admin/impersonate:0
[23703850ms] [ERROR] Failed to load resource: the server responded with a status of 503 (Service Unavailable) @ http://localhost:3119/api/v1/system/health:0
[23724941ms] [ERROR] Failed to load resource: the server responded with a status of 501 (Not Implemented) @ http://localhost:3119/api/v1/admin/impersonate:0
[23724952ms] [ERROR] Failed to load resource: the server responded with a status of 501 (Not Implemented) @ http://localhost:3119/api/v1/admin/impersonate:0
[23733868ms] [ERROR] Failed to load resource: the server responded with a status of 503 (Service Unavailable) @ http://localhost:3119/api/v1/system/health:0
[23754970ms] [ERROR] Failed to load resource: the server responded with a status of 501 (Not Implemented) @ http://localhost:3119/api/v1/admin/impersonate:0
[23754980ms] [ERROR] Failed to load resource: the server responded with a status of 501 (Not Implemented) @ http://localhost:3119/api/v1/admin/impersonate:0
[23763888ms] [ERROR] Failed to load resource: the server responded with a status of 503 (Service Unavailable) @ http://localhost:3119/api/v1/system/health:0
[23784993ms] [ERROR] Failed to load resource: the server responded with a status of 501 (Not Implemented) @ http://localhost:3119/api/v1/admin/impersonate:0
[23785002ms] [ERROR] Failed to load resource: the server responded with a status of 501 (Not Implemented) @ http://localhost:3119/api/v1/admin/impersonate:0
[23793903ms] [ERROR] Failed to load resource: the server responded with a status of 503 (Service Unavailable) @ http://localhost:3119/api/v1/system/health:0
[23815019ms] [ERROR] Failed to load resource: the server responded with a status of 501 (Not Implemented) @ http://localhost:3119/api/v1/admin/impersonate:0
[23815031ms] [ERROR] Failed to load resource: the server responded with a status of 501 (Not Implemented) @ http://localhost:3119/api/v1/admin/impersonate:0
[23823923ms] [ERROR] Failed to load resource: the server responded with a status of 503 (Service Unavailable) @ http://localhost:3119/api/v1/system/health:0
[23845049ms] [ERROR] Failed to load resource: the server responded with a status of 501 (Not Implemented) @ http://localhost:3119/api/v1/admin/impersonate:0
[23845060ms] [ERROR] Failed to load resource: the server responded with a status of 501 (Not Implemented) @ http://localhost:3119/api/v1/admin/impersonate:0
[23853936ms] [ERROR] Failed to load resource: the server responded with a status of 503 (Service Unavailable) @ http://localhost:3119/api/v1/system/health:0
[23875080ms] [ERROR] Failed to load resource: the server responded with a status of 501 (Not Implemented) @ http://localhost:3119/api/v1/admin/impersonate:0
[23875092ms] [ERROR] Failed to load resource: the server responded with a status of 501 (Not Implemented) @ http://localhost:3119/api/v1/admin/impersonate:0
[23883949ms] [ERROR] Failed to load resource: the server responded with a status of 503 (Service Unavailable) @ http://localhost:3119/api/v1/system/health:0
[23905103ms] [ERROR] Failed to load resource: the server responded with a status of 501 (Not Implemented) @ http://localhost:3119/api/v1/admin/impersonate:0
[23905113ms] [ERROR] Failed to load resource: the server responded with a status of 501 (Not Implemented) @ http://localhost:3119/api/v1/admin/impersonate:0
[23913975ms] [ERROR] Failed to load resource: the server responded with a status of 503 (Service Unavailable) @ http://localhost:3119/api/v1/system/health:0
[23935124ms] [ERROR] Failed to load resource: the server responded with a status of 501 (Not Implemented) @ http://localhost:3119/api/v1/admin/impersonate:0
[23935135ms] [ERROR] Failed to load resource: the server responded with a status of 501 (Not Implemented) @ http://localhost:3119/api/v1/admin/impersonate:0
[23943986ms] [ERROR] Failed to load resource: the server responded with a status of 503 (Service Unavailable) @ http://localhost:3119/api/v1/system/health:0
[23965145ms] [ERROR] Failed to load resource: the server responded with a status of 501 (Not Implemented) @ http://localhost:3119/api/v1/admin/impersonate:0
[23965154ms] [ERROR] Failed to load resource: the server responded with a status of 501 (Not Implemented) @ http://localhost:3119/api/v1/admin/impersonate:0
[23973998ms] [ERROR] Failed to load resource: the server responded with a status of 503 (Service Unavailable) @ http://localhost:3119/api/v1/system/health:0
[23995172ms] [ERROR] Failed to load resource: the server responded with a status of 501 (Not Implemented) @ http://localhost:3119/api/v1/admin/impersonate:0
[23995183ms] [ERROR] Failed to load resource: the server responded with a status of 501 (Not Implemented) @ http://localhost:3119/api/v1/admin/impersonate:0
[24004013ms] [ERROR] Failed to load resource: the server responded with a status of 503 (Service Unavailable) @ http://localhost:3119/api/v1/system/health:0
[24025192ms] [ERROR] Failed to load resource: the server responded with a status of 501 (Not Implemented) @ http://localhost:3119/api/v1/admin/impersonate:0
[24025203ms] [ERROR] Failed to load resource: the server responded with a status of 501 (Not Implemented) @ http://localhost:3119/api/v1/admin/impersonate:0
[24034026ms] [ERROR] Failed to load resource: the server responded with a status of 503 (Service Unavailable) @ http://localhost:3119/api/v1/system/health:0
[24055216ms] [ERROR] Failed to load resource: the server responded with a status of 501 (Not Implemented) @ http://localhost:3119/api/v1/admin/impersonate:0
[24055227ms] [ERROR] Failed to load resource: the server responded with a status of 501 (Not Implemented) @ http://localhost:3119/api/v1/admin/impersonate:0
[24064043ms] [ERROR] Failed to load resource: the server responded with a status of 503 (Service Unavailable) @ http://localhost:3119/api/v1/system/health:0
[24085241ms] [ERROR] Failed to load resource: the server responded with a status of 501 (Not Implemented) @ http://localhost:3119/api/v1/admin/impersonate:0
[24085252ms] [ERROR] Failed to load resource: the server responded with a status of 501 (Not Implemented) @ http://localhost:3119/api/v1/admin/impersonate:0
[24094056ms] [ERROR] Failed to load resource: the server responded with a status of 503 (Service Unavailable) @ http://localhost:3119/api/v1/system/health:0
[24115270ms] [ERROR] Failed to load resource: the server responded with a status of 501 (Not Implemented) @ http://localhost:3119/api/v1/admin/impersonate:0
[24115281ms] [ERROR] Failed to load resource: the server responded with a status of 501 (Not Implemented) @ http://localhost:3119/api/v1/admin/impersonate:0
[24124068ms] [ERROR] Failed to load resource: the server responded with a status of 503 (Service Unavailable) @ http://localhost:3119/api/v1/system/health:0
[24145293ms] [ERROR] Failed to load resource: the server responded with a status of 501 (Not Implemented) @ http://localhost:3119/api/v1/admin/impersonate:0
[24145304ms] [ERROR] Failed to load resource: the server responded with a status of 501 (Not Implemented) @ http://localhost:3119/api/v1/admin/impersonate:0
[24154088ms] [ERROR] Failed to load resource: the server responded with a status of 503 (Service Unavailable) @ http://localhost:3119/api/v1/system/health:0
[24175318ms] [ERROR] Failed to load resource: the server responded with a status of 501 (Not Implemented) @ http://localhost:3119/api/v1/admin/impersonate:0
[24175329ms] [ERROR] Failed to load resource: the server responded with a status of 501 (Not Implemented) @ http://localhost:3119/api/v1/admin/impersonate:0
[24184104ms] [ERROR] Failed to load resource: the server responded with a status of 503 (Service Unavailable) @ http://localhost:3119/api/v1/system/health:0
[24205343ms] [ERROR] Failed to load resource: the server responded with a status of 501 (Not Implemented) @ http://localhost:3119/api/v1/admin/impersonate:0
[24205352ms] [ERROR] Failed to load resource: the server responded with a status of 501 (Not Implemented) @ http://localhost:3119/api/v1/admin/impersonate:0
[24214128ms] [ERROR] Failed to load resource: the server responded with a status of 503 (Service Unavailable) @ http://localhost:3119/api/v1/system/health:0
[24235369ms] [ERROR] Failed to load resource: the server responded with a status of 501 (Not Implemented) @ http://localhost:3119/api/v1/admin/impersonate:0
[24235379ms] [ERROR] Failed to load resource: the server responded with a status of 501 (Not Implemented) @ http://localhost:3119/api/v1/admin/impersonate:0
[24244138ms] [ERROR] Failed to load resource: the server responded with a status of 503 (Service Unavailable) @ http://localhost:3119/api/v1/system/health:0
[24265395ms] [ERROR] Failed to load resource: the server responded with a status of 501 (Not Implemented) @ http://localhost:3119/api/v1/admin/impersonate:0
[24265404ms] [ERROR] Failed to load resource: the server responded with a status of 501 (Not Implemented) @ http://localhost:3119/api/v1/admin/impersonate:0
[24274154ms] [ERROR] Failed to load resource: the server responded with a status of 503 (Service Unavailable) @ http://localhost:3119/api/v1/system/health:0
[24295414ms] [ERROR] Failed to load resource: the server responded with a status of 501 (Not Implemented) @ http://localhost:3119/api/v1/admin/impersonate:0
[24295423ms] [ERROR] Failed to load resource: the server responded with a status of 501 (Not Implemented) @ http://localhost:3119/api/v1/admin/impersonate:0
[24304170ms] [ERROR] Failed to load resource: the server responded with a status of 503 (Service Unavailable) @ http://localhost:3119/api/v1/system/health:0
[24325438ms] [ERROR] Failed to load resource: the server responded with a status of 501 (Not Implemented) @ http://localhost:3119/api/v1/admin/impersonate:0
[24325447ms] [ERROR] Failed to load resource: the server responded with a status of 501 (Not Implemented) @ http://localhost:3119/api/v1/admin/impersonate:0
[24334183ms] [ERROR] Failed to load resource: the server responded with a status of 503 (Service Unavailable) @ http://localhost:3119/api/v1/system/health:0
[24355463ms] [ERROR] Failed to load resource: the server responded with a status of 501 (Not Implemented) @ http://localhost:3119/api/v1/admin/impersonate:0
[24355474ms] [ERROR] Failed to load resource: the server responded with a status of 501 (Not Implemented) @ http://localhost:3119/api/v1/admin/impersonate:0
[24364202ms] [ERROR] Failed to load resource: the server responded with a status of 503 (Service Unavailable) @ http://localhost:3119/api/v1/system/health:0
[24385487ms] [ERROR] Failed to load resource: the server responded with a status of 501 (Not Implemented) @ http://localhost:3119/api/v1/admin/impersonate:0
[24385497ms] [ERROR] Failed to load resource: the server responded with a status of 501 (Not Implemented) @ http://localhost:3119/api/v1/admin/impersonate:0
[24394216ms] [ERROR] Failed to load resource: the server responded with a status of 503 (Service Unavailable) @ http://localhost:3119/api/v1/system/health:0
[24415508ms] [ERROR] Failed to load resource: the server responded with a status of 501 (Not Implemented) @ http://localhost:3119/api/v1/admin/impersonate:0
[24415518ms] [ERROR] Failed to load resource: the server responded with a status of 501 (Not Implemented) @ http://localhost:3119/api/v1/admin/impersonate:0
[24424236ms] [ERROR] Failed to load resource: the server responded with a status of 503 (Service Unavailable) @ http://localhost:3119/api/v1/system/health:0
[24445528ms] [ERROR] Failed to load resource: the server responded with a status of 501 (Not Implemented) @ http://localhost:3119/api/v1/admin/impersonate:0
[24445537ms] [ERROR] Failed to load resource: the server responded with a status of 501 (Not Implemented) @ http://localhost:3119/api/v1/admin/impersonate:0
[24454253ms] [ERROR] Failed to load resource: the server responded with a status of 503 (Service Unavailable) @ http://localhost:3119/api/v1/system/health:0
[24475552ms] [ERROR] Failed to load resource: the server responded with a status of 501 (Not Implemented) @ http://localhost:3119/api/v1/admin/impersonate:0
[24475561ms] [ERROR] Failed to load resource: the server responded with a status of 501 (Not Implemented) @ http://localhost:3119/api/v1/admin/impersonate:0
[24484271ms] [ERROR] Failed to load resource: the server responded with a status of 503 (Service Unavailable) @ http://localhost:3119/api/v1/system/health:0
[24505577ms] [ERROR] Failed to load resource: the server responded with a status of 501 (Not Implemented) @ http://localhost:3119/api/v1/admin/impersonate:0
[24505586ms] [ERROR] Failed to load resource: the server responded with a status of 501 (Not Implemented) @ http://localhost:3119/api/v1/admin/impersonate:0
[24514288ms] [ERROR] Failed to load resource: the server responded with a status of 503 (Service Unavailable) @ http://localhost:3119/api/v1/system/health:0
[24535600ms] [ERROR] Failed to load resource: the server responded with a status of 501 (Not Implemented) @ http://localhost:3119/api/v1/admin/impersonate:0
[24535611ms] [ERROR] Failed to load resource: the server responded with a status of 501 (Not Implemented) @ http://localhost:3119/api/v1/admin/impersonate:0
[24544305ms] [ERROR] Failed to load resource: the server responded with a status of 503 (Service Unavailable) @ http://localhost:3119/api/v1/system/health:0
[24565628ms] [ERROR] Failed to load resource: the server responded with a status of 501 (Not Implemented) @ http://localhost:3119/api/v1/admin/impersonate:0
[24565637ms] [ERROR] Failed to load resource: the server responded with a status of 501 (Not Implemented) @ http://localhost:3119/api/v1/admin/impersonate:0
[24574322ms] [ERROR] Failed to load resource: the server responded with a status of 503 (Service Unavailable) @ http://localhost:3119/api/v1/system/health:0
[24595650ms] [ERROR] Failed to load resource: the server responded with a status of 501 (Not Implemented) @ http://localhost:3119/api/v1/admin/impersonate:0
[24595660ms] [ERROR] Failed to load resource: the server responded with a status of 501 (Not Implemented) @ http://localhost:3119/api/v1/admin/impersonate:0
[24604338ms] [ERROR] Failed to load resource: the server responded with a status of 503 (Service Unavailable) @ http://localhost:3119/api/v1/system/health:0
[24625671ms] [ERROR] Failed to load resource: the server responded with a status of 501 (Not Implemented) @ http://localhost:3119/api/v1/admin/impersonate:0
[24625682ms] [ERROR] Failed to load resource: the server responded with a status of 501 (Not Implemented) @ http://localhost:3119/api/v1/admin/impersonate:0
[24634351ms] [ERROR] Failed to load resource: the server responded with a status of 503 (Service Unavailable) @ http://localhost:3119/api/v1/system/health:0
[24655701ms] [ERROR] Failed to load resource: the server responded with a status of 501 (Not Implemented) @ http://localhost:3119/api/v1/admin/impersonate:0
[24655711ms] [ERROR] Failed to load resource: the server responded with a status of 501 (Not Implemented) @ http://localhost:3119/api/v1/admin/impersonate:0
[24664368ms] [ERROR] Failed to load resource: the server responded with a status of 503 (Service Unavailable) @ http://localhost:3119/api/v1/system/health:0
[24685723ms] [ERROR] Failed to load resource: the server responded with a status of 501 (Not Implemented) @ http://localhost:3119/api/v1/admin/impersonate:0
[24685735ms] [ERROR] Failed to load resource: the server responded with a status of 501 (Not Implemented) @ http://localhost:3119/api/v1/admin/impersonate:0
[24694384ms] [ERROR] Failed to load resource: the server responded with a status of 503 (Service Unavailable) @ http://localhost:3119/api/v1/system/health:0
[24715750ms] [ERROR] Failed to load resource: the server responded with a status of 501 (Not Implemented) @ http://localhost:3119/api/v1/admin/impersonate:0
[24715760ms] [ERROR] Failed to load resource: the server responded with a status of 501 (Not Implemented) @ http://localhost:3119/api/v1/admin/impersonate:0
[24724398ms] [ERROR] Failed to load resource: the server responded with a status of 503 (Service Unavailable) @ http://localhost:3119/api/v1/system/health:0
[24745779ms] [ERROR] Failed to load resource: the server responded with a status of 501 (Not Implemented) @ http://localhost:3119/api/v1/admin/impersonate:0
[24745793ms] [ERROR] Failed to load resource: the server responded with a status of 501 (Not Implemented) @ http://localhost:3119/api/v1/admin/impersonate:0
[24754413ms] [ERROR] Failed to load resource: the server responded with a status of 503 (Service Unavailable) @ http://localhost:3119/api/v1/system/health:0
[24775805ms] [ERROR] Failed to load resource: the server responded with a status of 501 (Not Implemented) @ http://localhost:3119/api/v1/admin/impersonate:0
[24775816ms] [ERROR] Failed to load resource: the server responded with a status of 501 (Not Implemented) @ http://localhost:3119/api/v1/admin/impersonate:0
[24784426ms] [ERROR] Failed to load resource: the server responded with a status of 503 (Service Unavailable) @ http://localhost:3119/api/v1/system/health:0
[24805828ms] [ERROR] Failed to load resource: the server responded with a status of 501 (Not Implemented) @ http://localhost:3119/api/v1/admin/impersonate:0
[24805840ms] [ERROR] Failed to load resource: the server responded with a status of 501 (Not Implemented) @ http://localhost:3119/api/v1/admin/impersonate:0
[24814446ms] [ERROR] Failed to load resource: the server responded with a status of 503 (Service Unavailable) @ http://localhost:3119/api/v1/system/health:0
[24835860ms] [ERROR] Failed to load resource: the server responded with a status of 501 (Not Implemented) @ http://localhost:3119/api/v1/admin/impersonate:0
[24835874ms] [ERROR] Failed to load resource: the server responded with a status of 501 (Not Implemented) @ http://localhost:3119/api/v1/admin/impersonate:0
[24844462ms] [ERROR] Failed to load resource: the server responded with a status of 503 (Service Unavailable) @ http://localhost:3119/api/v1/system/health:0
[24865886ms] [ERROR] Failed to load resource: the server responded with a status of 501 (Not Implemented) @ http://localhost:3119/api/v1/admin/impersonate:0
[24865895ms] [ERROR] Failed to load resource: the server responded with a status of 501 (Not Implemented) @ http://localhost:3119/api/v1/admin/impersonate:0
[24874476ms] [ERROR] Failed to load resource: the server responded with a status of 503 (Service Unavailable) @ http://localhost:3119/api/v1/system/health:0
[24895912ms] [ERROR] Failed to load resource: the server responded with a status of 501 (Not Implemented) @ http://localhost:3119/api/v1/admin/impersonate:0
[24895923ms] [ERROR] Failed to load resource: the server responded with a status of 501 (Not Implemented) @ http://localhost:3119/api/v1/admin/impersonate:0
[24904494ms] [ERROR] Failed to load resource: the server responded with a status of 503 (Service Unavailable) @ http://localhost:3119/api/v1/system/health:0
[24925937ms] [ERROR] Failed to load resource: the server responded with a status of 501 (Not Implemented) @ http://localhost:3119/api/v1/admin/impersonate:0
[24925949ms] [ERROR] Failed to load resource: the server responded with a status of 501 (Not Implemented) @ http://localhost:3119/api/v1/admin/impersonate:0
[24934507ms] [ERROR] Failed to load resource: the server responded with a status of 503 (Service Unavailable) @ http://localhost:3119/api/v1/system/health:0
[24955966ms] [ERROR] Failed to load resource: the server responded with a status of 501 (Not Implemented) @ http://localhost:3119/api/v1/admin/impersonate:0
[24955981ms] [ERROR] Failed to load resource: the server responded with a status of 501 (Not Implemented) @ http://localhost:3119/api/v1/admin/impersonate:0
[24964524ms] [ERROR] Failed to load resource: the server responded with a status of 503 (Service Unavailable) @ http://localhost:3119/api/v1/system/health:0
[24985992ms] [ERROR] Failed to load resource: the server responded with a status of 501 (Not Implemented) @ http://localhost:3119/api/v1/admin/impersonate:0
[24986002ms] [ERROR] Failed to load resource: the server responded with a status of 501 (Not Implemented) @ http://localhost:3119/api/v1/admin/impersonate:0
[24994540ms] [ERROR] Failed to load resource: the server responded with a status of 503 (Service Unavailable) @ http://localhost:3119/api/v1/system/health:0
[25016018ms] [ERROR] Failed to load resource: the server responded with a status of 501 (Not Implemented) @ http://localhost:3119/api/v1/admin/impersonate:0
[25016029ms] [ERROR] Failed to load resource: the server responded with a status of 501 (Not Implemented) @ http://localhost:3119/api/v1/admin/impersonate:0
[25024557ms] [ERROR] Failed to load resource: the server responded with a status of 503 (Service Unavailable) @ http://localhost:3119/api/v1/system/health:0
[25046042ms] [ERROR] Failed to load resource: the server responded with a status of 501 (Not Implemented) @ http://localhost:3119/api/v1/admin/impersonate:0
[25046053ms] [ERROR] Failed to load resource: the server responded with a status of 501 (Not Implemented) @ http://localhost:3119/api/v1/admin/impersonate:0
[25054572ms] [ERROR] Failed to load resource: the server responded with a status of 503 (Service Unavailable) @ http://localhost:3119/api/v1/system/health:0
[25076068ms] [ERROR] Failed to load resource: the server responded with a status of 501 (Not Implemented) @ http://localhost:3119/api/v1/admin/impersonate:0
[25076078ms] [ERROR] Failed to load resource: the server responded with a status of 501 (Not Implemented) @ http://localhost:3119/api/v1/admin/impersonate:0
[25084587ms] [ERROR] Failed to load resource: the server responded with a status of 503 (Service Unavailable) @ http://localhost:3119/api/v1/system/health:0
[25106097ms] [ERROR] Failed to load resource: the server responded with a status of 501 (Not Implemented) @ http://localhost:3119/api/v1/admin/impersonate:0
[25106106ms] [ERROR] Failed to load resource: the server responded with a status of 501 (Not Implemented) @ http://localhost:3119/api/v1/admin/impersonate:0
[25114601ms] [ERROR] Failed to load resource: the server responded with a status of 503 (Service Unavailable) @ http://localhost:3119/api/v1/system/health:0
[25136117ms] [ERROR] Failed to load resource: the server responded with a status of 501 (Not Implemented) @ http://localhost:3119/api/v1/admin/impersonate:0
[25136129ms] [ERROR] Failed to load resource: the server responded with a status of 501 (Not Implemented) @ http://localhost:3119/api/v1/admin/impersonate:0
[25144618ms] [ERROR] Failed to load resource: the server responded with a status of 503 (Service Unavailable) @ http://localhost:3119/api/v1/system/health:0
[25166143ms] [ERROR] Failed to load resource: the server responded with a status of 501 (Not Implemented) @ http://localhost:3119/api/v1/admin/impersonate:0
[25166154ms] [ERROR] Failed to load resource: the server responded with a status of 501 (Not Implemented) @ http://localhost:3119/api/v1/admin/impersonate:0
[25174636ms] [ERROR] Failed to load resource: the server responded with a status of 503 (Service Unavailable) @ http://localhost:3119/api/v1/system/health:0
[25196166ms] [ERROR] Failed to load resource: the server responded with a status of 501 (Not Implemented) @ http://localhost:3119/api/v1/admin/impersonate:0
[25196178ms] [ERROR] Failed to load resource: the server responded with a status of 501 (Not Implemented) @ http://localhost:3119/api/v1/admin/impersonate:0
[25204652ms] [ERROR] Failed to load resource: the server responded with a status of 503 (Service Unavailable) @ http://localhost:3119/api/v1/system/health:0
[25226195ms] [ERROR] Failed to load resource: the server responded with a status of 501 (Not Implemented) @ http://localhost:3119/api/v1/admin/impersonate:0
[25226204ms] [ERROR] Failed to load resource: the server responded with a status of 501 (Not Implemented) @ http://localhost:3119/api/v1/admin/impersonate:0
[25234671ms] [ERROR] Failed to load resource: the server responded with a status of 503 (Service Unavailable) @ http://localhost:3119/api/v1/system/health:0
[25256226ms] [ERROR] Failed to load resource: the server responded with a status of 501 (Not Implemented) @ http://localhost:3119/api/v1/admin/impersonate:0
[25256242ms] [ERROR] Failed to load resource: the server responded with a status of 501 (Not Implemented) @ http://localhost:3119/api/v1/admin/impersonate:0
[25264696ms] [ERROR] Failed to load resource: the server responded with a status of 503 (Service Unavailable) @ http://localhost:3119/api/v1/system/health:0
[25286262ms] [ERROR] Failed to load resource: the server responded with a status of 501 (Not Implemented) @ http://localhost:3119/api/v1/admin/impersonate:0
[25286281ms] [ERROR] Failed to load resource: the server responded with a status of 501 (Not Implemented) @ http://localhost:3119/api/v1/admin/impersonate:0
[25294716ms] [ERROR] Failed to load resource: the server responded with a status of 503 (Service Unavailable) @ http://localhost:3119/api/v1/system/health:0
[25316295ms] [ERROR] Failed to load resource: the server responded with a status of 501 (Not Implemented) @ http://localhost:3119/api/v1/admin/impersonate:0
[25316307ms] [ERROR] Failed to load resource: the server responded with a status of 501 (Not Implemented) @ http://localhost:3119/api/v1/admin/impersonate:0
[25324730ms] [ERROR] Failed to load resource: the server responded with a status of 503 (Service Unavailable) @ http://localhost:3119/api/v1/system/health:0
[25346327ms] [ERROR] Failed to load resource: the server responded with a status of 501 (Not Implemented) @ http://localhost:3119/api/v1/admin/impersonate:0
[25346339ms] [ERROR] Failed to load resource: the server responded with a status of 501 (Not Implemented) @ http://localhost:3119/api/v1/admin/impersonate:0
[25354748ms] [ERROR] Failed to load resource: the server responded with a status of 503 (Service Unavailable) @ http://localhost:3119/api/v1/system/health:0
[25376362ms] [ERROR] Failed to load resource: the server responded with a status of 501 (Not Implemented) @ http://localhost:3119/api/v1/admin/impersonate:0
[25376380ms] [ERROR] Failed to load resource: the server responded with a status of 501 (Not Implemented) @ http://localhost:3119/api/v1/admin/impersonate:0
[25384774ms] [ERROR] Failed to load resource: the server responded with a status of 503 (Service Unavailable) @ http://localhost:3119/api/v1/system/health:0
[25406391ms] [ERROR] Failed to load resource: the server responded with a status of 501 (Not Implemented) @ http://localhost:3119/api/v1/admin/impersonate:0
[25406402ms] [ERROR] Failed to load resource: the server responded with a status of 501 (Not Implemented) @ http://localhost:3119/api/v1/admin/impersonate:0
[25414792ms] [ERROR] Failed to load resource: the server responded with a status of 503 (Service Unavailable) @ http://localhost:3119/api/v1/system/health:0
[25436419ms] [ERROR] Failed to load resource: the server responded with a status of 501 (Not Implemented) @ http://localhost:3119/api/v1/admin/impersonate:0
[25436428ms] [ERROR] Failed to load resource: the server responded with a status of 501 (Not Implemented) @ http://localhost:3119/api/v1/admin/impersonate:0
[25444810ms] [ERROR] Failed to load resource: the server responded with a status of 503 (Service Unavailable) @ http://localhost:3119/api/v1/system/health:0
[25466444ms] [ERROR] Failed to load resource: the server responded with a status of 501 (Not Implemented) @ http://localhost:3119/api/v1/admin/impersonate:0
[25466457ms] [ERROR] Failed to load resource: the server responded with a status of 501 (Not Implemented) @ http://localhost:3119/api/v1/admin/impersonate:0
[25474824ms] [ERROR] Failed to load resource: the server responded with a status of 503 (Service Unavailable) @ http://localhost:3119/api/v1/system/health:0
[25496468ms] [ERROR] Failed to load resource: the server responded with a status of 501 (Not Implemented) @ http://localhost:3119/api/v1/admin/impersonate:0
[25496478ms] [ERROR] Failed to load resource: the server responded with a status of 501 (Not Implemented) @ http://localhost:3119/api/v1/admin/impersonate:0
[25504835ms] [ERROR] Failed to load resource: the server responded with a status of 503 (Service Unavailable) @ http://localhost:3119/api/v1/system/health:0
[25526489ms] [ERROR] Failed to load resource: the server responded with a status of 501 (Not Implemented) @ http://localhost:3119/api/v1/admin/impersonate:0
[25526498ms] [ERROR] Failed to load resource: the server responded with a status of 501 (Not Implemented) @ http://localhost:3119/api/v1/admin/impersonate:0
[25534851ms] [ERROR] Failed to load resource: the server responded with a status of 503 (Service Unavailable) @ http://localhost:3119/api/v1/system/health:0
[25556515ms] [ERROR] Failed to load resource: the server responded with a status of 501 (Not Implemented) @ http://localhost:3119/api/v1/admin/impersonate:0
[25556525ms] [ERROR] Failed to load resource: the server responded with a status of 501 (Not Implemented) @ http://localhost:3119/api/v1/admin/impersonate:0
[25564865ms] [ERROR] Failed to load resource: the server responded with a status of 503 (Service Unavailable) @ http://localhost:3119/api/v1/system/health:0
[25586537ms] [ERROR] Failed to load resource: the server responded with a status of 501 (Not Implemented) @ http://localhost:3119/api/v1/admin/impersonate:0
[25586548ms] [ERROR] Failed to load resource: the server responded with a status of 501 (Not Implemented) @ http://localhost:3119/api/v1/admin/impersonate:0
[25594881ms] [ERROR] Failed to load resource: the server responded with a status of 503 (Service Unavailable) @ http://localhost:3119/api/v1/system/health:0
[25616583ms] [ERROR] Failed to load resource: the server responded with a status of 501 (Not Implemented) @ http://localhost:3119/api/v1/admin/impersonate:0
[25616611ms] [ERROR] Failed to load resource: the server responded with a status of 501 (Not Implemented) @ http://localhost:3119/api/v1/admin/impersonate:0
[25624900ms] [ERROR] Failed to load resource: the server responded with a status of 503 (Service Unavailable) @ http://localhost:3119/api/v1/system/health:0
[25646630ms] [ERROR] Failed to load resource: the server responded with a status of 501 (Not Implemented) @ http://localhost:3119/api/v1/admin/impersonate:0
[25646638ms] [ERROR] Failed to load resource: the server responded with a status of 501 (Not Implemented) @ http://localhost:3119/api/v1/admin/impersonate:0
[25654917ms] [ERROR] Failed to load resource: the server responded with a status of 503 (Service Unavailable) @ http://localhost:3119/api/v1/system/health:0
[25676654ms] [ERROR] Failed to load resource: the server responded with a status of 501 (Not Implemented) @ http://localhost:3119/api/v1/admin/impersonate:0
[25676663ms] [ERROR] Failed to load resource: the server responded with a status of 501 (Not Implemented) @ http://localhost:3119/api/v1/admin/impersonate:0
[25684932ms] [ERROR] Failed to load resource: the server responded with a status of 503 (Service Unavailable) @ http://localhost:3119/api/v1/system/health:0
[25706673ms] [ERROR] Failed to load resource: the server responded with a status of 501 (Not Implemented) @ http://localhost:3119/api/v1/admin/impersonate:0
[25706683ms] [ERROR] Failed to load resource: the server responded with a status of 501 (Not Implemented) @ http://localhost:3119/api/v1/admin/impersonate:0
[25714950ms] [ERROR] Failed to load resource: the server responded with a status of 503 (Service Unavailable) @ http://localhost:3119/api/v1/system/health:0
[25736696ms] [ERROR] Failed to load resource: the server responded with a status of 501 (Not Implemented) @ http://localhost:3119/api/v1/admin/impersonate:0
[25736706ms] [ERROR] Failed to load resource: the server responded with a status of 501 (Not Implemented) @ http://localhost:3119/api/v1/admin/impersonate:0
[25744966ms] [ERROR] Failed to load resource: the server responded with a status of 503 (Service Unavailable) @ http://localhost:3119/api/v1/system/health:0
[25766715ms] [ERROR] Failed to load resource: the server responded with a status of 501 (Not Implemented) @ http://localhost:3119/api/v1/admin/impersonate:0
[25766723ms] [ERROR] Failed to load resource: the server responded with a status of 501 (Not Implemented) @ http://localhost:3119/api/v1/admin/impersonate:0
[25774985ms] [ERROR] Failed to load resource: the server responded with a status of 503 (Service Unavailable) @ http://localhost:3119/api/v1/system/health:0
[25796733ms] [ERROR] Failed to load resource: the server responded with a status of 501 (Not Implemented) @ http://localhost:3119/api/v1/admin/impersonate:0
[25796742ms] [ERROR] Failed to load resource: the server responded with a status of 501 (Not Implemented) @ http://localhost:3119/api/v1/admin/impersonate:0
[25804999ms] [ERROR] Failed to load resource: the server responded with a status of 503 (Service Unavailable) @ http://localhost:3119/api/v1/system/health:0
[25826760ms] [ERROR] Failed to load resource: the server responded with a status of 501 (Not Implemented) @ http://localhost:3119/api/v1/admin/impersonate:0
[25826772ms] [ERROR] Failed to load resource: the server responded with a status of 501 (Not Implemented) @ http://localhost:3119/api/v1/admin/impersonate:0
[25835011ms] [ERROR] Failed to load resource: the server responded with a status of 503 (Service Unavailable) @ http://localhost:3119/api/v1/system/health:0
[25856786ms] [ERROR] Failed to load resource: the server responded with a status of 501 (Not Implemented) @ http://localhost:3119/api/v1/admin/impersonate:0
[25856795ms] [ERROR] Failed to load resource: the server responded with a status of 501 (Not Implemented) @ http://localhost:3119/api/v1/admin/impersonate:0
[25865028ms] [ERROR] Failed to load resource: the server responded with a status of 503 (Service Unavailable) @ http://localhost:3119/api/v1/system/health:0
[25886808ms] [ERROR] Failed to load resource: the server responded with a status of 501 (Not Implemented) @ http://localhost:3119/api/v1/admin/impersonate:0
[25886818ms] [ERROR] Failed to load resource: the server responded with a status of 501 (Not Implemented) @ http://localhost:3119/api/v1/admin/impersonate:0
[25895043ms] [ERROR] Failed to load resource: the server responded with a status of 503 (Service Unavailable) @ http://localhost:3119/api/v1/system/health:0
[25916829ms] [ERROR] Failed to load resource: the server responded with a status of 501 (Not Implemented) @ http://localhost:3119/api/v1/admin/impersonate:0
[25916842ms] [ERROR] Failed to load resource: the server responded with a status of 501 (Not Implemented) @ http://localhost:3119/api/v1/admin/impersonate:0
[25925066ms] [ERROR] Failed to load resource: the server responded with a status of 503 (Service Unavailable) @ http://localhost:3119/api/v1/system/health:0
[25946850ms] [ERROR] Failed to load resource: the server responded with a status of 501 (Not Implemented) @ http://localhost:3119/api/v1/admin/impersonate:0
[25946858ms] [ERROR] Failed to load resource: the server responded with a status of 501 (Not Implemented) @ http://localhost:3119/api/v1/admin/impersonate:0
